Multiple size <= 100
OK
Multiple size <= 500
TEST 1 ARG:158 -65 9 173 -184 7 -133 -121 -231 232 -180 -179 -139 61 44 -67 -8 92 161 200 143 117 201 -153 185 23 74 -169 -171 -177 -221 -181 235 -165 146 176 124 205 -228 60 -13 -205 111 -41 -152 -183 -197 -150 218 -207 165 -250 245 -129 207 -20 179 -185 -33 -120 -236 -36 -226 43 -127 121 -218 -7 127 -141 110 153 112 -77 -32 21 -203 91 139 229 -195 -55 178 70 10 86 94 16 90 27 65 130 -24 24 -74 -135 -151 211 209 -157 -248 46 -26 138 102 152 188 217 -54 204 79 -166 131 -58 -193 -19 197 177 160 183 114 234 133 -17 154 47 -244 -108 142 190 57 -63 208 -95 -106 -156 26 103 50 119 203 -6 123 76 64 -168 151 120 1 159 137 -242 -239 -37 241 169 109 -104 -46 -57 54 41 180 -136 -1 -16 -53 100 -134 -90 222 99 -71 97 -155 83 182 -138 51 -209 13 -247 -119 87 -223 -85 -143 69 -15 244 -43 -68 -51 -79 -210 96 52 -35 -170 132 -94 22 155 88 -240 187 106 15 -188 -69 -66 -102 125 -211 18 -83 239 -235 -99 95 144 12 -194 89 168 62 -103 -21 156 216 -52 227 174 -145 172 246 -14 -122 30 166 -31 49 -64 184 192 221 -167 -233 193 236 66 249 -2 -38 191 29 231 220 230 -189 -148 -201 38 -137 -44 39 -187 -202 163 34 243 -109 -45 20 -204 -92 55 53 58 -172 -220 -62 226 59 167 196 -245 -118 -87 0 73 -40 -191 4 -30 -237 -29 71 108 240 224 -101 -124 -130 -229 -131 -140 -10 8 -126 116 -163 -225 248 -215 136 -4 129 -214 -70 31 81 -96 228 37 14 -73 -114 -144 150 -60 -116 140 206 194 48 25 93 -158 238 -39 -89 215 -159 28 -234 198 -93 -217 3 -111 -49 98 80 242 -107 -219 -50 -112 237 -123 -100 -222 -249 107 -12 -117 17 45 101 -5 2 32 -18 -110 78 33 -75 -125 212 -48 171 -176 -198 -199 -182 141 -59 -162 -34 -132 134 -97 -243 -178 -224 -164 -61 162 -208 118 -128 -230 122 -200 247 -115 77 -91 -105 233 170 210 36 35 -149 -9 -22 164 214 175 -47 199 -146 84 157 -25 128 68 -154 115 -232 19 67 -227 42 202 -206 -28 75 -216 223 113 63 -86 181 -81 82 5 -147 -190 -84 -160 -173 148 6 -142 85 219 213 -113 56 -238 -241 186 -80 -175 -76 195 -186 105 -78 72 189 -213 -82 -246 -23 -192 145 225 -174 -27 -11 -98 -212 -196 126 147 -72 -42 104 -161 -3 -88 149 40 135 11 -56 
TEST 2 ARG:-42 137 135 241 126 -205 143 -178 96 239 -138 167 29 86 159 153 -62 -245 -115 -68 -244 246 212 146 196 -90 151 -43 198 76 -193 -101 156 37 133 -54 -225 -67 -80 81 161 247 -6 -57 215 184 27 44 225 -211 62 20 -77 -65 238 2 -248 -24 51 -249 -34 -99 58 -199 68 -78 56 -151 214 210 -149 195 -128 -118 -145 9 -5 -197 94 234 -221 -81 -157 113 183 -1 66 -21 -2 -155 231 173 -160 145 -170 -75 -111 110 120 -107 -190 -30 207 -237 12 181 150 -229 -4 -194 75 162 119 -116 -231 -185 -8 -104 171 -187 64 -56 211 124 -139 46 -112 59 80 170 -135 -234 206 84 65 78 148 16 163 200 -206 -69 179 25 -171 -66 197 223 236 121 -49 85 92 -168 -165 77 41 -214 -38 -28 -172 -191 55 -217 -48 219 217 -163 -85 109 -35 -204 218 71 -129 39 -159 -208 -58 -117 -11 103 -209 169 -173 40 186 97 93 -233 142 50 -121 199 3 220 -94 90 67 -243 -61 -153 185 244 -45 -180 -86 -134 11 -106 13 52 147 -246 -122 -146 43 -213 -72 -218 30 -186 240 -109 -93 26 190 60 118 88 10 -64 7 -156 175 -105 107 57 -162 -36 235 149 136 -19 14 -132 189 38 -87 249 172 1 -20 -120 -241 248 216 -50 -196 -71 187 177 166 99 127 -39 -17 228 -63 141 69 -79 17 -235 -83 168 131 91 -98 -10 35 -7 -148 242 165 -164 -227 31 -152 -3 178 -195 -201 -224 -9 -119 -29 -41 -26 -74 -108 205 -47 -131 -210 -161 229 222 104 -222 61 203 102 -97 -46 245 -27 -179 22 192 -23 -177 -176 -175 114 -125 -200 8 4 209 139 -230 79 -188 157 -144 0 -242 -130 132 117 32 -22 213 42 -14 -82 -16 -189 188 24 155 111 53 -150 -202 202 -228 -123 74 18 -236 -219 -226 48 230 201 116 63 -89 160 95 -33 -147 100 -51 -215 72 138 208 130 -158 224 233 -31 21 -100 -140 105 134 191 83 5 -110 164 140 -182 -95 -92 123 -232 176 -88 -184 -181 106 226 19 158 -73 -174 -141 243 28 129 -207 98 204 237 47 -40 -198 49 -154 -59 152 -223 -169 34 -18 -113 108 15 -53 -143 33 87 -96 -137 89 -37 -103 -212 174 194 180 -166 -250 -70 6 154 -247 -13 125 82 122 182 73 193 -203 -15 101 115 -55 23 -133 -136 -60 -183 112 -167 -91 128 -52 -240 -124 -102 -220 -192 -216 70 -84 144 227 -127 -238 54 -76 36 -44 232 -32 45 -114 -25 221 -142 -126 -239 -12 
TEST 3 ARG:-90 222 -47 206 72 9 71 -157 124 -43 -201 193 -109 178 185 64 248 88 -163 10 147 56 75 119 -68 -187 76 1 36 -208 -100 33 -122 66 137 -12 -13 45 -136 -151 91 -244 54 135 191 -232 231 172 237 34 -1 -174 80 -147 103 84 -104 153 242 176 -89 -192 -133 214 -229 -205 221 35 200 -153 58 -181 -209 -26 204 101 -168 -182 203 97 -81 -130 -230 208 65 -72 -71 41 109 116 16 -194 -203 -210 78 155 -82 3 123 235 141 245 -64 196 86 130 114 -249 -170 -46 -138 -23 127 -135 134 7 39 -20 236 -226 186 -197 192 -204 183 194 163 152 70 244 -198 -53 -18 -243 32 44 -5 -221 -66 211 -10 -107 165 -239 -171 55 -224 177 -56 -91 -42 -129 -119 121 -33 -242 -55 -227 -191 229 -156 96 -101 126 -8 -39 205 -238 182 -127 195 -193 -16 89 202 175 -113 113 -118 -11 115 246 21 104 -14 161 30 -190 61 -142 -22 122 29 -40 31 217 62 -215 -7 227 17 -234 74 -245 -60 95 37 199 108 -145 -50 11 216 150 -61 -78 -140 19 -52 241 -114 99 145 190 43 -98 -126 -106 -92 -248 -131 197 28 -83 112 42 13 -162 -148 -155 82 26 -202 189 50 223 -6 129 -21 -139 -158 -164 107 224 -206 -250 -189 93 98 233 -228 -185 187 160 -159 -37 140 -195 -132 15 226 -183 69 -146 -112 6 0 -137 5 143 120 -235 -74 85 -166 234 4 -44 -212 -49 2 46 148 166 247 -51 180 -128 238 59 -211 12 -125 162 -38 -184 136 -65 188 47 168 210 53 142 -233 198 67 81 -167 -9 -172 207 212 -108 18 131 -173 -99 -188 -217 110 220 -207 -57 -219 27 -116 -62 -31 -28 -69 83 -152 40 249 -96 -85 225 132 -87 201 90 -225 100 -222 -134 -84 -79 173 -25 218 -77 -214 63 -177 -216 181 -67 -200 -186 52 51 230 -36 -110 -123 -17 -19 -2 -124 -247 -63 -4 228 -70 -24 -111 -231 -165 215 -3 94 117 209 157 92 -94 24 -97 22 -80 171 106 159 20 25 79 -102 -54 170 149 57 154 -45 14 8 -59 -93 174 -199 -88 48 158 -178 213 49 105 184 243 68 -32 -48 -115 -240 -86 77 -149 111 -180 -75 -150 60 240 102 -169 164 139 -105 23 -223 -121 -30 -241 -58 146 -35 -29 -103 151 -34 138 87 118 -76 -41 179 -120 167 -144 -141 -15 -236 -73 232 -95 -160 -176 133 -143 239 -237 125 144 73 38 -218 -179 -196 219 -213 169 128 156 -220 -117 -154 -175 -246 -27 -161 
TEST 4 ARG:112 113 149 144 101 99 -241 213 -176 -196 168 202 97 -133 4 166 -159 -128 -111 -113 29 177 -135 -32 -179 193 18 -151 -52 -194 -197 -212 214 189 -156 114 -23 -66 -191 -154 222 26 -219 -143 104 -246 -247 49 -229 -238 192 -105 -144 -110 14 135 117 -77 5 -99 59 123 179 216 -164 50 -8 46 21 -114 -184 -72 221 57 -117 82 -56 -195 -140 28 -103 -68 233 -76 -170 -226 95 120 137 132 -115 -222 163 -211 210 68 38 37 160 -18 236 -221 -177 -199 103 232 -166 -207 -19 100 -237 0 -3 -6 145 107 -172 69 -185 -51 171 -145 217 89 35 -225 133 86 10 -150 207 180 -31 147 172 -122 138 -1 51 20 211 127 248 -214 25 191 143 115 -83 108 228 140 124 -64 80 -142 73 -57 33 -87 90 -203 39 -78 -42 141 188 -167 174 -14 -67 41 -5 -71 -38 -84 -95 167 -96 -40 -9 -15 -22 -230 -62 142 -134 -33 -160 -21 -4 31 169 -63 208 70 -155 -162 -200 79 -204 91 -138 77 61 130 230 -25 -126 -80 170 226 -16 173 126 -202 -102 -201 -236 -188 -242 -250 52 -17 -88 -39 187 -213 71 -152 -165 -249 234 -169 121 247 119 -108 199 -85 -69 -190 63 -92 65 182 -131 -205 -48 -106 159 -149 -244 -94 109 58 7 84 54 -233 -70 235 -127 162 238 220 110 -130 223 240 158 201 -97 181 -61 -123 -53 -217 -24 153 164 231 157 -20 243 -109 -93 -121 34 -35 -153 -34 -136 185 -29 -74 131 16 -7 -173 6 105 237 -45 195 156 9 125 -220 165 -65 -98 -181 -10 102 36 242 205 203 -49 139 -141 55 -116 -59 -228 15 239 194 -132 215 -91 -232 225 -235 -120 122 81 1 -60 -175 151 -183 13 -243 176 -30 154 11 -119 -37 93 -101 -174 60 206 -158 -163 204 183 -79 -161 -193 -36 -157 -147 87 198 98 27 161 -2 -223 74 -124 88 209 146 -208 244 -148 78 196 94 47 -186 64 227 76 136 -187 -234 66 75 67 53 -198 -240 42 -27 175 -46 116 -86 -248 -239 -189 -75 72 -216 -28 245 -12 -11 32 178 -224 -178 150 190 83 -139 12 62 43 -100 -118 2 22 -107 -192 224 -89 -41 -73 -58 56 -50 -182 218 184 -231 40 45 118 246 -43 -26 -47 249 24 128 -112 -146 -171 -44 134 17 -125 23 -210 96 -90 -206 197 155 -13 85 200 -180 -81 -129 -245 44 219 30 -215 -209 241 111 -55 -168 3 19 186 -54 152 -82 92 -218 -137 106 8 129 229 -227 148 212 48 -104 
TEST 5 ARG:-18 -177 139 52 -109 -20 -186 -26 -60 99 54 -181 -182 -144 158 -191 -66 64 2 180 -22 -56 128 176 26 -193 -82 -249 -10 -124 80 27 229 -105 121 188 36 -194 -80 -24 105 -12 247 107 -224 200 -48 95 118 -190 239 137 17 -208 -108 -200 -247 171 -50 89 -34 109 151 202 -62 -11 66 -101 -45 -75 197 -214 -171 -225 -61 231 -64 -188 186 -47 -184 103 -39 -222 199 -107 83 13 120 -90 -154 77 -245 81 -89 154 -238 32 6 163 78 102 -63 223 -169 -180 144 246 240 -94 -185 221 148 -32 -170 236 203 -228 -187 -175 -67 88 235 184 141 -110 49 153 -52 -84 243 193 -212 -13 -128 207 59 135 201 146 65 41 182 147 179 -85 -129 -111 -142 25 -58 -7 74 -205 -17 -163 -240 169 -239 -1 91 -160 -246 233 249 1 79 237 106 -5 31 162 115 -65 -219 -79 -232 198 96 67 242 -122 -96 -178 -231 55 90 -215 145 -243 -155 42 181 98 -235 -38 -37 149 196 100 -156 -27 -229 185 -81 192 -125 111 12 108 248 20 50 11 -31 210 -151 104 212 -234 -201 53 58 -121 -149 -87 71 -206 -158 124 219 -203 143 174 165 -202 22 29 -30 -172 -91 110 21 -197 57 -132 114 -141 56 -145 -36 0 -46 28 10 -2 37 -220 -230 206 129 -218 155 -35 138 -44 -147 187 211 -57 -51 157 205 -250 -123 -72 -59 -152 -137 -106 213 68 62 19 3 230 -115 136 -55 -71 -42 132 222 33 -241 -16 -223 -88 142 209 -76 -174 -168 40 -100 -78 -213 14 232 167 -179 152 122 112 -139 159 84 -198 23 216 76 -237 -126 -164 -136 72 -92 -21 190 85 113 189 -25 -159 228 101 87 82 204 -153 -86 175 -9 -165 97 38 4 94 -130 -43 -216 -70 48 -166 170 16 -157 -161 39 -53 224 127 7 160 215 -41 -248 130 -98 -19 -8 164 -116 -28 -196 8 -3 92 45 -135 -236 -118 -210 -103 225 -68 -143 70 -173 -112 166 60 -242 116 -77 -233 178 35 131 156 15 126 226 93 172 -221 117 -209 -134 -4 123 46 234 -102 -104 -6 30 -40 -227 75 86 244 191 -140 -69 -120 -131 -146 140 208 -83 150 -226 133 -114 -148 -189 51 -33 -95 -133 194 217 -113 125 183 61 119 245 220 -74 44 -117 -54 -183 43 -217 -192 -195 -244 -211 195 34 63 5 -138 47 18 -199 177 9 -119 -93 173 -49 -207 214 -15 134 -23 -176 -73 227 218 -127 161 -14 168 -162 -150 -167 -29 73 -99 69 24 -204 241 238 -97 
TEST 6 ARG:189 -118 -87 -95 -209 -197 173 -20 -182 -63 4 -216 -101 46 181 16 221 -66 -161 1 -190 97 -233 -244 -138 -98 234 25 -221 233 113 -183 -21 -88 166 199 0 111 -22 -185 -43 203 -124 119 -27 105 -14 -162 190 -186 -193 198 236 -28 68 -94 213 147 -31 -6 -226 -121 -234 -195 -117 143 -198 102 116 -84 -203 -194 -116 -249 -172 -38 38 -168 -48 -200 -137 12 -45 208 -69 29 -166 15 -250 157 -73 -81 -219 98 -120 -245 20 34 -60 148 -222 -143 7 31 39 -132 -78 -149 -230 89 -90 169 96 -72 95 -150 121 -187 217 -56 156 -129 8 -104 226 -240 -36 -125 249 -210 -152 -237 74 -119 -223 -15 245 32 120 -44 -205 -218 -83 -189 51 85 -49 -35 -158 170 115 193 215 2 -151 184 -139 186 206 -184 -239 -215 -97 151 -188 -100 -170 -3 -123 142 -246 220 21 -115 -192 124 33 218 -140 -178 133 -33 -214 -122 158 -77 72 228 43 -47 231 131 78 77 -61 -89 -40 -65 114 -13 126 37 99 205 109 28 183 48 -235 112 -181 79 230 -159 -232 10 71 -179 40 194 -29 41 225 26 104 195 -163 171 -112 -145 -59 185 152 179 -155 -114 123 201 224 6 145 -102 247 137 -30 211 176 60 -99 -208 161 -37 -204 -25 58 -50 73 -171 22 140 -103 -7 36 125 3 232 -58 207 -173 -201 187 212 134 -51 -64 -176 101 -131 -39 -93 -80 -11 196 86 -220 -142 167 -199 155 -10 130 127 -134 76 45 146 202 47 -141 248 -75 -71 -169 -82 227 -247 235 -9 92 -130 17 165 -164 -34 200 150 -133 182 -229 -5 -4 -207 136 162 -224 223 144 83 175 210 -91 70 80 -217 -24 -212 -54 -76 -227 -128 -127 -147 -19 -156 -148 -85 -96 62 188 246 67 88 222 110 11 -53 -157 59 53 93 82 -126 -105 214 -55 56 -202 75 63 -175 -18 -110 149 237 -135 -57 197 163 49 -46 -41 -160 -144 177 -146 103 192 209 -107 -241 108 -111 -165 204 191 244 84 154 -74 87 -32 44 239 -86 117 50 -67 23 -52 -228 -191 -62 174 172 -2 238 65 141 81 52 27 132 -16 164 -113 -23 -206 -26 178 -167 180 66 106 -238 -236 129 242 -92 94 100 240 -79 168 -1 55 57 -70 -106 118 -17 -108 139 -213 107 -180 135 138 -136 64 -242 24 -177 -68 69 229 -153 -231 -109 219 9 243 5 91 122 19 -42 14 18 -196 241 -243 35 -211 -248 153 128 -174 90 13 54 30 42 160 -12 61 216 -154 -225 159 -8 
TEST 7 ARG:-218 136 27 -149 -233 204 -128 173 -64 222 -75 -194 -148 -178 -230 64 -168 -88 -99 -239 145 -243 108 -68 -11 12 199 -17 -43 -133 53 -44 65 -212 -213 74 75 -203 -214 203 -50 97 98 141 208 -41 54 225 -152 -150 46 -157 178 -25 249 247 -231 214 56 -115 150 80 24 200 100 21 -124 -153 109 -42 67 -105 -249 -220 142 -65 -141 -108 25 -82 -246 171 -154 -165 1 -31 209 31 175 239 -130 143 159 86 113 129 -137 230 82 -35 -180 -187 111 236 11 -171 105 241 -196 -197 22 -86 -51 -162 15 -139 -210 -19 -1 -28 -94 114 -229 52 131 148 -205 128 -91 42 106 144 218 -110 3 -66 48 248 -244 -215 -60 14 139 161 37 -20 33 -58 -166 70 13 165 118 167 138 219 -32 -49 -198 88 206 198 -7 135 229 29 44 195 -250 -101 -184 35 -188 87 188 -81 -181 245 205 -46 -217 -192 -13 -26 -80 7 -113 36 -177 -126 211 -209 -57 -186 -6 -155 -36 -223 77 -179 192 -206 120 -119 -59 -100 2 -72 232 237 -170 -89 -202 -87 185 -242 -134 -107 112 -189 -122 -123 -132 69 -54 210 -193 151 -238 57 -201 -129 170 207 -3 172 242 23 124 -159 216 140 246 227 184 -2 -14 -63 122 79 90 -191 220 -140 176 226 -62 228 -85 201 -96 103 -69 99 183 240 76 130 34 -48 5 -95 -98 215 -136 180 -216 -79 39 191 96 104 -208 -9 -73 -224 -172 -176 17 -234 4 -200 -160 -74 217 -47 -207 -135 -163 41 197 134 61 238 95 -144 -53 92 18 26 30 163 162 -84 133 -195 20 193 125 160 101 224 -146 153 78 -15 157 231 -33 28 -118 16 50 -103 63 115 126 152 196 -235 -174 9 107 -67 -245 -211 177 169 156 51 -83 32 -22 -145 -161 243 -40 -236 158 -183 -45 -27 -173 -61 164 -199 132 -222 168 244 94 233 117 6 -138 102 73 40 10 89 -228 -93 -76 -104 -131 189 -112 235 181 213 -109 -92 -12 8 72 -182 62 38 -241 -221 -142 202 -120 -78 -77 -175 68 154 -52 223 19 212 -117 149 -116 221 -204 127 -151 155 -70 -10 147 49 -225 234 -56 -227 -38 -143 -156 -190 59 60 93 -5 -55 -39 -111 58 66 -164 -71 -114 83 -97 -16 -226 -125 190 -4 166 121 -18 -127 -167 45 -8 110 119 174 -147 84 187 116 146 182 194 123 -34 91 71 -106 -248 -219 -21 -232 -24 -185 -102 -23 43 -121 -169 -90 -29 137 -240 81 179 85 -247 -237 47 186 0 55 -158 -30 -37 
TEST 8 ARG:-243 -113 -137 233 -91 230 90 -214 -185 -55 58 162 -224 215 205 177 143 -67 82 23 133 186 63 -30 77 -70 93 -188 159 222 17 148 -217 -175 213 -204 203 -114 -189 -53 81 -184 -236 153 14 54 -68 74 69 27 -102 -233 197 138 -152 151 225 237 106 -82 168 242 110 199 87 165 -180 180 21 117 207 -173 -187 -221 231 -95 -94 108 -245 183 -183 132 -139 114 105 49 -16 -60 61 -25 -23 179 211 130 -176 -36 125 -131 57 155 -11 -92 -61 -142 67 -128 -169 -118 121 3 -90 171 -120 -239 -4 35 220 112 73 -248 -87 232 -177 241 236 -15 134 -150 -132 -79 -110 30 201 -98 2 169 -238 -48 -234 -182 60 -153 -203 -172 -77 -19 55 -135 -50 246 221 147 194 -162 85 -206 -31 11 -235 -198 -111 -93 -138 12 -148 76 -237 -126 -72 154 -215 144 146 145 -115 170 102 107 47 -108 -218 94 -202 156 -161 208 -103 -99 70 -1 190 -160 200 -64 92 20 -220 -28 103 -35 234 31 18 166 75 -34 -226 173 137 -56 136 115 -106 111 4 10 -109 210 64 160 -140 -75 71 -65 96 -117 -231 -89 -141 -62 52 -42 127 99 100 88 59 -57 -40 -196 66 39 -130 -5 -156 28 157 -32 202 -154 -145 95 -81 15 62 -26 44 -122 -88 152 -158 -143 -230 -18 223 37 -129 -167 -47 89 78 119 98 -227 -29 91 135 45 -171 188 -157 227 -22 22 -168 219 33 -134 -247 -210 -123 -66 -178 -13 -159 -63 -107 158 -37 -17 172 -78 97 -84 149 128 50 24 -197 8 191 -6 -242 -10 9 -97 -246 1 109 249 -105 118 -155 -163 -58 -51 -222 -44 182 -209 161 -24 -133 -38 204 -241 -200 -223 38 -147 248 -249 -151 -112 174 46 -125 239 -212 40 244 131 -229 -194 184 -201 226 -179 141 -14 126 -181 -240 -213 235 187 84 -166 34 68 -146 -216 240 -208 189 140 51 42 53 79 -74 7 214 65 -174 122 5 -46 0 -205 198 212 206 216 163 25 178 142 176 29 175 -100 -190 -86 36 -121 217 229 -191 -43 123 -199 -49 -101 245 -76 -149 -232 -225 -124 -207 228 -186 -9 -170 -27 83 -83 129 -7 -165 247 124 101 218 -219 80 48 -80 104 -192 -96 113 26 -54 41 -144 -195 167 192 6 120 193 -119 -69 -228 -21 86 -127 -3 -52 209 -41 19 243 -193 150 -8 72 -73 43 116 185 139 224 196 16 -20 -2 -244 -85 56 13 32 -59 -136 -211 -33 181 -12 -45 -104 -116 -250 164 -71 -39 195 -164 238 
TEST 9 ARG:245 -237 84 -109 240 188 -173 -204 -226 16 198 -21 75 133 199 44 212 205 114 141 -72 -239 -121 -73 154 48 -40 -103 214 66 -185 23 -135 161 -116 -46 149 -3 15 -172 153 -233 242 -155 -48 -55 232 -130 -96 -97 148 -131 -113 -228 13 206 -39 -120 112 189 123 -136 -203 -182 224 135 132 -224 86 -200 81 93 -249 -78 -127 195 186 37 87 202 -241 -186 72 191 19 124 -211 213 231 103 67 -126 201 127 -139 137 -244 -245 -34 39 36 -123 -2 25 -112 -49 -59 110 92 -110 -140 -191 -177 -148 -169 116 -246 62 -54 -58 -208 -248 105 95 54 -17 -76 -102 -225 59 151 192 -209 182 38 24 -145 121 -37 -107 241 113 136 -5 -101 119 74 -137 -165 -247 6 17 -38 -194 -23 -86 -149 91 -22 115 -41 107 73 -234 -132 -162 -236 -227 20 -89 -161 158 152 -171 -20 45 -18 -43 -77 -205 -45 -99 -232 80 207 180 71 -218 219 -212 58 -92 -235 -71 -87 126 -25 -175 18 21 -151 -231 -125 128 -180 -19 -240 -26 155 -217 -150 -6 77 227 -32 27 167 -167 237 -117 101 -83 -15 63 96 -129 35 197 -238 187 228 -13 106 162 171 118 203 -24 168 175 -53 -199 32 156 -65 97 5 117 -197 -90 -118 -138 3 -133 183 -146 -178 125 -179 -91 243 94 -206 165 -193 -69 9 190 31 -242 78 -50 208 122 -63 223 -115 -223 -62 -216 12 246 76 235 -159 -67 -88 82 -111 -164 -28 222 69 142 -230 120 -196 -4 88 30 -12 -229 -75 -210 -160 111 33 -143 150 60 49 -68 -222 -42 -213 89 10 1 -52 11 172 166 215 -250 181 220 108 140 236 -158 129 65 -61 -56 -124 79 -188 -10 -152 -94 170 -36 -243 64 -122 249 68 164 160 0 57 -119 134 178 -154 144 102 -57 -147 98 40 -100 248 159 146 225 -9 -31 61 52 46 -176 -189 -104 210 -207 26 176 244 109 -153 100 218 163 47 -134 -47 204 -163 -170 -95 90 8 -29 41 -33 -221 -11 -106 50 -174 139 -14 239 184 -51 196 200 -144 34 -8 99 -220 -80 29 194 -98 147 -128 145 -198 193 -60 -195 -166 130 185 70 -27 -1 169 173 -7 247 -35 -156 -184 56 233 2 -192 -79 -190 -214 -108 22 230 234 -74 85 51 14 209 216 -114 -215 131 -168 4 -30 -181 -70 179 138 -44 83 42 238 55 229 157 217 -202 -82 104 -105 -66 -81 211 -85 143 -187 -141 -64 -142 -201 -183 -16 -157 177 28 -84 43 174 7 -219 -93 221 226 53 
TEST 10 ARG:32 171 47 -12 122 243 -216 85 125 -167 -207 214 -235 81 -48 153 -121 224 -156 65 179 -87 -190 228 242 -65 -125 233 112 16 26 97 51 -35 249 88 -149 155 110 56 62 -78 -123 -81 139 -145 136 216 -159 -17 -234 -108 137 76 -15 172 183 -129 196 -104 123 29 156 -9 73 -23 -135 -162 247 74 13 113 39 -248 102 -158 234 -102 -80 82 -26 93 72 -204 -114 129 185 -103 8 -88 118 -151 204 -150 208 86 -223 152 -117 -53 -219 71 -191 64 4 -128 17 -36 215 -30 202 -37 -57 -28 188 -115 -165 -71 83 -112 199 165 -56 -244 94 -212 -6 154 -70 90 30 207 -50 -107 244 103 -27 -132 46 161 -139 92 148 211 205 162 -134 -90 226 -62 189 -111 -209 -141 111 53 84 -109 89 -184 36 -127 128 -224 237 -198 176 106 105 80 7 67 20 -160 223 -213 -146 184 107 75 -194 160 -21 -142 -126 -66 100 124 -169 -163 54 40 -222 -69 187 241 -51 70 -33 49 167 -42 114 -13 -157 -34 -210 -130 -41 68 22 19 145 -105 -52 130 -131 -10 -49 -4 -76 -187 -186 -92 -240 -230 119 10 -84 -236 -96 -74 218 -55 -211 -40 -5 77 -233 -237 210 134 -225 197 -24 245 0 -140 195 -14 115 -193 45 -168 35 -246 175 15 25 -188 170 177 -31 91 27 12 138 104 -133 -243 -220 217 -82 -59 -218 -25 -173 -46 -83 -214 3 -155 -202 169 166 69 190 231 -45 -217 2 -229 42 48 -106 -116 203 -18 180 158 -19 -99 133 -72 -147 79 -143 -68 -238 -176 -231 142 -161 246 225 -44 -215 -43 -166 -201 -226 -148 -97 181 194 -180 140 147 182 219 -110 -182 -247 121 55 78 -98 44 -16 -63 63 149 157 18 -195 -118 50 -200 -91 -171 -113 33 108 -203 213 239 -64 -239 192 227 -137 -124 -206 198 -32 31 -232 -7 135 -242 -3 34 116 -138 240 -152 230 -122 -120 -95 229 24 -221 209 37 236 109 -1 -100 143 -227 -89 101 -136 23 61 -75 120 58 -11 131 -174 -8 212 59 -228 -245 98 163 -170 -39 -153 -61 168 95 -196 -208 14 -60 -2 -144 5 11 -178 -181 -189 144 52 -29 -185 127 201 -22 -79 38 66 -67 132 -85 21 87 -54 200 9 146 -172 -197 174 -20 41 151 235 -199 -47 220 28 173 96 221 6 -249 248 -77 -93 -241 43 193 238 150 126 -154 178 -179 -73 -38 -175 -205 222 60 -86 141 -183 -164 -192 186 -58 -177 206 -101 232 191 -119 -94 164 1 57 159 117 99 -250 
TEST 11 ARG:50 -237 246 119 -113 141 -161 55 236 -30 12 -13 -135 -158 -86 -162 52 -121 -4 107 -2 -77 -226 181 -130 126 168 69 186 -126 -101 -79 -173 -241 71 59 226 48 -57 43 -83 -62 29 -225 -106 62 120 91 -41 -202 19 -192 11 79 27 -50 77 200 -93 75 85 -78 204 -216 -181 217 -234 -220 -154 -230 -115 -43 -200 106 -182 -96 -137 127 -212 170 -232 188 89 -223 42 63 16 185 159 183 149 -221 234 -142 -82 -153 -143 128 -47 167 -52 -1 -74 178 214 -168 -224 -28 -22 -10 -69 64 -239 -152 229 -108 28 137 138 -5 -111 237 249 211 -39 219 -157 162 -55 -236 -233 -169 -171 -201 -209 -205 57 -26 -59 17 -123 -243 177 -199 221 -95 228 -247 158 -14 -29 -187 108 80 84 136 -42 -198 39 161 -170 145 40 -235 -159 193 -127 -118 -213 245 94 45 -91 38 -218 -103 -190 155 187 139 209 148 -89 -3 54 -54 0 -104 -179 131 46 -9 -124 135 13 -147 4 -178 -180 207 129 61 -244 99 240 73 2 -25 -48 30 33 -194 144 34 -125 41 -38 -165 156 -150 142 189 20 90 -60 -21 51 103 191 157 121 154 163 216 70 146 222 -18 100 93 -185 -238 102 105 -217 -94 -231 -51 18 247 -122 78 -174 -71 101 -248 83 44 242 58 176 -172 231 -61 132 -177 -219 -17 -46 -167 -144 152 238 -110 -139 95 166 174 248 -75 -98 -87 -206 150 23 -88 -112 224 74 76 175 179 -195 25 212 235 67 208 -109 241 -53 -70 -56 172 37 173 81 26 230 140 -145 9 -138 -11 14 -84 -160 124 -85 92 -35 -105 -68 118 -97 -34 -15 -222 -249 -27 -99 -32 -67 194 -208 -20 117 -40 -148 -132 35 223 109 180 195 -76 -8 -19 -131 116 49 198 110 -36 151 98 15 -175 -80 218 10 -196 -120 210 8 182 239 171 -134 36 97 153 6 -214 -114 -188 -129 -242 -203 215 -24 66 -72 -250 -90 -207 190 -58 114 -215 -49 -189 -186 -31 -155 164 -65 115 -73 -204 -156 143 53 68 134 123 -246 -149 -166 196 213 169 -81 -63 -119 133 203 130 184 72 -193 -176 -128 -92 60 192 24 220 -66 -163 165 -229 -184 21 -44 -140 -16 206 -151 202 65 199 -191 32 1 -197 5 82 147 -210 56 22 96 232 125 113 -37 31 -183 -107 227 -133 -102 -100 -227 122 -245 -33 104 205 7 -23 -6 -164 88 3 201 -146 243 87 -228 -240 -7 -211 -64 -12 233 197 -136 -45 -117 47 111 -116 244 160 -141 225 86 112 
TEST 12 ARG:218 -67 129 188 111 232 151 33 -77 230 -115 207 97 225 98 174 -172 214 -46 -79 168 153 71 84 -114 208 -198 -196 134 -193 118 -55 140 -71 43 -144 -134 -213 -30 -12 14 238 159 -185 -59 -189 -166 -183 25 181 -25 -117 81 -32 205 -229 -6 86 187 -218 -91 241 -34 82 48 -154 160 -98 185 20 158 35 -57 233 175 -76 211 -64 -230 -173 243 60 110 -89 -208 16 145 -226 46 29 -52 72 -138 -113 -194 120 -80 143 240 -178 -51 -221 -237 -10 -231 248 -210 146 -225 144 203 96 221 209 204 237 127 8 26 -148 -108 -43 123 -170 215 -104 -53 234 -207 -187 242 -18 21 235 -29 103 68 -11 56 -74 -107 245 231 -246 -15 121 197 -186 -112 -126 244 5 -176 -19 -215 23 64 -68 -132 4 -50 -157 11 18 148 42 -54 94 -139 -1 -110 -118 -211 -26 -62 -121 80 -92 44 -69 30 87 -133 -159 45 -190 -33 -205 -175 -27 40 154 200 -49 -222 220 50 85 172 100 176 171 61 -93 -35 -160 -184 12 194 -214 104 -248 -223 152 180 -153 -224 165 182 -163 -56 126 -5 17 -14 -58 -180 -8 24 -244 -146 163 39 -192 -100 113 27 -28 54 -140 -191 -156 122 -234 -7 -103 15 138 73 128 -106 -232 -200 -119 -36 117 206 -16 -86 -3 55 166 62 -72 92 52 124 1 -206 -220 -90 -78 -152 192 -233 -17 -116 147 -82 108 -227 -201 -85 -101 -75 31 53 216 88 63 106 119 162 -105 -242 -24 34 155 -245 78 2 -151 186 173 130 -162 13 239 227 184 -219 247 6 70 -40 -136 37 10 -216 -167 83 -171 -158 219 131 -13 -38 196 -161 38 -155 107 41 -65 93 59 -228 -44 169 -45 183 -39 79 132 228 -137 -22 213 -202 -250 22 -95 201 179 -179 57 -70 -125 224 -41 212 67 236 157 -97 7 -188 164 -240 -122 -66 95 -247 -47 -31 195 74 -165 36 125 -61 -94 3 -238 -212 -204 141 -235 -111 -147 -241 105 246 28 222 223 -181 91 -73 249 -182 47 114 170 75 101 -143 -249 -141 193 -145 -131 116 178 198 -135 66 51 -120 135 136 109 167 -83 102 -199 133 -84 -102 19 -21 210 112 69 -209 0 -239 90 189 -42 32 137 -236 -142 -123 -127 202 177 115 -128 139 -124 199 -4 -23 76 -129 99 77 -203 -174 -81 -149 -243 58 -168 156 -217 161 -88 -20 191 -130 149 -87 -109 190 -169 -60 150 -150 226 -96 -9 -164 9 -195 217 229 -99 -63 -177 142 89 65 -37 49 -197 -48 -2 
TEST 13 ARG:-195 -141 2 -32 40 139 138 -178 167 59 -232 -81 -107 103 125 -92 -22 -3 91 -75 124 185 12 -124 22 -189 -6 111 18 205 101 195 133 21 -11 35 -20 -133 154 190 157 -236 84 -181 -137 -219 122 199 -131 -5 -57 207 -155 -53 -78 -182 29 226 245 5 -119 -218 -163 -38 37 92 151 -144 -51 88 -202 -249 -216 -152 102 -237 -250 220 130 94 -146 -126 -37 -217 -210 241 -243 165 -90 -95 237 -225 -65 -16 -18 175 -222 193 -196 -108 55 162 -215 -193 163 13 194 -150 -42 8 67 64 -4 -173 181 38 -49 99 105 -104 -44 -36 -8 17 141 134 -74 -98 -84 -115 232 27 160 31 -143 -135 117 79 -101 -221 -239 85 -151 -190 66 -145 -13 144 -170 -162 229 172 -154 56 -87 93 68 70 -48 72 -111 76 -148 4 219 -233 -206 -130 -125 -129 198 71 -191 -247 224 217 128 -117 -179 107 -72 62 112 -199 -52 -229 227 -31 -204 -1 -99 -41 -160 189 26 176 -54 231 -46 44 14 -212 131 136 -17 236 -56 174 -33 43 -60 209 -77 147 120 19 -67 240 249 -105 -127 54 -194 116 225 -113 -139 137 244 222 28 -213 -97 -39 -244 9 -167 -122 -214 -149 127 -10 -73 -234 -136 -100 212 170 202 -86 104 53 -80 58 228 -114 50 47 123 115 197 -192 51 204 83 -203 -231 -197 210 -220 211 215 -35 -19 239 143 183 109 80 73 96 -186 39 153 168 156 -240 -172 196 -79 -68 -50 235 180 214 87 242 -157 243 -166 30 95 145 -142 186 89 129 -66 -109 3 -153 -27 -241 200 203 140 -227 -71 -188 -159 -180 150 108 223 208 42 113 -12 74 -58 -209 -40 -123 166 169 -238 82 216 146 -25 247 -64 -63 -248 -28 33 -21 -184 248 159 10 118 -165 -138 -230 187 -94 -26 25 -176 119 -211 135 86 -177 100 -205 20 -223 16 233 -59 171 158 -29 -7 192 -121 15 -34 149 -226 -118 184 -93 -70 -91 60 24 11 -198 213 -24 201 -171 161 110 0 81 -161 34 -207 -47 -175 -55 46 -174 6 -30 218 -134 -103 -23 -15 65 -83 61 142 -102 179 221 57 126 -110 164 -168 106 -245 -82 -120 148 98 -187 -201 188 -242 178 -246 49 -43 52 177 -132 -112 -140 63 121 -76 191 -158 97 -88 173 1 234 -96 -156 -235 -208 114 7 152 238 -2 -14 90 206 36 41 -62 -147 23 230 -9 -106 -89 48 -183 -85 246 77 -69 -224 -45 182 -116 132 69 -61 -228 -185 -128 78 -164 32 155 -169 45 -200 75 
TEST 14 ARG:-71 221 -161 -175 -66 -94 -29 154 110 112 -52 -56 116 207 23 56 182 -213 80 -69 -68 223 131 -72 9 76 170 -108 173 243 -124 -152 -65 84 -205 31 240 161 40 -92 143 196 -168 176 -191 -249 74 -16 140 -93 -119 -178 88 241 -186 -169 -50 106 195 248 120 63 -113 72 16 159 29 -137 -203 -35 98 171 -248 132 -230 49 -6 7 229 155 -115 -243 -141 8 1 117 129 90 113 -194 -158 134 -199 -236 198 -209 125 -155 -215 -133 -101 -146 -123 -74 -128 -26 -61 -156 27 47 -201 163 219 97 -103 124 233 -88 13 216 -220 -5 -143 79 166 -87 181 -18 -3 -150 238 -46 66 -110 187 -157 177 -225 103 108 87 -129 234 -135 -223 78 -9 -21 135 -55 130 -145 -49 -196 127 -206 -95 -15 59 -192 -82 -132 167 -80 -104 -193 -173 -239 -154 -166 107 45 217 -11 20 -212 -13 -127 222 -20 -45 -232 91 160 85 119 199 -38 122 86 -19 102 -2 11 169 6 -210 -118 4 246 168 -224 -114 247 -231 -226 -240 -140 -37 -47 -106 202 -78 -181 146 -40 -126 226 -121 82 -165 141 30 60 -42 70 228 -97 -31 149 -159 -211 -208 54 77 121 -109 214 -247 179 -91 -30 147 -147 48 -237 225 -33 28 239 -234 96 175 62 -125 -162 128 46 -218 3 -85 189 -221 -188 -70 69 227 73 -90 65 -229 210 50 -36 206 -54 21 -75 180 -22 151 190 18 57 201 218 -171 -151 -120 145 123 -144 230 -204 -182 -200 -28 -98 -12 -184 92 39 -116 156 224 55 -43 148 193 104 -58 185 186 -222 137 212 15 -112 -81 178 -233 -174 -24 -153 52 -64 150 142 -176 -138 35 105 -172 -160 133 -216 192 -32 115 -84 38 -4 213 43 -23 -77 -187 -41 236 -8 -99 51 -53 17 -51 -170 100 -62 -131 200 26 37 109 153 -86 220 -202 44 -228 209 34 -1 -163 -214 -167 42 -59 41 24 211 -245 144 83 235 94 -183 118 -73 -242 -76 64 249 -198 -27 -25 114 0 71 126 -96 -238 10 -136 -177 232 -102 138 68 -44 -17 -130 75 -142 -185 -67 -179 99 61 -60 152 -250 242 164 -134 -117 12 -195 -107 -219 95 188 -190 -122 -7 -48 14 58 32 -246 191 184 -89 111 -39 -164 231 -63 194 174 2 183 -10 -100 -227 139 -189 203 53 -148 172 -207 25 93 215 19 -34 -83 244 81 -197 89 245 -149 101 -241 67 -79 -180 36 22 136 -14 165 -235 237 -105 5 -57 204 -244 158 -111 162 205 197 157 -217 33 -139 208 
TEST 15 ARG:-30 57 179 -134 -230 104 173 -182 -180 235 -40 155 246 -209 -119 79 -201 206 99 -52 -47 -199 77 -100 87 -207 -162 -84 -53 36 96 -245 223 -66 -137 -150 41 112 -92 107 -88 85 -115 35 -227 88 38 131 -103 -65 -89 185 75 -85 -34 236 244 156 -116 -139 194 76 101 -202 144 -72 241 -203 120 70 170 -109 -113 176 162 188 -126 -213 203 59 -29 -208 -38 -50 -6 45 152 -104 27 -3 -164 78 -239 118 -12 -20 -106 127 124 -216 -110 -144 201 0 105 -5 205 -167 137 68 -165 80 -218 -19 172 72 138 -31 -141 -183 211 227 -228 -36 40 56 -198 25 198 249 -185 -221 142 178 -102 -68 -147 219 12 54 228 -73 -112 182 -169 122 -55 103 33 -236 -63 129 -242 -152 -74 -2 -176 167 -205 150 -39 -143 136 160 128 53 60 2 248 30 73 81 -159 -225 46 204 -70 165 -195 187 -206 -87 233 13 -56 -172 121 -149 -24 -17 -107 -93 147 145 39 -21 31 -45 -9 -83 -232 52 161 -108 208 -191 97 132 -243 -200 110 -75 48 133 4 -95 -122 8 -60 43 -46 -238 242 -233 100 102 229 62 230 239 -229 218 -51 -69 -132 134 169 146 -140 232 -226 -43 18 -22 34 93 -249 -28 -76 65 20 -158 -224 49 -13 -98 63 -57 -14 37 231 217 -99 -48 245 -246 32 -241 -173 -248 212 6 -111 14 -128 -7 113 1 -10 -160 177 -96 -179 -186 214 180 -105 -117 -231 225 98 -129 -62 200 115 21 -244 226 -77 174 -123 -168 -118 -219 -163 -181 -16 -35 15 -135 -235 17 71 -170 195 58 69 51 -148 -157 -86 -220 -80 108 -189 209 237 -250 183 -125 -130 94 -90 197 123 -61 -138 -58 199 -94 -222 -15 26 151 196 -197 -79 -59 -237 111 -67 7 224 -78 215 149 117 -124 10 23 143 -114 -37 -33 -247 -175 9 -25 -44 -121 95 11 -184 47 119 -240 247 216 171 -49 64 184 140 221 -1 222 157 -91 -177 240 -204 -188 -211 -145 -223 207 139 -234 106 191 86 116 -11 44 168 67 -210 5 114 -71 29 -217 3 -82 135 50 181 158 238 -64 -194 -178 166 125 -97 163 24 193 -171 16 243 -212 66 186 210 -187 -4 -127 84 126 234 92 141 -136 159 90 -193 -18 -42 213 -131 175 91 -161 189 -215 192 -156 202 -174 -32 19 83 -151 -196 220 74 -27 61 -154 -81 153 -190 -54 89 -133 130 -214 -155 82 154 -8 55 148 28 -120 -142 -26 -41 -192 109 -153 22 -166 190 -101 164 -146 -23 42 
TEST 16 ARG:-171 -88 -231 129 183 -24 105 85 -50 -5 230 -148 91 158 173 11 -178 50 -91 201 79 -127 -98 -9 237 -180 101 -101 116 5 200 -82 40 -57 -248 64 61 -64 138 -192 -123 -205 226 171 -243 -226 90 3 54 247 -155 -92 -142 -152 227 -235 -161 -87 -10 81 8 -201 -212 82 97 99 36 -58 47 199 136 172 76 162 -250 118 -104 75 -165 0 93 106 -202 -147 83 177 -32 146 147 41 -151 -7 -120 190 -185 -227 -200 242 131 -134 202 232 -225 141 -60 -195 122 58 2 153 80 -130 235 166 120 -26 -197 -73 -86 -65 167 -211 233 -186 123 -176 -157 -129 222 248 117 -217 55 -90 -136 -164 -144 57 130 38 159 125 193 -100 185 37 33 43 -51 195 -213 -239 98 -218 87 -68 -214 219 23 103 135 59 66 -132 -96 -141 -116 31 -154 -114 174 15 -15 -177 6 -207 121 -191 -23 188 -75 -241 39 238 -47 -244 25 148 -203 -41 -20 30 -135 -140 215 -246 229 -14 -45 154 -236 189 246 -121 -139 243 -222 -240 164 -61 -28 -42 113 -110 -1 -143 -29 -34 -169 78 149 -124 -16 104 178 -209 48 -76 -187 -33 53 -66 -48 100 -35 126 51 -31 -94 134 -118 -174 -117 69 205 211 -103 94 27 -128 213 -224 236 -242 16 42 181 -27 -112 187 180 89 209 18 110 -109 -228 -115 196 -189 92 218 -83 -179 49 216 -74 221 -72 17 142 -69 -106 143 231 -196 -39 -149 22 184 -181 107 186 -77 -233 -190 156 -158 -170 -25 182 179 114 4 95 137 -131 -193 -67 124 -84 19 62 249 -93 45 119 -234 -166 -70 220 -219 20 -3 109 -80 -199 96 -108 14 -175 -237 -99 198 -173 155 -153 -95 -4 26 161 224 88 21 84 -119 -137 145 -85 -232 56 -2 133 111 -208 169 -113 9 -105 -19 139 157 197 115 102 -194 -18 -21 -62 168 127 -138 244 12 132 -172 -89 194 -210 28 175 -36 165 191 -111 225 -102 -221 -183 -150 217 176 13 207 -11 -162 140 86 67 68 -40 -97 44 204 -198 -55 -238 -215 150 223 -46 -204 152 -206 52 192 -56 77 -167 160 1 -168 -126 -22 60 245 -182 203 -216 214 -63 206 -163 234 112 -17 241 -37 -30 29 210 -52 -122 212 -220 -54 240 239 -229 -247 -145 -8 32 -78 73 128 -223 170 -71 72 34 -49 -249 65 70 7 -125 -188 -13 -160 228 -159 -156 108 208 74 -6 -38 46 -107 35 163 63 -59 71 -184 -81 151 -43 144 -133 -53 -79 -146 -44 24 -245 10 -230 -12 
TEST 17 ARG:184 67 -53 123 50 -179 -170 195 27 87 51 64 163 175 237 208 69 -215 -76 204 -171 171 -97 98 -169 -140 174 86 -164 213 227 -217 -106 177 60 92 -20 -153 231 48 216 -180 -67 -37 -107 -79 154 -236 -135 182 212 -114 -101 105 33 138 114 61 -7 -118 209 116 -66 -3 -112 148 -241 -47 -176 -29 170 -69 242 -74 46 244 137 -229 -57 -123 -2 165 13 -228 135 -61 34 247 93 -133 -88 79 160 -124 143 -15 -113 218 19 149 -12 -159 6 -9 -247 -175 -32 -80 -248 -150 89 -41 -213 -103 -174 162 136 32 -10 -56 -230 233 -195 -48 3 118 234 -23 -19 229 29 17 -206 -141 -193 -203 4 129 35 101 -75 179 -89 -184 194 150 -22 -70 -116 -117 153 214 140 -172 198 112 -121 -35 189 -55 9 -224 -36 167 211 -138 161 230 -240 -202 -94 81 146 151 159 82 -158 57 -8 -125 97 180 -60 -222 -115 -200 133 -78 2 124 100 -211 -189 96 126 186 248 -185 188 72 -198 -40 -155 -214 176 156 -186 122 83 11 -24 94 -28 -209 -197 -71 12 25 90 -173 -81 106 119 -90 23 -58 68 190 155 80 -190 31 206 241 -1 -96 55 -30 1 108 54 -221 203 -62 224 15 219 56 -126 -144 -196 36 -54 -233 -52 99 172 223 -181 18 240 245 -231 139 147 -109 -139 -102 -85 191 44 -152 30 -199 -65 -216 26 238 16 -244 10 -38 109 117 -232 24 39 -130 88 -243 -68 7 -201 -143 -105 210 197 -128 76 142 -31 -33 -148 85 5 -49 -219 -95 37 53 113 -63 -178 -167 134 -129 -165 -237 217 115 226 -227 52 -142 -163 -51 78 45 -154 -104 -13 8 -111 220 -27 -249 127 -16 49 14 -91 -245 -182 222 173 -83 166 141 221 41 -220 75 66 202 -59 -82 -44 -157 -99 -64 -160 -45 183 -246 196 144 0 40 -77 -46 -168 185 -4 -87 -161 -238 -110 125 -11 169 -177 -235 -250 -239 -6 -72 -43 120 164 -134 157 -212 73 102 132 199 193 -108 236 42 -26 91 246 59 192 152 -122 201 -194 -151 -156 121 228 -210 -218 -225 -183 205 -84 -98 65 128 -188 -145 -187 -100 -92 200 207 63 110 103 -226 -86 -73 84 70 104 130 111 -205 -208 -17 -136 95 -149 225 38 -119 239 -5 -146 -18 -207 215 -132 145 28 168 71 -147 -162 107 249 -234 -204 -14 74 178 -131 47 -34 -42 -192 -93 -191 -120 22 -166 -50 58 232 -21 235 243 21 43 62 187 77 20 -39 -25 158 -137 -242 -223 181 131 -127 
TEST 18 ARG:68 -80 -202 -53 -49 -250 -151 178 185 173 -113 176 225 -143 34 -18 -237 -227 188 174 230 133 -6 190 56 -228 -72 -12 142 200 -9 -245 -162 90 60 -88 -5 156 -192 -28 54 -207 -148 193 -79 221 -249 69 236 -134 -193 195 71 -136 -65 2 -23 8 38 -146 181 145 49 -95 30 -225 -161 -177 246 21 -40 120 -7 -155 96 -200 126 -66 -89 -24 -46 -184 183 -69 50 -125 -29 -54 -85 -209 -25 -33 106 -118 148 153 121 -55 -244 -149 -109 -59 63 44 237 199 72 -164 11 42 224 19 -75 5 -47 -205 41 -246 -83 97 -239 171 -156 150 158 107 55 -39 226 10 -160 -233 111 211 -81 -21 -60 -64 -175 -181 -214 163 35 93 122 -196 73 -170 61 -142 -27 231 94 201 -96 103 -234 -76 62 -112 -242 57 -190 167 -163 -203 16 -174 13 130 43 128 184 135 -197 -26 177 110 -129 139 -221 -61 -17 37 -2 23 116 -131 -167 -189 229 -111 212 -204 -215 29 215 -123 -114 -19 102 187 27 -43 180 165 -3 123 75 -99 109 -185 -135 28 242 249 244 -73 160 144 -22 -224 161 -241 -58 -126 114 20 134 228 -128 81 100 86 74 232 -36 104 91 137 214 -56 192 -42 -240 -20 -74 79 99 227 -216 -182 -201 129 53 -44 -194 216 -117 87 98 -248 170 51 -153 17 131 -219 222 125 -115 151 -8 -168 -198 -102 88 85 155 210 -218 140 -172 -158 82 -159 47 182 136 45 -14 -4 203 -130 -71 117 -211 12 168 33 -45 -141 -188 52 248 -32 220 -236 164 108 -230 -51 -166 83 -212 -11 -78 -208 240 25 219 -94 233 95 78 -222 198 4 -122 -77 138 -37 241 223 92 209 64 -157 -171 157 -206 146 -97 -1 -173 -139 -145 -183 70 186 7 -41 -133 -92 -67 205 -100 32 -247 84 218 172 -84 -235 152 118 -154 -105 -144 -121 207 24 235 -93 0 113 245 202 -137 204 206 76 -87 105 -178 -191 -104 -101 -132 -187 40 -52 101 58 -124 -90 -70 80 -165 -179 -243 238 194 234 112 162 -119 46 -57 -150 169 14 208 243 -82 -195 39 -35 36 -48 124 -31 196 -120 179 -110 -68 -50 -180 66 115 175 -232 143 -176 -186 15 -116 -147 -107 189 48 239 9 -220 67 213 159 147 119 149 -226 197 -199 1 154 -30 89 -217 -62 127 -98 -169 -63 26 77 -16 -108 -213 65 6 -127 -210 -138 -10 18 191 217 -152 -229 141 -238 -13 3 -106 59 31 -223 -103 -140 247 -91 22 -38 -231 -15 166 -86 132 -34 
TEST 19 ARG:137 -181 80 52 93 104 -61 87 233 179 199 -19 -16 -210 -158 -199 178 45 218 129 222 -73 47 -64 -121 -177 220 -78 82 131 79 -27 2 -225 24 -147 -202 -157 154 238 244 -150 230 -248 84 51 -243 -227 25 -204 -180 -145 -38 -108 126 -129 -39 -234 181 157 -169 -223 -32 198 205 -188 -241 -161 -148 214 -34 113 116 -201 -7 210 50 242 27 -74 33 53 -68 -3 -62 125 249 200 147 191 -197 -124 -235 -160 243 85 61 57 -100 5 49 -138 -142 206 26 232 221 237 12 -22 167 -155 -217 231 -156 -102 164 23 43 -67 187 -37 -71 -215 110 -33 -196 -192 -134 -232 185 152 -59 143 159 -85 4 241 -185 -6 201 -14 -228 -50 -191 203 46 -40 -126 92 -47 236 225 55 -10 -140 155 -249 -86 -82 -224 177 44 -222 -159 -139 78 -1 -193 -128 74 150 192 98 -12 -221 115 160 29 103 -53 211 114 -44 31 -92 69 -65 -219 -111 -135 -239 7 -244 -166 146 162 -183 -114 -15 170 166 194 -137 -207 234 123 229 107 168 83 28 -238 91 -233 122 30 -162 -187 106 -120 16 -131 223 68 -35 -115 -212 97 -213 239 90 -190 18 8 195 151 134 247 -21 -170 101 197 -117 -178 -28 -146 -48 21 -110 15 -106 -49 -189 -127 -54 -151 -43 -123 130 -41 -56 -70 -75 -211 -122 14 -165 -245 216 64 189 -171 71 144 -99 207 -69 58 228 1 148 17 -79 -237 -149 145 -8 81 -113 213 59 -168 108 63 -195 105 -246 139 -163 -31 -107 175 77 9 -133 135 240 -104 11 127 169 226 -118 174 183 153 -176 37 142 -206 -20 -153 96 -130 -105 -203 -141 -42 -175 -209 -216 75 196 224 246 62 73 22 -174 56 209 0 -2 -109 -25 120 19 176 -13 32 128 -214 -17 124 -91 -154 38 3 -205 94 76 -83 -229 -247 -167 -240 36 188 48 41 -4 182 54 227 138 -136 117 -94 102 -186 186 204 -80 141 202 -231 6 132 -226 -182 -23 -51 173 121 118 172 -143 156 149 -218 -101 10 -152 -172 245 -132 -46 -250 133 -26 42 -77 -179 -98 163 -90 -84 34 -97 70 -112 60 -87 165 212 -194 -96 -230 -58 89 193 136 -103 -52 65 67 -88 -119 -242 -55 95 -63 -66 217 -144 -18 248 235 35 -60 219 88 -11 39 -45 13 -173 72 -36 112 -200 86 -29 184 40 -81 215 -72 -116 140 -89 109 158 -24 -125 119 111 -93 180 20 -164 66 -76 171 99 -9 -220 -30 208 -184 100 190 -236 -198 -5 161 -57 -208 -95 
TEST 20 ARG:-187 248 148 165 -20 -92 -119 -240 -99 -111 -52 45 -115 182 90 223 171 6 8 -58 -96 -89 180 66 105 -132 -206 -199 -46 141 222 -49 35 0 -130 -15 -139 -220 92 -87 179 -185 170 169 109 13 -181 -53 -105 -24 57 188 -172 -171 80 -247 36 168 218 150 15 -210 232 242 131 -127 -27 125 156 -38 209 51 -28 -21 -144 -17 -102 -131 43 -168 221 138 -68 -190 79 -1 93 -216 152 126 2 -188 233 -204 38 -180 -94 190 -156 -205 41 120 -19 77 202 -241 -33 -208 113 61 -211 226 172 32 -40 -54 -57 -90 114 -224 -163 -11 46 4 87 -238 -174 108 227 3 52 -83 118 201 -164 -39 235 26 -2 -14 -112 -80 -250 -142 53 146 -147 -98 -122 -134 54 -47 107 11 -207 153 216 47 -194 -186 238 229 -157 -42 -126 81 -153 186 196 -243 129 -160 34 -32 23 96 -154 58 -165 217 197 -145 -151 67 110 71 155 63 185 10 88 -78 -169 -177 -44 -95 -178 111 220 68 -36 -22 -184 95 49 215 -179 -35 -7 65 30 -55 -246 31 214 83 247 144 225 -118 159 -219 173 237 213 -231 200 104 -148 116 -235 -123 78 117 198 98 154 7 139 56 163 -91 84 210 234 241 -225 -34 -73 130 -182 192 -133 19 -65 -183 151 -12 -191 147 25 -56 -81 178 -103 -239 158 76 123 97 -29 72 167 -221 -136 -25 39 137 16 -158 128 5 -137 -61 164 176 195 33 143 -162 24 -245 -141 -50 -189 1 55 -88 132 -170 -4 231 62 -202 -227 14 236 -51 -217 122 181 -106 85 -173 177 -201 50 -138 -8 70 183 27 -62 124 205 -23 -79 -48 44 207 -72 40 74 -60 203 212 -6 -116 -75 106 -214 -85 112 -13 -135 -43 -222 246 18 -41 -109 -223 224 175 -232 -114 37 245 193 -74 86 69 82 135 60 -167 206 157 -101 240 199 -213 134 22 -242 -193 -77 -84 -66 -10 -149 230 64 -155 -200 -140 160 42 28 127 189 -82 149 -37 -76 119 121 -226 142 -67 -26 -45 -161 -248 29 75 99 21 17 -143 101 194 -113 -244 -93 211 -209 243 -176 -159 102 174 -63 166 -234 -97 9 -230 145 89 -5 133 -212 -110 59 -71 -218 -121 187 -237 -16 -215 -192 -69 208 -129 -233 -124 -152 12 -236 94 -100 249 228 -249 -166 -108 191 115 204 -30 136 -18 -198 -107 -150 -229 -175 -228 -104 100 103 244 -9 140 -86 -117 184 -197 -70 -64 -31 91 239 -128 162 -120 48 -125 -196 -146 -59 73 219 161 -195 -3 20 -203 
TEST 21 ARG:-174 -150 -102 -17 -167 75 -202 -223 199 175 -137 147 -24 11 -83 -101 -25 102 -199 -140 33 79 -88 215 -191 18 190 -138 80 -48 164 -105 182 -193 31 20 -111 195 243 97 231 234 -112 87 -152 28 -15 187 -22 24 154 -96 241 95 -238 23 15 -230 -57 -243 -35 -46 -189 66 183 -63 -231 -204 -18 -128 -134 224 -122 -44 141 -54 -74 83 43 -93 16 -207 -151 -109 55 -72 244 -145 -165 189 -203 -89 -242 -233 -129 186 -155 198 -67 131 206 135 9 -248 -52 233 -37 -80 -146 172 -239 149 240 -75 42 49 54 -114 -110 -94 0 96 111 2 115 35 179 203 180 -3 159 133 -228 153 -100 208 -71 -157 89 -118 -107 69 166 -11 -232 225 -16 107 -79 -92 -108 184 10 -131 103 229 -47 136 -196 235 90 -229 1 -51 22 12 105 3 -65 -125 65 7 -98 -130 138 -66 -197 -85 -163 -26 -181 247 196 -171 -42 36 -120 -90 44 174 5 -97 -208 -76 -7 48 94 -184 -249 156 -194 126 217 -153 -73 -217 -198 214 -221 211 -115 6 -168 246 -219 -169 -164 52 197 249 -58 -10 -212 -190 -106 155 46 -144 222 -195 -64 -234 -49 192 -158 239 125 34 8 -180 139 -81 140 146 -247 -70 -240 -220 -95 14 127 -178 134 -41 -177 -143 -69 -45 -227 68 -30 209 219 85 109 -6 78 -188 -139 -14 185 -161 -32 -1 216 71 -141 58 -99 -9 -5 238 227 4 -142 -53 236 -2 -31 26 -50 207 143 63 -175 21 100 51 -38 -68 30 120 -39 67 92 161 137 37 13 -183 81 -127 -149 101 150 202 -172 -34 121 -237 -245 62 -226 167 39 27 -213 -28 152 -201 -27 38 -200 122 -29 -209 -103 91 82 123 61 -160 178 165 128 -185 119 162 -36 158 -40 -33 -135 160 -206 59 -235 168 201 -8 -216 -86 25 170 50 -159 -117 88 -214 221 93 129 -123 228 -173 -246 60 181 -166 -43 -12 163 245 -170 -56 177 -192 -62 -55 151 171 -205 -211 205 169 188 -182 -4 73 -176 17 -20 108 -236 53 -82 210 -113 -136 -187 116 -186 -147 -116 99 56 -87 64 130 74 -154 72 124 41 -21 237 -218 -121 32 29 57 -91 -126 -78 106 84 -244 104 -61 110 -124 230 77 212 -23 -77 223 70 220 148 -133 47 113 132 -250 76 193 -210 -148 -215 -84 -104 226 194 242 -162 142 -119 145 118 218 -224 -156 -19 -222 176 157 112 -179 -241 98 45 86 -225 114 -132 173 144 191 40 248 204 213 232 19 117 -60 200 -59 -13 
TEST 22 ARG:228 -180 -6 -62 -181 205 -146 -33 -183 112 -150 -84 -210 -71 113 -197 152 -236 -39 -106 70 235 -220 -174 -79 -154 43 -213 92 -37 100 -101 195 80 22 -69 -208 -67 -223 -115 156 -196 238 142 -204 -139 45 -75 -132 219 -242 33 -168 221 -186 -199 -50 -15 -36 199 23 27 -200 191 198 -17 -130 -209 -78 38 -231 -13 -54 -201 110 17 -60 171 135 186 -171 224 -73 -18 -249 194 172 230 165 133 207 25 -133 34 -122 -192 -40 15 -9 217 90 -31 173 193 184 -68 -56 -10 -230 47 -24 222 91 -110 240 -187 -134 -161 -27 -247 -127 -28 174 81 73 -42 18 -3 151 -239 -182 -228 -32 144 -59 -4 9 -46 -193 -123 -77 4 -111 16 44 -12 -41 59 20 -66 249 -198 248 -238 147 103 -225 157 36 132 160 108 117 -178 -144 93 129 53 206 -91 154 37 -237 125 -151 -44 -157 223 -72 -64 181 61 218 123 -250 -107 -20 87 -248 71 247 35 14 177 143 145 149 189 210 124 -52 141 -29 -148 6 119 115 -19 -219 -224 -194 76 -34 -94 232 -47 245 139 -206 -164 29 -125 -121 216 64 212 -126 -205 -215 65 -234 13 68 131 183 0 167 -241 -90 -166 -163 49 11 -147 -160 159 -191 -229 -243 77 57 -96 -35 161 180 109 -51 -173 3 -93 196 -245 237 -188 8 -222 69 -227 72 226 -167 -104 -176 107 -240 114 -14 52 105 153 118 208 -102 229 -158 -226 -7 63 46 179 126 28 243 -235 -57 -246 83 190 102 -145 101 148 51 241 -109 -112 -63 -2 -135 32 213 -189 60 88 -1 127 169 19 227 -162 95 -124 -43 24 -103 -141 -11 -169 55 231 -136 -216 -143 82 -16 31 56 -119 202 -81 -82 -48 79 -100 -170 67 200 -22 -38 -129 211 176 74 203 5 -152 1 -76 -142 -116 -21 -218 140 182 -153 215 -202 97 -58 239 -128 -203 26 7 -8 -49 -55 -53 234 -185 164 -74 122 99 130 21 242 -140 -83 163 -207 30 -221 -233 197 -120 201 -156 40 -138 85 146 -114 -212 116 -30 -179 158 188 98 204 -244 39 -155 -190 120 -80 111 78 66 155 75 -149 -89 214 -108 -113 -117 94 -184 192 84 -95 -165 58 -5 166 244 -172 -177 -23 -97 -105 -131 54 -232 -86 187 236 -214 -26 -65 -45 138 -175 62 136 220 128 48 185 -98 233 -87 168 -195 -25 -217 86 106 12 175 -137 170 -118 225 96 178 10 89 -61 134 42 -211 121 -99 -85 246 -70 41 50 137 150 104 162 -92 -159 -88 2 209 
TEST 23 ARG:-134 147 189 25 155 -29 77 -100 -230 -139 133 151 82 -111 237 -233 181 162 139 -1 -93 99 80 248 245 230 203 -89 -246 150 227 78 -37 115 71 190 28 159 -122 59 -74 -27 -28 6 -146 -82 -65 -187 -153 88 163 -160 15 -91 -2 -102 145 165 -63 -44 -53 232 -149 -178 98 68 60 -170 176 143 53 -36 -43 -235 5 43 62 184 -193 128 191 123 -125 -199 94 215 -87 7 -241 -67 -148 67 199 135 -223 142 122 -52 -17 -174 -227 157 168 -81 2 212 -161 -105 87 42 -30 -208 -88 63 141 -33 183 97 70 -94 -215 -72 192 -229 -151 -23 -158 86 -159 -144 -107 217 -228 -61 249 -130 175 -173 64 222 17 -119 47 52 -150 179 208 -218 -90 228 -250 -132 48 193 132 -128 220 -45 35 225 185 107 -211 131 104 75 119 197 100 -24 -189 24 195 161 117 -220 -77 171 216 -212 108 118 -18 -184 -240 9 -60 81 -135 14 -48 -244 223 51 -133 -31 -73 234 -238 -80 -207 -194 244 -217 -183 -68 -120 20 -239 -115 247 23 50 -79 -13 -191 90 144 -147 -219 -86 72 22 26 -56 174 113 206 46 41 37 173 -106 -163 49 -54 -205 140 -162 -140 194 69 213 241 -231 207 27 221 -172 -169 186 -22 -38 121 156 -19 187 169 -204 8 226 85 -190 65 4 96 235 219 209 211 170 -84 -197 0 -47 224 13 243 -234 101 83 -177 -3 -34 -127 91 105 -41 -92 -116 -26 -202 -110 160 57 164 127 -108 84 -9 -124 76 -152 -49 16 -164 -113 -21 -180 -64 -104 180 -145 154 196 -138 200 -15 -59 3 -188 -7 -40 246 56 109 -12 166 -85 152 10 -39 -156 33 125 210 44 95 204 29 32 148 -70 -46 -175 -51 120 146 233 -168 -25 -213 182 103 239 -121 -206 -55 36 12 -8 54 19 55 -165 61 -200 116 -42 -222 -126 -154 106 102 58 -142 34 -141 198 31 -136 -196 -69 -117 130 -5 -6 -192 -14 -83 -123 -98 -225 11 188 -245 -131 -186 238 201 242 -224 -242 114 126 -247 236 -167 136 -185 -221 -248 -35 -96 92 -75 214 74 38 205 178 177 112 -143 -181 -58 40 -78 -195 229 240 -182 231 45 149 -237 -20 -137 -32 39 134 -232 153 -201 129 -11 -157 110 1 -203 -216 -112 -249 -214 -166 -62 -114 -101 66 -243 -50 89 18 111 137 -176 -16 158 -226 138 -171 -4 -99 -198 21 202 -66 -103 218 -71 -210 -129 -118 73 -236 -10 172 -57 124 167 -155 -209 -97 30 -95 -179 79 93 -76 -109 
TEST 24 ARG:-188 152 -81 174 177 -211 -222 108 113 34 214 -179 5 132 18 -84 41 -38 -168 -161 -215 -83 19 130 -153 -155 -197 136 154 79 169 -194 77 182 112 -112 44 -3 151 144 127 249 236 -142 -176 202 -12 221 -223 -250 -28 96 196 -67 194 -203 67 31 -245 -208 -209 -50 1 -195 -138 -19 25 -210 135 88 124 56 -20 47 -55 -230 171 -94 109 -119 98 139 146 201 -69 -240 38 28 48 -125 -58 -4 -15 -26 -37 14 126 60 164 59 57 -121 -244 -167 -154 227 -73 -189 -18 -200 -59 27 -152 63 -116 2 73 17 -115 -104 111 245 -47 -199 -7 -226 26 238 115 -53 29 -187 94 123 -65 71 -196 228 -171 129 161 -177 -206 243 10 120 -224 46 -157 190 -49 22 83 235 147 117 -229 219 58 -141 180 32 -27 -149 -103 -127 -207 43 183 173 168 20 179 70 239 -225 -41 114 178 -239 119 -63 36 -241 205 213 -175 244 184 -74 82 156 -123 4 -238 16 23 -107 209 64 148 149 -181 -186 102 -198 226 -150 55 -248 -190 -100 90 99 172 158 -221 84 -143 -42 42 -126 -204 -216 -114 -24 -56 -132 159 230 -174 50 -124 0 35 -111 92 -227 103 -118 -29 -108 39 142 -236 165 -23 54 -11 200 -156 9 -95 68 24 -102 -185 -178 -80 242 6 -228 -8 -169 7 -217 49 -101 186 -172 107 -1 -128 -52 198 -30 217 232 -71 93 203 -170 74 -44 204 -180 45 -75 -166 -163 -117 -191 131 195 -46 157 118 -93 -234 211 237 62 -184 -97 -159 224 97 -36 87 91 153 -72 -10 -162 208 -134 -139 61 218 -218 -96 -31 101 -135 105 65 -51 13 106 -110 140 206 -89 53 -48 -235 155 -105 189 -151 -43 -192 -202 246 -5 175 122 40 185 191 -17 -60 -147 -213 137 162 241 -90 -237 -232 15 192 -22 21 -214 -70 -54 -86 -160 52 -122 -45 170 -64 8 -193 121 225 -62 215 145 160 212 -66 -2 51 -129 -173 110 -212 -91 128 187 -106 240 176 -21 116 -182 248 -219 -145 76 -133 -220 -249 -13 -183 138 -98 197 -148 86 -136 199 -242 229 -6 75 -247 -92 247 134 141 -231 72 81 -40 -164 -35 125 66 220 -14 -33 -79 -243 78 222 -78 33 -39 89 11 -144 -120 -34 -165 -99 -82 231 -137 -76 234 -88 -109 216 163 210 -113 37 104 -131 80 -61 223 167 -57 -158 233 150 193 -25 -16 188 166 -77 -32 100 207 -233 69 3 -146 -201 -130 181 -140 -68 -205 -246 -85 133 85 -87 30 12 143 -9 95 
TEST 25 ARG:-103 238 110 -116 136 -123 130 39 -14 -139 -48 -187 139 -88 -206 100 82 134 127 88 158 -86 -38 -84 -182 51 -178 133 27 -244 -110 92 8 30 -194 46 -41 151 -3 -68 -28 129 -193 -10 62 184 -18 -204 52 194 -121 -87 225 201 -245 -66 -115 -142 93 121 66 163 229 35 -46 20 72 21 98 -168 119 43 169 -30 -250 -239 182 -51 -93 -195 50 32 38 -215 -176 -105 57 222 -147 193 180 -20 6 99 -31 5 -231 -240 -208 49 -128 56 -234 209 235 -52 165 154 -25 -124 124 -32 96 104 -113 -80 -223 159 -95 -47 -56 106 -16 -172 232 186 187 -50 95 -222 -114 19 -160 -205 126 -49 233 -210 15 178 37 94 -72 -233 140 33 -218 -165 202 -27 -191 177 -133 -15 -155 -143 -125 -40 -61 -228 23 -77 210 173 -235 90 239 -181 -242 132 -23 176 -33 -219 -152 -162 149 -13 28 63 -127 192 246 211 -36 -209 0 67 174 103 -201 122 53 -63 -75 191 -83 -190 -109 249 206 -236 190 242 13 188 -203 -173 -99 10 157 -108 1 70 -73 189 241 47 116 220 -17 161 64 -132 55 -207 -226 -90 141 -148 -45 -67 -117 -145 117 44 -21 166 -167 25 -118 142 -185 -89 -6 77 2 -238 195 -55 -197 -166 138 105 -26 196 203 29 -179 18 217 36 83 4 115 -221 -224 -9 85 -150 58 109 97 236 -189 168 -104 54 -78 -146 -81 123 -227 244 218 -57 227 -161 -65 -5 -22 -92 -243 -180 -119 3 -58 125 24 153 200 14 -248 65 -217 108 223 -216 71 26 214 -211 213 -196 -200 -82 -107 -230 41 -246 -44 179 221 113 -106 -151 185 76 144 -62 79 216 156 155 -126 86 -11 -79 240 137 -34 42 84 228 7 -183 172 -111 -96 175 -12 167 -225 112 164 152 148 145 111 -19 204 -8 147 -171 -54 78 107 34 59 -85 -39 12 231 181 -198 170 -174 -101 -149 -157 -69 -4 -43 131 -144 -131 -2 -70 31 198 -249 -94 17 -158 75 -74 22 74 -202 215 -156 -71 -42 -59 212 -53 114 -164 -64 -140 69 -130 -247 -122 -214 -1 -141 48 73 219 -120 -29 230 -102 -213 -188 -112 89 247 146 237 -169 160 -163 -232 -175 183 162 61 234 16 135 -199 -241 -7 -192 150 -24 101 -97 118 -129 -138 102 9 -100 -220 248 120 -186 87 226 -170 -136 -91 -212 -154 80 224 45 -237 -159 208 91 -177 -137 -37 68 -184 -35 -229 -76 205 40 -98 60 199 81 128 -135 11 143 171 197 245 207 -134 243 -60 -153 
TEST 26 ARG:-151 35 148 -230 -116 55 239 -87 -185 -232 -223 155 60 -128 10 -68 -137 247 201 3 222 -195 69 -58 -48 -146 70 -170 -32 -62 -248 58 -159 -149 156 234 -203 173 -148 -9 170 -49 -145 -186 -95 -179 244 49 -187 -208 -216 7 4 129 -229 -231 96 80 62 240 -34 189 -160 -88 220 -188 22 208 81 182 -234 -200 -177 -16 -246 100 -111 228 -13 -166 64 102 135 -19 -3 -174 -135 115 -201 -109 54 -168 -235 -83 175 -85 36 -94 217 -66 31 -183 161 -92 145 -122 150 193 224 -205 205 -53 -196 163 -67 -250 -72 221 -84 42 -214 -39 164 91 -190 29 -152 229 -26 -180 -143 -121 -96 -113 -173 176 -124 -18 -40 -4 -202 -178 199 237 -199 -57 12 -41 -46 -61 -64 153 -65 -5 -171 191 -6 212 101 -86 -38 -1 26 -176 -98 210 241 -31 113 242 1 -23 174 158 -79 183 154 227 -93 -156 -206 87 -239 -129 -217 134 -240 -165 -140 -147 -70 -226 -236 -207 95 -17 152 107 187 120 -80 -241 -12 -184 68 -138 13 41 168 143 82 117 97 -247 67 127 -115 -11 -126 51 59 -75 137 -155 -8 -36 128 126 66 -71 -20 -245 198 94 -104 79 -193 141 195 -69 -162 -2 78 238 -45 177 -81 104 -144 33 74 86 -91 -127 -142 83 84 39 76 178 186 207 -131 -73 -37 -163 -56 -164 103 -77 -189 213 219 -55 190 -125 172 -238 6 226 118 34 181 -197 14 25 30 149 -237 -90 -191 165 43 197 -219 230 -132 249 -130 -59 203 206 -14 185 -192 -210 -117 -7 24 -97 92 -22 45 15 21 17 -110 -233 122 215 -108 -33 -100 -182 131 37 88 -35 -133 -25 -141 204 194 -52 140 50 146 -24 133 -29 93 -10 132 47 -89 -221 139 -51 -222 159 -157 52 -103 162 142 109 -44 -63 44 -249 245 179 -118 169 171 123 192 -154 -30 144 -136 233 248 -220 -172 184 57 -167 119 27 147 77 167 200 246 136 -78 63 110 -50 -76 -213 -169 98 72 -134 -244 61 2 18 130 65 116 225 -15 -43 5 -194 -224 157 75 -139 -161 -153 99 243 160 48 -198 56 -42 73 23 53 -120 -101 -218 223 214 211 32 -212 -215 19 209 114 0 16 -150 11 40 125 218 -243 236 -119 -228 -47 -227 -60 -28 85 -74 -54 -106 38 20 71 235 -99 196 121 105 28 -27 -102 188 -82 -181 180 -21 90 216 166 -158 46 -114 106 124 8 111 -204 -175 112 -211 9 -107 -242 -209 202 89 -112 -225 108 151 138 -123 231 232 -105 
TEST 27 ARG:-22 190 -131 210 -61 59 77 -64 -62 215 177 87 145 227 -182 -55 -89 180 -194 -205 -32 -175 183 67 104 223 23 -231 111 -139 -90 -172 165 -173 127 69 -59 108 -209 -81 -98 140 28 179 245 80 -108 78 33 -79 168 -185 -112 -154 -54 -20 -239 167 -21 -52 126 -245 -3 -166 -12 -158 58 44 64 91 -87 -6 -220 74 -13 -203 -160 -133 192 242 9 46 83 -189 -221 -88 -30 214 -247 2 81 -49 -63 -16 -157 -31 21 89 20 -178 -146 138 146 -66 -109 107 -37 92 -119 0 31 57 149 -33 143 -193 144 -71 90 153 -35 -244 -197 207 157 -195 -53 115 -199 -215 -15 -134 -58 -135 -163 158 -110 106 -218 176 84 -213 -219 70 75 27 71 185 184 -156 -208 -43 -46 249 147 -241 -155 26 -7 -212 14 152 17 73 148 -56 122 209 -69 -48 55 24 93 -188 110 -105 128 99 94 102 174 -228 188 -225 221 -234 139 219 101 -147 -120 60 -92 131 163 -4 213 156 224 65 -177 -102 -248 212 -34 -222 30 45 -24 -200 -60 -159 -65 -246 -122 22 -171 -121 -124 66 -140 105 -145 -27 -132 103 43 -78 216 48 232 -161 -51 -82 -198 -38 -70 119 -184 -100 202 -235 -142 -191 -136 200 5 -29 56 97 35 -85 47 154 -202 -229 34 -151 -237 85 68 173 -19 195 -138 114 -227 109 218 129 -76 -129 124 -96 29 7 -14 -183 -174 -67 150 211 38 155 -73 171 142 -80 -250 -192 -170 -126 -141 172 181 1 -152 198 -68 -144 -8 -25 51 4 -115 196 -201 86 -123 13 50 -223 -104 226 82 -240 206 -243 16 229 247 -117 -165 -127 98 18 63 37 238 -186 -249 -50 132 -149 234 194 134 32 125 166 -242 133 -45 -238 -72 159 -232 -111 193 120 182 170 244 230 123 -179 25 236 -36 -40 42 220 248 -57 136 -91 -216 162 -5 -211 160 237 -226 -2 -167 62 -207 239 225 113 -128 197 199 -116 208 12 -83 6 161 231 -224 217 178 -162 -95 169 164 -77 -107 -148 187 135 3 204 79 -114 137 -206 -42 -97 -93 10 118 117 241 -26 -176 49 -130 -137 -236 186 39 235 52 8 -103 116 19 175 96 76 61 100 -18 -10 -1 189 95 40 151 -168 246 228 -233 130 -143 -99 -101 -210 -23 -169 88 -41 36 -44 222 54 -9 -196 201 -94 203 72 -39 -214 -181 233 41 -86 121 -153 141 112 -204 -180 205 -125 -106 -230 -187 53 -47 -11 15 243 -113 -74 -190 191 -17 -75 -217 -28 -150 240 11 -84 -164 -118 
TEST 28 ARG:-123 168 -244 -1 171 143 -62 172 124 -159 -216 43 111 49 99 -95 21 -13 181 -149 192 27 200 -139 35 132 -194 38 2 -126 -248 122 -155 -203 -104 -61 202 -117 103 -132 174 224 -172 -249 198 -41 199 -218 33 -53 96 135 -239 233 109 88 -42 70 -166 227 -125 -102 -199 -54 167 241 -122 247 173 53 77 129 -191 -19 42 -146 -21 -107 -22 160 215 125 -5 150 -24 -221 50 187 -43 -153 153 -11 -35 230 -214 -99 197 -161 -217 -27 -64 97 -51 61 -91 87 232 194 -31 -106 -160 -174 177 213 93 -195 -115 -103 -2 84 -208 -164 126 186 -240 140 -170 -34 72 -85 163 114 136 15 -58 75 139 -59 -183 176 240 -86 182 -227 59 193 -112 209 -89 239 -14 156 221 -229 -230 -247 23 -138 -69 -25 105 -222 162 157 46 248 -80 -219 236 165 -121 -196 -224 -105 -93 -163 -101 7 -29 -234 56 18 120 -28 69 249 207 -192 -36 -71 9 196 -137 -177 144 54 123 13 127 -87 185 -168 -16 138 118 -45 226 219 201 40 149 -151 22 -81 -67 101 223 -233 30 148 222 -182 -142 -108 -3 45 32 188 -48 -197 -18 -63 52 246 161 68 179 -8 -129 183 211 170 -231 203 67 217 -200 -143 100 44 -141 155 -46 242 159 180 104 64 -232 -134 -44 -165 -77 -49 -171 115 74 73 -135 158 41 189 -205 -33 -193 94 -127 204 -173 -235 218 -37 -156 -179 47 -119 -74 -220 -10 -116 -189 11 -66 -57 -236 -178 -52 85 -38 117 116 -209 -226 62 245 -237 102 28 -223 -88 -150 -82 -243 -109 36 -190 238 -145 -78 48 -130 145 71 -6 214 24 -206 -198 -144 -181 5 -94 -131 -187 -65 -140 78 -246 -50 -136 164 -100 121 -169 -148 146 58 31 130 20 -186 128 -207 210 216 89 -40 -158 -210 29 0 -215 134 -211 -120 -76 -225 91 51 55 -185 228 26 205 1 231 -201 -238 86 81 6 -9 37 -213 -39 113 -96 152 65 16 131 -110 -55 82 25 -98 -152 17 -26 -175 137 243 95 151 -32 10 -7 244 -92 -90 -147 -188 141 34 234 -180 60 -20 225 19 -83 -176 108 -79 -242 -114 -212 -228 -245 206 195 107 -70 12 -68 -202 -113 39 -118 -97 191 -12 175 106 -162 66 237 -23 -56 -184 119 229 98 -72 80 -167 -124 235 169 154 -250 79 76 8 -84 14 142 92 -204 178 4 -15 -111 -157 57 133 -75 -133 83 -60 220 -4 184 3 -154 208 63 -47 -241 212 190 166 147 -73 112 90 -128 110 -17 -30 
TEST 29 ARG:-174 -15 -14 -137 132 115 -242 83 10 -241 -196 -11 -48 89 162 149 112 -78 -18 195 -97 98 -47 236 102 -105 156 -197 133 -88 54 26 -134 -91 55 -52 -243 -85 -86 186 -219 135 243 85 -5 196 134 44 11 -33 103 -158 -203 -188 197 -239 -107 -114 -74 248 -125 -167 41 123 -99 176 -248 -39 -64 -12 -65 -136 -9 -22 61 3 72 97 219 214 -35 -94 127 -180 -214 170 140 -216 -240 -229 139 143 -163 -194 -154 -204 129 -26 -53 -193 86 18 -92 166 -183 -221 138 -223 74 -228 224 12 -171 -237 65 -111 193 247 187 -95 -66 -57 216 7 -190 116 240 144 141 148 128 51 -101 -70 -120 -37 -206 -69 237 -184 -149 -139 -165 111 152 -2 225 -21 -117 158 -141 -129 25 -98 35 105 -153 184 24 234 -110 30 -150 -89 168 8 -30 137 -80 230 -32 93 208 40 159 -115 -45 -60 -250 -133 -192 -156 147 -68 46 -212 130 -157 107 204 -138 124 -208 -205 -207 -1 36 218 -155 87 -131 -170 206 -172 92 -59 -56 -225 178 -43 222 73 -73 -4 145 0 79 -83 200 13 -84 114 70 239 -50 49 232 201 163 -87 -234 78 -109 15 122 -102 16 151 95 99 211 -42 -72 131 63 60 154 -40 9 96 -143 -63 -173 121 -161 22 88 179 -233 221 -55 -118 113 -31 69 82 215 146 91 110 -17 -185 231 -130 34 -169 -209 -144 192 -19 207 194 68 -247 -128 -195 245 -108 -189 33 45 75 -90 57 174 -77 -235 118 -38 -191 -29 -82 -24 190 76 37 -152 81 28 21 244 -8 -186 31 246 -6 -67 -179 183 241 -23 -36 -148 53 -122 -175 101 -121 -3 -104 -159 -93 181 27 58 -123 -217 153 43 117 -54 -201 47 -200 67 177 185 228 -160 -177 19 182 209 210 -199 -198 -236 -222 -244 226 -27 94 233 -96 29 52 -213 2 84 202 238 62 242 160 -79 171 38 -202 -103 -135 -13 1 -147 64 48 -106 223 -224 20 32 -132 120 -116 -164 6 -10 80 -62 14 150 161 -16 -58 39 173 -238 -124 -226 71 142 106 -182 -249 -246 -168 -113 -41 104 -76 5 -112 -178 -20 172 125 -46 -232 -162 -230 -218 165 157 -142 220 -126 -146 -34 -245 59 -51 212 -176 -49 175 -145 23 249 199 227 169 191 42 -166 -119 50 126 -61 -227 136 -71 -215 -231 235 -44 -81 217 -220 4 -75 90 108 167 198 100 -210 119 229 -181 213 -151 -211 164 188 180 155 -100 -127 -25 66 77 -140 203 17 -7 -187 205 189 56 -28 109 
TEST 30 ARG:228 -74 146 221 98 -81 156 201 -123 14 -87 -90 -75 213 -185 -11 -176 226 -223 42 -26 223 -130 49 -142 -115 135 -117 222 -235 119 -136 -39 -131 87 184 244 -111 -208 242 -169 -18 -54 133 9 -146 121 158 20 5 103 189 152 139 -188 -1 153 -228 210 -183 -10 67 -216 207 229 148 157 -238 27 -22 -107 -198 -157 -17 123 79 141 55 -233 -55 -230 -152 -245 78 249 225 40 115 -113 -50 76 65 -79 -133 -16 -236 74 -150 130 56 -161 -177 132 36 0 235 -29 163 -144 -218 -67 149 239 -126 -226 -229 134 218 234 -222 176 -30 30 -219 -61 16 166 24 187 -49 191 -249 -116 88 69 -166 238 -3 101 -32 168 -193 -63 -147 -20 116 43 26 -224 159 144 -170 32 109 -165 23 47 72 -243 -244 182 -45 25 -191 -38 -83 97 -214 -13 -35 170 138 -96 -23 59 106 243 50 -94 68 -51 198 28 230 -187 -151 165 -76 194 206 196 60 -15 38 -7 94 -9 -164 205 -127 -36 15 17 -47 -14 232 63 -12 209 48 -190 -162 131 -156 -167 84 107 -102 240 -154 -129 -101 91 -99 162 95 -53 246 -213 73 -34 -212 -124 180 -44 -201 -227 44 -234 -171 -155 12 -168 -65 245 -163 161 46 -42 -66 10 -247 -89 -110 -210 185 110 202 -159 19 -199 143 -120 -114 -178 11 -242 137 -77 -175 61 -197 -206 51 -209 99 6 154 -108 -25 70 -149 111 -215 220 -78 -184 195 -104 214 3 108 -92 -86 -8 -85 169 151 129 -138 -148 83 -62 183 -143 21 -57 164 247 188 181 -128 -82 13 -217 -95 224 212 -19 -73 -137 175 -64 248 -132 -205 -174 -225 -37 112 145 18 231 57 -141 -48 62 -139 -56 -160 -106 -100 -122 90 93 -189 -194 -186 236 -135 -71 -31 124 71 81 64 173 -246 190 136 179 75 29 -202 4 -192 1 127 -158 -60 233 217 33 -6 -179 -58 211 -88 -5 66 -232 237 85 45 41 171 89 -173 -119 174 82 -84 -70 104 -33 -97 155 125 177 120 -220 53 215 147 128 -196 172 34 140 -4 -121 241 7 186 -105 192 -43 -112 -109 -248 142 160 167 199 8 -204 86 -2 -195 -125 39 -46 80 -21 208 -118 -41 122 102 -211 118 -103 219 2 52 -240 -68 -52 -91 31 204 178 150 -250 -69 92 -172 -207 -59 96 -200 114 117 54 -145 -27 193 -153 35 77 -231 105 200 203 197 -180 -80 216 -140 -241 -24 -134 -40 -93 -72 100 126 -239 -182 -98 -203 -181 -221 227 37 -237 -28 113 22 58 
TEST 31 ARG:-41 178 24 -145 -21 124 -94 35 50 201 223 9 -29 -11 -193 241 19 187 182 -76 -234 -100 -209 -165 239 -69 211 -48 41 -68 -99 -160 -45 14 -133 126 79 5 -169 55 30 -243 111 -119 76 174 -230 -3 -203 -213 61 63 -172 209 194 3 -64 -121 -16 -190 235 202 -198 -5 220 77 -130 57 -35 -179 173 -123 245 48 52 180 -28 -248 -246 -149 104 123 214 213 158 10 -192 -108 -79 -177 13 148 165 99 -170 21 -215 26 135 -67 205 197 15 -106 -2 -120 4 153 98 1 -138 -32 -151 81 -189 -87 198 -39 -175 -205 134 215 -30 -155 -112 -157 90 142 177 -206 168 224 -114 -158 32 218 -14 -178 -90 137 192 -204 -176 136 -137 96 130 -71 183 -17 -135 27 2 16 87 -109 161 40 -194 -146 170 222 -101 117 -65 -218 -143 -52 86 129 246 -25 -150 -73 -22 -70 42 -183 0 -40 -9 -184 163 -208 69 -199 -42 186 67 -201 238 164 -148 -127 230 -245 60 89 -174 -19 54 43 -212 -91 240 193 113 -197 171 -210 46 -97 -31 -83 -152 -164 226 38 167 -56 107 -10 68 59 102 -85 207 143 -188 -242 -195 -84 210 49 64 -181 -110 72 115 176 -186 139 17 -54 8 45 -200 -182 131 23 -66 -196 233 66 234 160 -77 221 199 -238 84 -113 -102 -122 196 119 -34 -207 -125 -236 29 248 155 -36 47 203 -49 -63 -37 22 -244 106 88 217 -18 242 -231 172 -241 144 25 -126 -78 -74 103 95 -86 169 237 -12 -237 -4 -23 75 -224 -98 -132 -115 228 232 -124 39 206 -103 -131 -144 -180 116 91 121 208 -239 -80 -235 -118 159 191 -92 -225 -105 -61 78 -153 -229 -233 100 -227 -217 -142 18 -232 156 -55 -81 138 83 185 -223 122 105 51 151 229 149 -43 120 -72 65 200 -147 -216 11 -44 31 133 33 247 94 -116 157 231 62 150 74 -33 152 236 225 146 166 -221 20 -222 -166 -13 -20 -139 162 109 108 -89 -214 140 190 110 -202 85 -26 -107 127 -46 71 58 -57 -51 82 -247 73 -8 141 -93 -62 147 -167 -50 -95 -38 36 216 -27 -60 -140 92 -249 -159 56 -185 -162 227 6 -47 243 -156 12 101 179 -219 -191 97 184 154 37 189 -6 219 -129 -96 34 181 44 114 -226 -154 212 132 -75 93 53 -104 -117 -168 118 -1 188 -173 7 112 -7 -15 -187 -228 -163 -171 175 80 -111 -59 -53 -82 -240 249 195 -128 204 -220 128 -250 244 -161 -134 -88 -24 -58 145 -136 70 -141 -211 125 28 
TEST 32 ARG:96 -58 15 -86 -202 -186 93 -126 142 112 -148 -213 -75 -218 -107 71 -48 -205 -14 -224 -65 -36 193 182 105 230 214 -221 -15 176 -189 222 190 172 -87 226 -85 106 -20 235 89 13 -235 12 92 -109 220 67 -124 -188 100 -172 118 195 -49 41 -17 -89 -53 81 -27 120 227 -73 -141 -133 160 -110 -46 -220 74 9 80 -140 -39 -12 84 -91 -225 126 234 198 -153 -78 29 -232 -176 91 57 183 -197 -132 -31 -108 -237 215 239 121 51 -178 158 86 -156 -13 99 -29 110 224 -47 -82 0 -200 248 -206 189 58 -168 97 131 -234 203 52 -212 -118 -143 -231 47 -38 192 206 -246 -138 -51 174 162 -223 169 -19 -115 -33 -155 -129 14 111 101 -121 -226 -42 152 -164 -241 178 -166 -83 216 -59 54 -64 207 4 243 205 242 114 23 -210 159 -30 -55 168 199 37 -101 -192 49 208 11 -187 -170 -199 -72 188 -68 -50 64 240 -227 -98 175 -184 -238 -219 -92 -127 -34 232 -149 -185 39 154 5 1 -84 63 116 123 164 246 237 -9 -165 19 45 7 -191 124 218 -135 139 -145 -22 94 -239 -137 60 68 225 -150 113 -182 -216 -248 -69 -1 217 -194 30 -43 185 44 117 161 -243 103 127 -44 -175 143 153 34 166 187 -167 -134 -99 -173 -203 98 -112 122 -250 245 238 -45 -96 -10 228 -147 43 -214 141 -79 -171 -94 171 231 31 200 69 10 147 -161 56 -117 -160 22 210 -40 -208 -23 61 -217 -74 6 -4 -100 -103 95 -104 -70 -28 53 48 -122 2 -97 133 -201 170 3 17 125 76 55 151 -77 -114 233 -136 204 155 -57 -102 -204 -24 -233 -245 223 72 -125 -63 88 -162 179 -37 18 194 -244 -236 212 145 -41 -196 236 -247 -193 27 -157 -76 66 -105 108 -32 8 87 213 137 -131 -18 229 -25 -242 82 -230 -222 211 -169 -152 65 70 -154 33 177 62 -190 35 85 -240 144 209 136 25 -80 184 247 -8 -90 50 -130 186 -95 -56 -106 -179 -61 181 138 163 -144 -151 -119 38 -54 241 135 59 83 149 32 202 -195 46 140 -113 -139 156 -207 78 167 36 180 -183 201 77 73 197 191 -81 -120 -21 173 -5 -67 -198 -11 104 -60 -159 130 119 249 -215 -88 221 -209 28 75 146 16 79 150 -16 -7 -142 115 -26 21 -211 -181 -111 -2 -52 107 102 42 132 134 128 -93 24 -128 219 -123 157 -66 20 -71 -180 -146 -116 244 196 -229 -163 -3 -62 148 -35 26 -6 90 -158 -177 -249 -174 40 165 -228 129 109 
TEST 33 ARG:131 -144 196 167 152 93 -85 103 -209 133 116 -202 -239 -129 130 -123 177 -179 -195 40 34 -182 -228 201 28 -16 176 220 174 247 -150 249 137 188 91 16 123 89 231 -220 33 -70 -126 -14 163 -190 -175 185 13 87 -79 138 -20 47 52 -96 -160 -106 -181 -27 192 236 164 -59 44 -191 -235 12 225 -198 95 -8 178 228 173 209 -142 141 190 212 166 -90 -210 -163 -41 -91 172 -39 -62 85 -217 -244 -231 -48 -224 242 42 36 224 99 -58 66 171 -38 -232 -67 -78 184 29 145 153 -116 1 -207 -143 205 -141 65 111 122 -51 -102 -83 208 -55 158 21 -165 74 179 -49 49 139 180 68 -24 -135 104 -112 -130 119 135 -131 108 -249 -162 -133 -148 -32 105 237 -108 127 70 -22 113 38 165 63 221 189 -154 32 61 -245 -199 227 3 -33 22 30 226 -216 -98 -119 -68 -104 151 -66 155 23 64 199 41 90 -206 31 46 -240 -127 -132 -158 162 -139 238 213 206 -44 82 -187 59 -25 26 159 -46 244 -134 -80 43 217 -100 -114 -149 18 -227 -140 -88 -11 -180 234 147 9 37 -5 232 -246 239 -61 55 -136 -234 -81 -21 -95 -115 -120 115 203 -43 5 69 4 -124 -128 -238 -159 202 84 107 -57 -203 56 230 183 204 -63 7 -6 -194 134 -76 -233 150 19 -167 -86 -64 219 160 102 218 142 -30 198 20 -173 114 -107 161 98 -84 -204 -137 -9 -17 97 191 -60 -101 17 -200 -170 88 243 -247 186 -174 -111 241 -156 -196 128 -34 -77 -146 -176 -215 -69 -242 193 35 -157 -192 149 -213 11 -212 79 -19 92 246 -164 -138 -4 124 48 80 -56 25 81 24 109 -26 -185 -248 136 -103 -52 -201 14 8 -72 -178 110 216 -99 -50 -171 -113 -219 -147 -226 72 195 -145 -47 -183 -18 2 -186 76 197 126 -222 -189 169 148 51 94 211 58 -153 15 -161 -29 -92 -97 53 210 -221 146 -250 -74 78 -237 207 -1 106 100 10 -155 -223 -184 -205 -75 -36 121 57 60 -193 77 -169 -211 214 143 235 -3 223 -94 -109 182 -172 120 -218 27 54 45 6 -87 -225 -7 0 -37 -28 75 -208 -40 -42 -236 -93 -53 96 194 67 -121 233 -13 140 154 -241 200 -10 125 175 112 -23 -82 -31 -166 -177 -214 -152 -35 -71 181 -151 -54 215 -110 156 -65 248 157 -12 -230 240 -197 71 -122 -89 117 -73 187 -125 229 73 144 50 132 170 101 86 129 -45 -229 62 -188 -243 -2 83 245 -105 39 118 -118 222 168 -15 -168 -117 
TEST 34 ARG:-200 -60 -111 90 25 206 70 214 -239 111 -161 -82 -21 187 174 201 241 -189 223 -186 -89 13 205 -48 215 151 224 -222 170 -137 203 163 -37 141 -119 -101 -70 -136 -117 146 222 -244 240 239 -196 225 46 156 1 -172 178 10 142 -12 112 -220 23 -1 98 124 140 52 -49 30 44 -236 -150 -79 -8 -128 120 229 60 118 -125 106 228 62 -35 -198 134 -237 -175 -188 79 -57 -61 -118 190 199 -65 -103 -121 59 -94 -76 -84 171 20 -201 113 -157 3 -52 -3 -129 -108 243 196 0 -126 160 -173 -241 -187 67 -56 -202 -32 -77 -182 -179 42 202 76 -87 66 27 15 38 155 85 93 -115 158 176 -58 227 -30 100 97 188 193 61 68 -234 -116 7 -83 -73 -18 -207 28 177 -10 -190 4 -47 192 -223 136 -53 -240 175 -114 51 -181 246 216 247 -197 -51 2 -28 230 117 -205 218 219 -210 -40 -235 -226 -86 -154 19 47 48 -4 31 57 127 166 -219 154 119 -17 -54 37 110 182 184 -102 -14 -20 -113 14 -195 95 74 195 16 131 180 -229 -140 172 116 -147 147 161 107 -122 18 -131 -203 -132 -242 -72 -151 200 49 -148 114 -64 36 -214 -218 234 -6 21 217 -192 -193 185 88 -75 50 -232 -11 109 149 123 -15 87 22 -174 29 198 130 -169 145 64 -191 194 -160 -180 -39 209 -7 -206 236 -194 125 -178 153 96 -163 211 -110 -153 41 54 -81 -211 -247 191 -50 212 148 91 -133 210 -245 -142 128 173 12 -26 165 -221 -33 -88 104 -227 -98 5 183 248 89 -74 143 34 -177 -135 -93 -164 108 220 244 -127 8 249 11 35 -107 72 -25 -27 83 115 179 232 -46 -78 -123 84 -144 -224 -66 -90 144 -152 -31 189 -106 73 -167 164 152 186 -69 -208 -91 135 132 17 208 33 -225 -217 137 122 169 -80 -209 -130 -176 -141 -216 -100 245 -212 -38 103 235 -250 -95 -120 168 6 -149 94 -156 150 -85 197 -99 -143 -112 -24 -243 105 -184 32 43 -134 56 237 39 -92 -9 80 77 -162 102 -199 -104 204 -165 86 126 78 -246 162 65 -105 -238 213 -158 -29 -228 9 221 133 -145 167 -159 99 55 -109 226 -41 63 129 -97 101 233 -166 -171 -230 -13 238 81 -138 53 71 -215 207 121 45 157 -146 -233 -185 -42 -62 -63 -45 -139 -155 -16 -96 181 138 -22 -213 82 -168 -59 -170 -34 -19 -231 -36 242 26 92 40 -44 -68 -23 69 75 -5 -43 -67 -124 139 58 -249 -71 -248 231 -183 -55 -204 159 24 -2 
TEST 35 ARG:150 -150 222 105 -74 -124 -121 158 206 -203 -5 109 -204 -29 -207 9 148 116 -229 -217 114 -54 0 -123 62 144 -220 95 147 -243 61 -76 -25 151 134 36 -21 1 245 -130 -156 92 -140 14 -112 -92 16 228 -81 91 197 85 -56 -146 -195 216 123 -49 -172 100 -192 120 -55 57 180 -244 -181 225 -22 -69 51 -221 -129 -105 -200 90 -36 107 -127 212 -42 -187 96 -237 -44 191 8 31 154 -32 143 162 -166 -151 121 -1 -238 -103 -144 4 176 -65 -193 106 55 -70 205 -163 224 218 122 174 -101 -39 108 -234 -171 73 11 -222 98 104 76 -128 -108 138 43 -209 198 -218 -85 -228 26 -230 175 101 -206 153 41 237 -68 50 -78 -138 21 60 -95 83 -133 -241 -91 -167 248 -213 -232 145 -117 71 137 172 117 -88 -12 209 86 181 -13 236 -10 -16 124 -145 -249 195 38 -162 -212 -62 -60 -38 -183 -111 -178 33 99 -208 -35 -233 149 -113 52 -6 165 -194 39 -161 -107 72 -45 -59 -57 110 -120 82 58 -86 -196 -185 -191 135 -43 -198 -214 140 -169 210 94 -247 173 157 -34 -235 -188 128 -248 213 -240 34 -28 -4 113 152 239 188 -175 -97 65 -199 -153 -52 207 -134 227 -139 13 -239 214 97 -245 44 -135 28 200 23 93 68 -37 -225 -155 -122 -179 226 -53 219 156 136 194 -142 202 18 -80 177 190 -110 -87 -72 183 139 -224 -246 -30 25 221 -180 -77 -116 -211 -149 -106 125 80 -67 -125 -223 -132 -202 -24 170 -98 129 -75 192 208 230 240 -20 -159 -119 189 -236 -17 -227 203 171 -148 -26 244 231 -27 35 10 -89 186 40 102 -115 -41 -64 -118 -104 -33 -47 -31 215 -11 233 24 132 -190 -210 -226 -184 79 241 -242 54 -215 -165 -84 47 77 -18 111 130 -93 6 -7 -79 45 -15 -176 211 67 -160 75 -143 126 196 64 74 -100 -152 232 142 22 -136 167 220 -216 -250 -109 20 -73 48 19 159 247 238 182 -66 70 229 169 -231 249 15 89 146 63 141 164 30 -197 -141 -14 163 -48 103 27 -94 -114 235 -174 7 46 -158 243 -99 187 160 -182 193 29 59 127 246 115 -147 112 -170 -137 -51 -71 69 5 201 -9 32 -83 84 168 -219 155 3 37 12 166 49 133 -164 -58 184 217 242 -157 -205 -102 56 118 -173 -82 -23 179 66 178 53 2 131 -186 -131 -2 -8 204 -126 -3 -90 -61 -154 78 -201 185 199 -189 87 88 223 -46 17 234 -63 -96 119 -19 -168 -177 161 -50 -40 42 81 
TEST 36 ARG:-72 174 238 -5 76 -128 179 47 -124 116 107 -160 -217 -188 66 49 141 26 220 -131 -68 170 219 212 -115 92 -146 48 -141 -35 229 244 131 165 -172 -59 236 130 -133 2 29 245 -82 43 168 36 -87 -107 184 135 27 193 7 -218 33 -69 -235 -157 80 129 227 -8 -66 74 -24 -103 -174 240 52 -214 -230 187 -121 137 -114 -147 -177 -200 19 231 23 -145 164 128 -80 0 70 30 45 -56 -4 163 -220 -104 -185 121 -21 -228 -53 -137 115 -67 119 -215 -142 34 -134 100 -1 -216 35 4 -22 -25 -19 -155 13 134 11 207 214 162 12 188 -52 224 -144 132 51 -9 65 -127 217 -63 -41 -180 94 -83 230 194 117 -191 62 -126 3 172 198 -231 218 160 -247 213 -61 15 -175 -13 46 -31 -238 161 -240 192 -57 44 -90 -119 -233 216 -130 -153 122 -91 -98 87 190 -187 -243 -138 127 -7 148 246 -237 -100 -50 79 -16 38 -242 -211 -154 -183 -89 82 113 225 -171 -108 28 -139 -202 75 -18 -123 -54 -33 197 59 -197 -120 -143 -99 98 -207 237 -203 -176 226 204 203 -92 69 125 232 -106 -11 158 -199 -81 56 139 -136 144 -151 54 -232 183 -36 -212 -184 10 -34 152 126 205 -167 -3 -12 78 146 159 -77 -65 176 124 -149 -37 85 167 -73 31 111 -248 136 -189 -111 18 -17 -105 17 -156 202 97 -222 -219 -45 108 -206 143 -44 -46 215 -246 -102 156 102 181 120 -51 196 -93 -209 200 189 -186 112 149 153 -239 99 138 -234 -152 103 -48 182 81 6 -74 -125 -236 -163 -173 -166 63 -162 -221 -27 -110 154 247 -88 248 -28 191 104 114 -71 -58 -135 83 -122 -150 -55 -192 -227 239 233 155 42 -76 175 -148 -179 106 -132 210 -109 91 25 -226 243 -43 96 242 171 -42 -84 5 14 -250 53 110 151 -94 8 -78 -32 150 -6 88 9 89 20 -165 67 -178 -60 -49 211 77 199 -38 178 177 -15 206 61 -241 -245 50 -86 57 1 -62 -204 -244 147 -225 105 -223 -208 -70 -193 -47 -64 -198 -196 186 -210 -164 185 95 58 -161 123 -85 -182 241 -112 22 -159 68 -26 -14 40 -10 201 -23 -97 157 -158 145 221 -195 209 -118 -101 -205 228 -169 118 -117 71 93 84 -129 21 -194 -39 166 90 55 16 -229 39 41 222 -201 142 -75 -20 -181 249 -30 32 -29 24 -2 -113 -170 173 -140 86 -168 72 -95 37 60 -96 -190 -213 169 109 195 140 208 101 -224 -249 -116 -79 -40 133 234 73 223 180 235 64 
TEST 37 ARG:-121 247 220 -142 229 46 76 -13 16 99 -4 66 53 75 182 203 56 -203 -42 -102 -137 -249 235 -45 183 195 -127 -239 -151 -145 107 -73 -108 -62 145 -9 -165 71 -217 163 -162 -90 27 -105 233 -222 -29 -59 214 -39 -204 171 -109 20 60 -158 -103 -88 -28 -119 -174 234 -161 -97 167 -20 6 -60 -196 -83 202 47 112 -138 186 62 34 246 -44 198 39 -1 -66 -35 -202 25 -25 -207 -219 140 243 176 105 -210 209 237 -21 95 -33 98 184 26 -132 244 -156 212 -22 -63 -154 217 241 -130 -96 -104 132 85 232 -36 -250 204 -187 0 -79 -118 23 80 82 -189 -2 -74 160 -221 -237 -201 153 189 42 222 201 -134 175 -11 -195 97 111 43 -152 -31 215 10 -211 208 31 -190 -6 -124 -38 172 -169 154 -248 -101 -148 -117 58 177 -215 -128 -3 -15 -133 -126 -93 166 -95 -122 150 30 199 41 4 74 -80 59 21 -131 -18 242 144 3 196 -82 44 -191 45 48 24 -175 89 40 -16 -247 240 115 231 138 1 122 36 -236 -238 -65 79 -197 245 88 -164 -77 -110 -226 178 -47 -194 -245 -92 91 -85 193 -214 -100 -181 -141 200 -53 28 -229 29 136 -123 158 -51 33 228 173 169 197 106 -115 -160 -54 -180 -186 -140 -173 -177 -89 38 119 -200 -113 125 -244 77 22 -167 -98 -159 -166 127 -232 86 103 139 118 -46 188 68 17 -155 239 -171 -225 216 84 -224 55 -56 87 37 49 137 52 224 126 -81 -87 -23 -91 -242 -37 54 -192 -69 90 70 5 -228 -49 7 223 -107 -52 134 141 180 210 206 93 225 102 108 96 120 -185 152 248 117 181 -5 -208 51 65 -153 -41 -143 81 57 230 -233 -84 110 135 133 191 -57 148 -205 -163 128 -114 168 192 -149 -168 -12 -34 -176 -157 174 -243 151 -240 -58 35 -78 170 -227 101 130 -67 -120 207 15 185 -106 -30 -139 213 -99 -223 -76 -199 109 187 12 -43 -193 -27 -182 -188 69 123 -209 113 -8 67 -231 -71 -129 61 50 -216 13 -136 156 -10 -246 190 226 149 -150 63 249 104 -178 -48 92 -144 165 -24 -179 -68 -183 -61 -172 11 -146 -230 -170 19 -55 78 162 -75 9 211 14 -147 -17 18 -14 227 -111 -218 72 -70 -72 124 121 -198 -50 114 -94 155 194 -64 83 238 8 -241 -26 -112 129 146 -135 221 94 -235 -7 -220 142 -234 218 32 143 159 219 -184 236 73 179 164 116 -116 -212 -32 205 131 -125 157 147 2 -206 -19 -86 161 100 64 -213 -40 
TEST 38 ARG:-118 143 67 6 -48 119 49 234 -89 66 -171 -81 59 183 -100 121 -157 -85 149 184 -162 50 101 227 -57 189 -38 24 -123 -242 17 -91 -170 -142 -219 11 -129 -245 -104 228 243 221 16 -95 165 -50 -169 -238 197 117 -213 -51 129 168 -209 -159 164 -202 109 -96 -145 71 10 -164 -236 187 153 79 -133 -54 -86 -207 133 107 91 1 -13 -18 -116 -16 242 44 27 141 -112 -205 200 115 -130 160 -144 116 -175 -52 -155 -167 -68 218 -132 -204 154 35 178 -141 22 162 -94 -147 -246 58 -217 229 158 -49 -111 92 42 -235 -241 145 53 18 -221 69 -247 225 -124 -87 84 -229 204 177 -69 -12 -55 198 170 -136 -3 -182 15 86 -11 -226 13 127 142 -249 -149 238 -75 -42 48 -244 182 25 30 -113 -10 -39 180 161 32 90 -174 -237 -163 -108 -180 85 139 -230 144 45 7 -7 138 188 -239 -187 -122 19 81 -216 5 199 -47 -34 114 100 -194 -26 -125 34 -56 60 236 163 192 -154 -210 211 -215 -212 -101 -181 -148 62 -66 112 -8 128 135 -152 191 -93 -80 208 -143 72 231 -107 -29 -59 -227 150 -5 239 -218 -114 70 -120 179 -201 0 113 -83 -192 232 181 55 -178 94 -45 9 -92 203 247 219 155 -90 76 102 -184 -117 -72 -231 -199 -30 46 -220 89 166 -183 80 23 -228 223 77 205 64 -119 38 -168 146 -156 -106 51 -127 88 -153 249 -46 -179 74 -214 245 -222 28 73 103 -35 202 137 -161 156 224 237 65 -43 118 -150 61 63 2 -77 171 -158 124 41 -186 244 -200 -137 -134 -53 214 -78 -79 216 235 -139 95 169 83 -98 -31 134 131 -99 -102 -223 132 185 -224 194 186 8 209 -206 14 -138 -21 43 93 4 -177 -76 105 -243 -61 111 220 -2 -70 87 -64 176 -58 -4 226 210 212 -128 174 -19 233 -24 196 -84 -211 -67 -105 -140 -131 -196 -121 -109 -173 110 -115 54 -25 173 -225 147 75 193 21 -32 -65 -28 -234 -185 148 -240 -73 33 -40 -1 -41 -22 -36 157 -23 136 -88 52 47 36 56 -189 201 -110 68 -203 -63 207 240 -193 -176 151 140 39 -165 -188 20 -6 3 -33 -198 -232 206 -126 108 190 213 78 -60 -62 -146 -9 122 167 -172 -27 246 230 31 120 126 12 175 37 -17 -103 -233 -82 -248 -74 -44 -20 99 -71 104 -15 82 172 -195 -14 26 195 130 -250 -37 222 -166 125 123 40 29 217 215 106 248 -160 97 159 241 -135 152 -191 -208 96 -190 98 -151 57 -97 -197 
TEST 39 ARG:-66 -183 146 -54 188 -136 -170 -132 129 21 -38 229 111 68 225 -89 118 206 -208 171 230 -13 11 221 -95 4 224 -235 65 -63 38 109 17 212 211 145 -60 -169 57 -154 172 -165 150 -91 -135 52 -102 248 236 26 -119 -246 -67 -45 -204 197 -77 239 -70 161 185 -198 234 -219 -137 97 95 -187 83 196 244 215 -144 99 166 -98 -231 -159 -123 223 249 -205 -217 240 78 -69 246 195 67 -101 -240 -52 27 -193 -107 -25 193 -34 91 157 210 28 70 101 135 -173 104 -94 -2 155 -11 235 114 -72 -188 -190 208 54 173 199 41 -233 -14 220 40 -203 -218 165 19 50 -53 42 -242 184 -148 -156 18 192 138 -41 -189 -220 -55 -49 -200 -209 -8 30 -131 -241 227 85 -103 -117 90 -112 100 245 141 -138 -24 120 98 180 -167 -76 -130 237 62 126 -71 25 -73 -176 -5 -150 -127 -212 -37 -106 72 216 -44 -225 -230 222 -32 147 93 22 189 -168 55 -133 -243 231 134 32 105 152 -161 -122 -43 -197 -125 -50 46 -29 -18 169 -111 47 2 -236 153 -7 -90 -27 -124 -206 187 61 -141 -147 143 -4 -215 -128 233 -192 -201 117 -19 -177 -108 -80 149 -179 -121 115 33 87 -249 -194 110 45 -88 48 217 -178 0 144 -17 131 94 -57 204 -181 -145 148 -79 -58 51 12 -56 -93 6 -78 -65 58 116 190 35 132 -6 -228 232 194 -114 108 -83 127 191 137 133 86 163 -158 -229 -239 -202 -35 7 -182 81 -166 -247 -51 -68 -115 121 49 -31 142 -250 168 200 -22 80 96 -86 106 -30 -210 -20 -234 74 -196 1 -12 207 -61 159 -139 66 20 -36 170 -214 228 241 -151 -42 -15 -9 151 -62 -223 164 -142 15 -116 -186 -221 -26 154 123 -82 183 92 167 113 202 16 112 102 77 39 201 73 -174 29 -245 14 60 10 24 162 53 -199 -40 238 -118 242 -74 -3 -224 -146 -87 140 -129 -47 179 213 186 13 130 214 84 122 82 -97 182 -175 128 -213 -10 3 136 9 -110 -216 -162 43 -39 71 23 -172 -126 76 -59 64 -113 -140 79 218 176 -160 158 63 -21 75 -180 -143 -184 119 -16 -226 203 -1 -23 44 31 125 107 205 34 160 69 -28 -75 -164 -92 -105 -104 -46 -191 88 -157 -211 -100 181 -99 56 37 -237 156 -244 -64 8 -149 226 124 -163 -96 -120 103 -207 89 -222 198 -85 175 -134 5 -185 59 219 247 -152 174 -33 243 209 -227 -48 -155 177 -153 -238 -81 -248 -109 139 -84 178 36 -232 -171 -195 
TEST 40 ARG:70 -110 -249 -83 -29 -219 -184 107 183 -239 129 -101 135 -175 57 -8 -185 203 -67 239 -27 -68 -44 -220 105 -237 224 -155 -39 152 -129 -189 -138 -75 -216 116 -56 -70 110 -194 -133 -117 -116 102 193 40 174 -1 245 -28 -125 -65 -182 -107 -73 132 202 61 -99 180 82 -82 -97 -246 69 -166 -195 7 -122 15 198 16 124 160 184 -169 104 -78 100 20 52 -233 -127 -196 -145 185 -146 159 -114 -243 0 -151 -212 -200 -139 -198 90 -62 212 136 216 36 237 -41 195 -203 99 155 62 -20 -232 248 194 166 -192 -148 200 34 146 -191 58 25 127 233 23 -247 -234 -105 -33 -183 165 -163 4 109 97 -223 218 -93 -109 -164 210 113 -98 51 242 -218 64 -238 -207 -42 -113 121 133 -222 220 80 -128 229 1 -142 207 -187 98 -57 247 -170 72 219 162 -221 236 2 217 67 201 5 147 -150 -54 -147 -66 17 114 123 76 -87 22 38 30 68 85 206 181 -119 -197 -208 29 191 37 -158 -100 208 -186 -16 -250 -30 -171 -152 -22 56 63 138 -15 -91 74 120 -89 -180 -215 122 89 28 71 66 -135 -103 131 177 -140 163 -10 111 91 75 221 -244 -26 -224 119 -34 -157 182 168 -190 186 149 170 197 -248 -178 244 188 -230 43 3 153 126 -159 -38 -108 59 190 -80 -235 211 -210 -149 249 125 88 -84 -2 27 235 141 55 -81 -64 -193 226 -50 171 231 -226 172 -120 -141 -13 -9 -153 -6 139 42 14 12 -59 -173 48 -47 189 13 84 -240 -71 -102 -43 209 -229 241 50 -123 95 -225 -49 -3 175 -132 -112 -14 -188 -45 118 199 -165 187 39 140 -11 134 47 -37 213 -245 79 -167 204 -35 96 161 -205 -25 10 -217 -53 179 60 -161 -46 167 -154 54 246 -24 -156 11 -32 144 -7 18 86 -231 228 -213 -162 -177 164 -21 -58 103 -85 -77 -199 -204 -181 128 -111 -211 106 192 32 -92 53 232 73 143 21 49 -228 -96 41 -168 227 -206 205 151 148 173 108 -23 -236 -61 158 65 214 -72 -19 -241 -40 176 -4 -79 8 9 24 -90 238 -115 -63 26 -174 35 6 -95 196 112 -104 223 -143 19 -118 169 117 83 137 225 93 -48 145 -126 -136 156 -52 -60 240 -74 130 -134 77 -144 87 -5 92 -242 -55 -106 215 45 -88 -31 31 -18 115 -214 -202 81 -76 -160 -17 -209 178 101 -36 -12 94 -124 142 243 78 -51 -130 -227 -131 234 -201 230 -179 154 -69 -121 -137 44 -176 222 -86 -172 150 157 -94 33 46 
TEST 41 ARG:-74 205 -176 -30 85 9 221 84 -116 165 191 -117 203 247 38 -242 23 -94 66 69 150 -231 -188 -88 189 0 175 -106 -207 159 57 -99 -52 3 214 -118 62 55 -221 152 99 -136 110 219 241 -109 190 21 -138 -249 -154 -90 146 -37 160 186 -62 119 -160 -6 -25 233 -223 104 30 -58 2 -131 -57 -200 -124 -199 249 -48 -34 -111 135 209 -13 -101 170 -27 -69 -56 -33 -243 138 100 225 92 -248 134 -218 -135 -80 -98 234 -180 19 -189 56 39 10 -53 248 -153 -105 -159 -209 133 -46 -125 91 97 -175 125 54 -8 -67 199 124 -208 196 -89 107 -193 212 197 47 79 -202 -110 -12 58 -115 -164 195 246 -178 93 -182 15 -247 227 -4 -211 -132 -73 -61 224 -239 -141 -18 77 -51 -82 145 -151 80 -139 -15 -49 -14 148 20 149 -194 201 8 -59 -195 -229 70 -72 41 -60 12 68 -241 188 223 102 -44 210 -165 -104 -50 81 -96 -103 -235 -148 -174 -162 74 193 48 11 -130 -170 109 215 112 31 169 33 -246 64 -233 127 -121 144 -140 139 -68 32 183 235 -83 63 73 174 136 -133 130 -198 -157 -45 -47 -81 157 -215 -186 120 -219 72 101 -10 -147 71 -226 103 180 -126 -2 -216 202 40 -36 45 -39 -245 -158 114 129 245 -191 -196 -85 -172 192 158 -100 -167 -220 -20 -137 18 -54 -35 -179 208 -114 154 86 128 -19 14 168 229 118 198 206 -184 50 26 -17 -84 35 156 -183 49 -142 -181 -234 113 161 -236 -145 -40 176 -43 -206 94 22 220 -204 67 -7 53 105 155 -78 -63 46 -112 -1 163 179 -250 239 122 -149 -168 43 166 87 34 95 143 17 181 44 96 222 132 -212 -228 16 78 7 -240 121 60 -93 106 -3 -187 243 -205 -91 172 -119 -42 153 -143 5 -28 4 228 -65 -102 -155 -203 36 -210 75 29 -173 -75 216 147 -222 52 -244 -169 140 25 82 -150 108 37 -177 -146 98 230 1 -23 -22 -26 240 51 164 -79 -224 -113 -5 6 -166 211 115 167 173 123 76 187 -31 -197 42 141 -11 -213 -225 -95 137 -120 28 185 -76 -152 242 -92 -214 218 -108 111 -237 177 184 89 -227 -55 -66 -64 -77 83 -87 -144 90 182 -9 -24 -192 -230 231 59 -97 -156 13 24 171 -123 178 213 207 -16 -238 -134 232 -128 65 -86 151 126 236 -107 -232 -29 194 237 131 -185 -190 -217 -161 -171 200 61 -32 244 -129 -41 238 116 88 -201 -163 -21 226 -71 -70 -127 -122 162 217 27 -38 117 142 204 
TEST 42 ARG:-105 42 25 -189 235 -1 195 -28 40 -48 -162 242 -219 80 92 58 -80 -103 -93 220 51 -18 -76 -136 53 -170 -127 -124 7 114 110 -228 201 150 127 165 -78 3 -224 -5 -34 -90 -72 -243 -230 -118 33 -123 227 -121 138 -143 -236 -208 111 -36 -68 -107 -150 93 246 128 164 -220 48 112 38 158 -86 -15 -33 32 29 133 130 -148 -144 248 205 -244 -147 115 155 74 97 144 -58 -13 -73 241 -135 -187 84 -119 -31 -247 243 76 -57 17 -186 204 -61 -214 192 139 -62 -173 134 104 -120 244 83 -60 184 71 -32 -79 160 -19 73 105 -82 172 46 -154 -240 -55 -24 -102 223 66 -26 -139 -20 -222 87 68 -201 -115 16 200 167 101 1 216 100 245 249 -81 -200 193 -235 -88 -202 180 -117 -159 -116 63 -9 19 10 -174 -225 20 -167 225 131 -67 -196 -156 106 -194 -122 -242 175 35 -160 -83 162 -95 191 224 -22 -176 -198 132 -114 141 168 198 30 -6 118 -77 -166 -10 77 -229 55 197 -212 -25 -70 -218 -29 -245 -53 -155 217 -233 173 120 -47 177 157 140 91 -207 247 75 -94 0 189 98 61 -8 -112 -14 176 -138 -168 212 142 -128 -111 -131 143 -193 238 -151 -109 126 39 -157 -75 85 43 240 170 -97 239 -43 -130 -213 -39 159 31 -12 -210 81 -179 169 67 -17 -71 123 -56 229 194 -132 -89 56 116 -37 -185 14 -45 -199 125 153 103 -217 -66 -101 135 13 -175 -110 90 -69 -163 12 -181 -63 -184 -2 202 -192 151 231 -239 -226 183 88 -11 222 -100 186 54 78 207 -65 50 70 -30 188 -146 -50 171 163 -158 15 89 -238 214 179 -52 4 86 228 -125 -46 -21 -188 213 215 -59 -246 236 221 -96 -91 -171 -92 -3 49 152 -152 57 174 187 -64 226 218 -204 -153 -180 -113 -7 24 -23 96 -44 -223 -142 99 6 -85 65 -232 28 47 -137 -145 94 -172 190 206 34 -129 44 233 2 -237 154 -169 -35 -183 -165 -140 -211 -241 -191 -177 -84 156 -108 41 237 79 -227 178 -133 -141 69 -205 -27 -106 -134 161 -249 203 -203 -190 -215 -209 107 -248 -250 60 185 -74 102 147 23 64 232 196 -87 72 124 62 209 -38 199 136 230 -149 82 59 113 117 -99 -16 211 -51 -178 121 137 182 -182 149 -197 -161 145 8 -40 37 36 166 45 -231 -98 109 219 -49 -195 -4 -104 26 119 -206 146 -164 181 234 108 129 27 5 11 208 9 -234 -216 95 -221 21 22 210 148 52 18 -54 122 -41 -126 -42 
TEST 43 ARG:-248 2 -18 -165 -156 100 -173 -187 -101 -225 3 155 -199 133 -198 -109 91 -23 -223 206 122 -87 -214 187 -211 -250 223 24 -78 -67 246 -50 63 131 -95 -140 178 -106 -99 198 71 -150 -32 -229 138 180 -90 -1 108 -70 -112 121 -133 174 -205 -72 -154 -159 -37 -71 177 116 -147 -77 81 -208 162 33 -120 -81 -44 -168 -52 -125 -66 216 32 -184 213 98 -69 -200 205 -238 217 38 48 85 215 195 37 -149 -228 201 -91 20 -169 53 197 17 -82 69 80 23 -237 161 89 199 64 70 -76 -36 -134 182 166 -88 78 -119 -170 159 -40 -24 183 210 -243 -155 -48 -163 154 -213 188 -144 114 -30 8 -116 5 136 -8 -186 -31 -124 -172 12 219 46 6 -128 -47 -209 -175 -239 -206 13 61 59 -55 86 -108 -185 -93 -54 120 231 107 168 -153 65 -177 -145 -4 -222 185 139 203 92 -6 156 67 -161 -89 18 -203 76 175 -148 -151 142 -191 228 -137 -7 -142 44 -98 74 -210 200 192 222 30 -180 238 -74 -22 68 -114 126 146 145 -26 -3 -127 -157 225 -171 248 119 -58 -174 -49 135 21 -79 -57 -141 -201 189 111 102 -43 -41 163 160 -242 -21 165 -103 221 -126 73 179 -130 220 -221 141 26 -10 143 -164 49 149 -107 -230 109 10 22 96 -117 -60 0 207 151 -115 -176 -227 -20 -234 115 239 47 -61 51 87 194 -68 169 224 -51 40 -122 112 93 153 230 -19 -97 -62 7 150 -236 55 14 -138 -166 -80 62 -152 43 173 9 249 -183 25 15 172 -202 -84 104 42 -220 186 152 -56 -42 181 -28 -35 -246 -94 127 57 -204 -13 158 19 157 176 -38 -15 170 90 28 -188 105 -110 -92 240 34 72 -190 -123 244 58 132 245 212 144 140 -113 35 -46 -65 113 -231 -73 88 124 -102 101 196 241 171 -194 -235 36 -207 82 236 -64 237 -63 -111 129 -189 234 -158 227 130 -241 -244 148 106 -53 -245 95 -59 -2 -218 191 -96 -105 11 -27 1 94 -33 -216 -12 66 -160 -29 97 -196 226 -34 -240 16 235 -178 -182 247 45 77 232 75 128 -232 -118 39 204 -212 -14 -104 211 118 29 -247 -121 60 31 -143 -167 4 79 -179 -9 -224 -217 -181 190 110 -16 202 137 -39 164 233 243 99 56 147 -132 -100 83 -215 -25 -86 125 184 50 229 -146 -139 -197 -17 -83 -85 -5 54 103 -226 41 52 -233 -249 134 -162 193 209 -131 117 84 242 -136 167 -11 -193 208 27 -219 214 -129 -45 218 123 -192 -135 -75 -195 
TEST 44 ARG:166 194 -249 -240 -187 -49 -85 -112 -222 -138 92 -210 190 -235 -32 227 85 162 191 50 16 -65 -10 -37 -152 -14 179 -160 -60 97 -108 -110 -41 52 213 150 65 -15 -11 57 -221 205 -191 146 -247 189 -47 163 185 -39 137 136 215 160 225 -211 218 -185 233 -248 -82 -209 107 242 246 -121 -12 -98 99 167 -89 -3 239 -116 71 -205 -96 -179 -148 100 203 201 -106 -45 -67 187 -71 -84 -206 -80 214 208 140 138 -164 7 -125 58 117 -197 -245 153 93 141 -38 -204 39 106 -242 13 -22 -149 -239 38 200 68 103 31 -217 -234 48 176 4 88 69 -64 217 211 -140 -5 -63 221 -192 241 159 -101 157 0 -44 94 -75 37 188 195 132 -111 -182 -173 -230 17 -170 76 24 -136 235 5 -69 8 33 -9 184 121 44 20 -162 42 222 -72 9 -13 -154 -183 -56 -218 -142 175 -199 -137 -61 -181 110 -40 72 -132 91 147 -46 -224 -83 -229 -231 174 -134 -24 139 -169 18 171 -27 -131 244 2 165 -33 -241 -232 -244 6 197 79 -214 -31 108 -126 224 -20 102 49 131 23 98 142 111 164 -124 183 119 -87 61 -8 -34 145 125 83 149 -227 22 -223 -225 -129 129 -208 -97 133 -52 161 170 220 -90 -161 148 -220 123 86 -119 56 -19 126 109 130 30 -150 66 186 202 -7 64 -175 -145 54 45 118 -99 -81 -88 27 -91 -215 -176 47 -216 169 36 87 -219 104 32 172 212 -100 196 152 -177 -95 -86 -195 173 -155 -115 -165 -2 -18 -163 -203 -212 -104 -174 -53 210 -139 -141 245 -43 73 -109 89 -250 -122 -178 14 -123 74 -188 192 219 -198 151 -135 223 -78 -190 113 -213 -36 3 -74 -29 81 158 234 12 -158 -21 -153 -58 -184 -113 122 128 35 -6 -159 -17 144 -189 230 193 -107 236 -133 -117 78 -35 226 -243 -1 204 -200 240 177 114 -146 -201 -54 -114 43 -120 181 11 25 -166 228 10 -172 95 -51 182 207 112 55 243 -193 28 67 116 178 70 -23 237 229 29 209 143 82 -79 120 180 59 34 96 101 -76 -59 -42 -143 -237 41 -246 -105 115 -238 232 135 -127 -25 248 -26 -228 -77 -48 62 77 168 -167 21 90 127 -171 -55 155 247 -66 -73 -128 51 60 26 231 -180 19 -147 80 75 -226 216 199 -151 -93 53 -233 124 -50 134 -62 -68 -102 84 46 -16 -202 206 -144 -30 -157 -236 -156 105 -118 -92 249 -168 -28 -57 -4 1 154 15 -196 -194 -130 40 -186 238 -94 156 198 -207 63 -70 -103 
TEST 45 ARG:2 34 -189 -204 -46 228 -181 -75 -146 -191 0 -239 -174 97 220 182 39 -196 -248 83 -158 51 -188 160 -137 101 -124 -136 247 -73 -16 -212 148 205 200 197 176 -151 77 -122 -187 4 113 95 68 208 202 184 10 80 -102 -240 8 244 -134 -153 -210 -111 236 -110 59 -42 -126 -143 -2 -17 216 -157 -166 32 170 185 -118 -132 -85 212 61 -86 74 79 112 -7 12 146 207 -104 1 -129 36 -170 21 92 -138 -26 137 151 193 -199 111 190 131 130 100 102 172 211 122 -208 110 -141 82 67 149 -172 -246 127 194 -194 13 31 -214 230 -220 -66 5 -3 -30 -182 179 28 181 -225 129 27 213 -203 62 -62 -68 -161 198 241 -44 -77 -108 109 52 88 -177 -67 9 -19 -222 -107 -61 157 242 -206 -247 -49 -218 141 -142 -48 -38 143 191 233 155 55 168 -109 -150 -226 -213 -65 -131 -78 -37 64 69 53 98 78 126 -21 96 63 -97 -52 -219 192 -39 163 -193 218 125 41 -164 -163 171 -183 -72 -120 -116 -11 -154 229 35 147 -59 116 227 165 -176 -103 117 -197 30 -149 108 -31 48 -69 22 56 -167 57 183 -144 118 -20 -223 239 132 -216 49 84 -165 177 26 -105 -128 -13 234 -35 210 -41 154 203 -202 133 -57 -60 142 58 -40 20 -168 -114 188 -113 76 136 223 158 135 -127 -130 140 -241 46 94 -5 199 -96 -81 99 222 175 42 38 -155 -250 -215 60 89 225 -82 -148 -147 159 169 -133 29 -224 -211 -28 -6 43 237 115 -14 -232 16 -4 -162 106 70 174 -79 75 -221 -15 -24 -95 -242 -100 -93 -1 15 -99 -145 -92 81 -89 -119 -159 71 45 -139 -233 104 -27 166 214 -186 -71 196 93 124 -190 -198 91 -175 -112 -55 72 240 -229 186 -29 -76 -74 -236 206 -205 -87 224 -135 -227 -234 -84 150 -156 153 -115 -230 189 -243 161 120 -53 54 167 -171 -217 -184 -18 14 19 -45 -237 -8 249 -180 -36 178 103 -169 231 -195 3 248 204 107 201 -207 66 -70 138 -121 238 134 -123 -249 173 -88 215 -101 144 -22 -117 86 33 -80 121 -58 -140 226 17 -83 -10 -228 -125 85 232 -54 -23 -185 -238 123 -47 219 44 -63 180 -106 11 128 187 246 -209 -94 235 50 139 -231 47 162 -235 -91 145 -192 18 195 119 -200 245 -50 65 -43 23 24 152 164 -160 7 73 -152 -9 209 -178 156 -33 -64 105 -244 221 243 -34 -56 -90 90 -51 114 -179 217 -12 -25 -201 37 40 87 -173 -32 25 -98 6 -245 
TEST 46 ARG:10 163 182 3 -214 -26 -191 -53 -81 205 67 -3 -125 208 -10 221 -59 36 -187 -142 239 -74 155 -134 134 181 -136 -143 65 159 101 -119 -192 207 151 -231 172 -42 248 -247 228 -2 161 236 102 -6 175 -31 -65 153 -99 66 -106 196 71 -225 -21 78 -173 -164 -227 195 -117 -141 189 86 -100 -150 -113 -133 50 -20 118 25 -154 226 60 120 -98 28 -209 -57 -40 6 121 -216 -171 -129 -77 -115 240 -146 64 -39 -174 98 108 -11 62 156 177 135 -96 -166 -127 -22 128 224 -198 -228 179 187 -167 -116 164 96 127 -112 232 -54 57 244 16 -45 218 -190 122 -89 69 12 -236 233 -201 -131 82 88 -108 -165 241 -38 115 -90 95 58 33 -30 -163 -145 -1 -88 191 -93 -176 235 125 80 -153 9 104 92 107 -72 53 117 185 23 237 -159 138 148 -85 -151 183 116 -12 -204 -206 -67 8 -239 -144 119 111 70 73 -56 -35 -234 126 211 -55 -240 -19 202 -118 -69 -7 -79 20 193 -244 -220 90 -51 149 -140 -29 131 -193 -75 -61 -73 18 54 -208 27 -132 -94 245 186 34 -121 -218 144 48 133 -86 46 -103 -246 -114 123 204 79 168 -157 -149 -148 129 -8 -138 45 -36 132 56 105 -43 -184 -17 -162 231 7 94 -58 -160 44 -185 -139 -241 -66 -102 -124 -82 217 -242 14 213 89 223 19 165 -126 158 42 -222 -130 -178 180 227 139 147 49 29 21 -109 -226 170 -13 -87 -135 -95 -210 -199 84 37 -34 17 -9 -76 83 112 103 -44 -232 59 15 -215 -16 106 -111 -64 63 38 -128 93 -181 -168 197 40 -52 -122 215 -83 4 -137 -195 -156 39 173 247 75 -203 -207 24 -175 35 74 219 -245 -63 -194 184 -24 -107 -46 210 -23 11 137 -229 77 201 -196 -49 188 -110 13 209 229 -177 68 -48 178 140 246 -182 160 -169 174 234 200 -250 51 203 -161 130 -223 -219 -249 43 -101 152 -224 198 30 -27 -211 -158 -25 -105 243 124 -147 -243 5 -120 -189 -213 -217 -92 -5 249 -50 -47 114 91 -80 -70 -37 -68 142 -91 -60 -41 -180 206 -183 -237 216 141 0 -84 -62 -78 31 145 22 -238 32 212 194 -233 171 192 -71 26 61 -230 87 -172 -205 238 76 99 166 190 -202 -221 -200 176 47 162 -33 230 97 -186 52 169 -179 -170 113 214 109 -212 -32 -123 146 72 222 -248 167 -155 -197 -188 154 100 41 -152 -4 -235 -15 -14 -104 -28 136 225 220 81 150 157 199 -18 -97 55 2 242 1 143 85 110 
TEST 47 ARG:36 -237 204 -174 143 177 4 -219 241 71 60 -169 24 224 -95 159 -115 222 -222 -16 -84 -133 126 -18 128 174 127 -44 -124 48 -155 -38 -55 202 -122 -180 12 -47 -59 -49 -106 -52 57 106 209 -6 -78 76 73 -204 -12 -152 173 175 -212 -108 -76 21 -195 207 88 -202 148 -217 163 227 -136 -138 1 -23 -107 14 242 -109 77 164 113 6 125 138 65 -54 223 176 220 108 145 178 -94 181 147 206 -29 196 74 239 188 -145 199 -187 -137 234 -26 -111 93 -143 112 219 -102 170 78 -104 -213 -228 -19 -168 -82 153 -71 -240 212 -183 -101 45 149 -250 243 -34 218 229 -148 -21 -160 -144 168 -123 26 -175 55 34 225 192 -165 -231 215 -40 167 69 -181 27 -118 -31 99 91 68 -221 -154 -4 -194 -10 211 15 98 120 133 -182 -112 -77 213 -5 104 -206 201 122 56 155 -242 16 203 -60 190 -11 84 -248 232 -249 -9 -75 105 184 -128 53 -20 191 132 119 -218 245 -149 59 -36 -81 -88 22 -42 -32 -225 -57 -22 31 152 231 -66 -224 -99 240 -190 -131 -1 -64 80 247 -126 142 17 -227 -33 -239 -62 -117 -110 -68 7 187 42 -61 -241 -43 -226 -70 -179 -74 90 198 89 -177 -132 -203 -45 83 161 87 -178 131 -15 -28 39 18 -191 233 -162 20 -127 -121 -119 23 210 -114 44 62 8 -14 -80 54 -13 -166 102 67 -97 -235 41 226 221 -210 -139 -30 -134 -96 29 -103 154 79 9 -161 70 -125 5 -153 50 205 -98 -185 -86 -197 63 185 58 160 -91 124 96 95 194 -173 208 216 158 -100 82 179 -79 -65 238 101 -176 2 46 -230 -2 -63 -170 -171 -233 166 -150 -193 172 86 -189 43 139 146 72 75 -209 -205 169 -163 -120 30 -172 -92 -188 -243 -113 111 137 38 -186 -72 0 94 156 -83 180 -17 136 -27 -53 -135 -200 -141 195 -232 -146 85 109 110 150 236 -105 92 -151 -67 -167 -156 97 -159 -48 -214 -238 -116 228 182 -216 117 81 -229 130 157 200 -73 28 -87 -90 189 11 -158 165 249 -85 3 -46 -24 -37 32 -140 -93 -184 129 162 -58 -130 10 64 -234 -215 -157 -211 -35 -246 134 246 118 61 -39 121 13 135 66 -223 37 -7 -129 -51 47 230 214 -236 -220 -147 -25 144 -196 217 33 25 100 -199 141 51 35 -198 140 -142 171 115 -201 -69 107 -208 183 -164 123 103 -192 -8 193 -207 197 186 -247 235 248 52 244 -89 114 -50 116 -41 237 -3 151 -244 49 19 -56 -245 40 
TEST 48 ARG:-126 -65 -30 124 106 209 -210 -171 89 78 159 212 187 -95 43 -5 -149 241 -125 -82 223 61 156 121 -152 86 175 93 207 54 228 -185 -73 -94 245 -91 -230 196 -135 -127 208 76 129 -148 109 7 83 -3 178 217 -117 177 127 103 -107 47 -142 139 201 29 -75 -158 248 50 -36 179 38 180 55 -35 -194 148 53 231 122 -231 202 151 116 -166 -134 45 -173 70 44 -123 -203 203 193 136 -53 181 94 -151 13 1 -112 88 -59 -108 140 107 -48 85 -40 -45 -188 191 -15 -216 0 -128 211 -1 192 -106 182 -182 -64 -234 -63 9 -143 -162 -206 -8 -201 -130 -89 64 -61 -21 -83 -54 197 158 199 -79 -159 -172 162 -235 169 -236 66 188 -33 114 239 65 119 -92 -103 -187 -136 -105 -31 168 -77 237 -170 -110 -44 82 -214 -81 -209 -23 -208 -9 20 -174 232 -191 25 67 -225 19 84 -100 235 186 -84 -67 -26 -6 -147 98 236 -99 -101 56 -111 176 49 141 170 3 240 -145 -62 -2 -97 234 -222 -200 -237 215 224 -55 -116 -104 39 229 221 128 -249 213 -232 81 -165 97 200 -156 -51 14 -50 -52 -17 -212 138 74 92 -115 118 24 -243 104 75 -189 -19 222 51 60 -247 41 214 36 -190 110 -34 96 123 68 -38 126 -137 -138 143 31 155 -160 -205 242 -197 -32 -129 145 218 -239 216 -80 153 -28 230 190 183 -25 90 95 -227 -7 226 71 15 152 -85 -195 -153 185 -121 -20 -16 146 -233 174 220 115 -4 -207 22 195 -186 37 -18 -37 62 125 100 -155 72 26 -241 23 27 80 -90 -11 227 57 -217 16 -124 131 32 30 154 189 243 -78 91 -198 -72 -248 112 210 -98 -224 198 -157 172 -250 -96 -223 -180 10 225 144 99 132 58 -113 -114 205 -86 135 -199 -133 -154 -240 160 -43 -229 -119 -178 87 133 -69 249 150 134 247 33 149 -218 194 -242 12 21 -41 -71 -139 -215 -163 5 238 108 4 -213 165 -184 -177 -228 -144 -118 52 -196 -181 -47 -161 -10 147 17 -146 -56 -58 -22 -183 105 -226 -168 -88 -202 79 166 244 206 35 -87 -192 167 -246 -204 48 -193 40 102 34 -150 -60 63 -245 -175 -24 161 171 -12 -27 11 -120 28 8 -57 -13 2 6 -169 101 -219 -220 233 -76 -109 120 59 -93 -14 18 -131 117 246 -68 -176 164 -66 -46 69 -238 -244 73 46 113 -211 -221 -102 -132 111 204 77 -164 -141 157 130 -29 -70 -49 42 142 -179 -122 -140 -39 219 -167 163 137 -42 173 184 -74 
TEST 49 ARG:-53 -20 215 170 177 -165 -148 105 -228 160 -28 -22 -239 168 -25 188 -247 30 227 -117 201 183 -19 135 180 -77 186 -176 74 154 218 55 -221 -122 161 -159 107 -169 -62 130 -37 37 49 100 -243 212 31 -175 64 -207 169 26 -242 -185 -40 108 137 245 -227 198 46 21 159 217 -88 -16 53 230 179 -56 38 -86 209 -230 -26 -2 -124 -191 -112 -67 -229 -162 -201 210 -41 73 -157 -190 -64 -65 -119 -158 40 -193 1 -142 121 -197 79 77 241 158 109 -118 80 203 -126 -72 -237 -90 33 -51 127 -76 63 199 -222 -30 67 75 206 -101 187 47 -44 -66 143 152 -203 98 -147 7 -75 214 10 -113 178 -217 -166 -232 93 72 83 60 234 -97 41 -145 -74 -10 -17 -167 -8 124 239 35 -202 2 39 -218 -78 -6 -206 44 90 117 -84 -198 -18 96 -163 219 -216 28 148 182 -15 238 -116 142 -236 -13 -212 222 -49 -46 -39 171 -89 -215 132 -160 -94 145 119 -204 -36 208 0 65 -183 225 -223 -87 -123 61 224 247 -3 -102 -121 -63 3 207 -146 248 -220 -143 189 -1 -105 113 -240 231 153 -138 249 -140 25 -93 -174 -111 -129 -210 -69 228 36 -208 205 197 166 226 22 -82 32 192 138 -250 195 -100 -33 118 -92 190 221 48 -245 11 -79 -131 -12 -35 -180 140 -61 42 95 233 -244 220 229 -189 146 -209 51 9 -71 -137 -91 70 78 89 181 81 125 -224 139 -34 -154 62 -80 -54 111 175 -151 45 131 102 204 87 -153 -5 59 -73 -132 103 58 24 19 243 -96 8 16 133 -48 -195 -47 97 172 -133 29 -38 144 -200 -21 157 -178 165 -99 -115 23 -181 50 -150 71 -164 -114 156 -11 13 147 17 164 123 -59 66 -85 18 -50 -104 163 -194 -187 -196 -179 -27 -233 56 -43 12 -139 202 120 27 5 -234 -161 129 -55 -68 4 -70 246 -235 6 -246 191 185 216 -225 -109 69 155 -186 -182 -107 237 92 -249 126 200 106 84 57 -219 -199 -168 -135 -52 134 -130 -110 -9 -226 -155 -45 110 85 -248 -171 128 -60 -98 174 -149 193 167 -32 -58 88 52 -214 -127 20 -172 -173 -81 -241 211 -108 213 -192 173 236 -177 -170 -213 15 99 -103 68 86 141 -4 115 -14 151 -211 116 -205 223 122 184 176 162 -83 235 94 -134 -29 -188 43 240 196 104 112 -156 -152 -7 91 -23 34 -144 136 -24 114 82 -120 -106 149 -136 -125 232 76 -231 150 -128 -57 101 -95 -238 -184 244 194 -42 14 -141 242 54 -31 
TEST 50 ARG:-184 104 -69 91 186 -28 -225 -70 -48 127 -77 92 -128 88 -64 -76 108 -160 148 -78 -45 135 249 40 -189 114 181 -136 116 -215 106 154 7 41 218 -116 -188 66 194 -95 -117 -74 157 -178 -50 15 226 233 -44 -2 -199 20 214 -182 -115 -216 -191 244 85 -55 -96 232 129 -94 12 63 -143 -113 87 -223 -123 82 34 -109 -49 90 -219 178 -153 -171 146 -130 -107 -172 -125 2 229 207 21 -154 200 64 48 165 -18 173 35 -79 61 -210 17 198 202 138 168 -165 -156 -152 -195 -51 142 -85 -21 -87 192 -170 94 -98 39 242 175 13 -47 156 36 190 248 32 -41 -177 -146 -3 96 -248 14 155 -112 161 -60 115 -247 243 -52 -106 57 170 56 43 -103 4 -86 110 -179 128 177 19 176 196 -250 -168 193 160 -183 72 -65 117 167 245 -24 -61 -129 211 -99 227 22 78 -75 -180 -244 102 -239 25 -224 -207 -235 134 109 -119 -30 -19 132 119 -145 -186 162 136 -196 98 -206 16 -167 33 -35 -110 -226 201 -20 30 -31 -92 -126 84 -53 143 10 -34 -200 -229 -23 122 144 163 -222 -232 -80 -161 100 5 -15 217 60 -237 -221 247 -100 27 204 11 -236 31 -190 -36 101 -209 236 223 73 6 -158 -118 197 126 124 -40 180 -37 95 51 37 -243 -149 -88 237 -163 212 140 241 74 80 -29 -120 -227 -122 -71 179 -246 -62 234 189 -131 -67 121 -249 215 9 3 141 -104 -176 -38 -213 83 -150 -148 52 -91 228 -102 213 -14 150 169 -198 -241 -218 -12 222 -57 111 -9 -164 120 -157 28 -220 -105 -90 185 -201 -134 219 -162 195 26 149 -202 42 206 -240 46 -169 -193 -63 24 -4 -147 118 -32 231 -59 -141 44 230 -238 125 -185 -233 -108 210 139 -8 -197 151 -72 89 240 -39 164 -142 49 246 -135 45 -82 208 166 75 68 59 -1 -187 -217 -33 -212 224 -66 152 70 238 1 -203 -111 -25 47 -204 -194 53 -26 130 182 54 -228 29 65 -10 8 97 76 103 -42 -121 174 107 99 -13 -245 123 205 -5 -144 -46 18 -174 -205 113 -54 81 -166 -138 -89 188 -211 -173 -175 58 199 -73 220 -43 -139 -181 0 55 105 216 38 79 -230 -6 -155 77 86 -214 93 -56 221 69 -58 137 -101 -231 50 -22 -93 133 -159 -140 209 -11 203 172 67 -124 -192 -132 191 -7 -151 71 -137 112 -127 153 159 131 171 -133 239 -97 147 183 145 -16 -242 23 -81 -234 -27 235 225 -68 -208 158 187 184 -83 -17 -84 62 -114 
TEST 51 ARG:43 -168 207 -61 -3 224 -69 -117 158 -193 -65 241 2 -153 -125 -102 74 181 -244 205 84 192 -140 28 52 -232 -113 185 -77 225 168 22 63 58 -211 175 88 -78 -106 -214 -72 197 -234 -93 -1 46 130 233 -73 -183 -21 -89 -62 232 113 -108 -16 -247 131 -187 -196 96 155 148 -155 60 -143 -151 -97 121 17 -80 -217 49 -131 70 54 -179 71 186 -190 -47 -186 26 -202 218 -128 20 -132 -137 29 -22 -213 -191 0 -7 -216 94 61 -123 -149 107 -20 189 -42 229 -176 231 -43 136 183 -33 153 170 72 91 196 35 85 -126 211 212 -83 6 -112 -227 -114 -54 -129 -189 219 214 220 173 -45 44 95 87 80 -173 -98 -64 -46 86 -158 -31 -86 -5 126 138 -148 134 166 -150 57 234 -18 119 -68 -14 110 -238 -88 55 208 161 -122 10 -243 100 238 -241 67 -96 177 195 -90 -66 198 244 -115 -240 -17 -71 -19 81 142 135 105 152 -133 -145 27 -206 180 21 174 144 -99 -164 -9 140 76 -205 -225 1 -95 -156 -136 -142 -233 -209 33 -24 -57 -138 162 34 209 154 79 -180 118 171 25 230 -40 -175 40 5 101 -11 -228 -134 201 -195 -166 -94 -135 -63 194 53 39 -199 -230 -118 124 15 -207 97 157 42 172 -23 -116 -84 -67 182 73 3 32 235 -119 164 -36 -223 -15 45 -147 128 -141 -163 188 -107 -109 -248 120 -194 -198 149 -111 -120 78 203 11 -58 199 -81 -12 108 -2 237 7 59 -39 93 213 66 90 -26 139 8 -38 30 190 -170 -197 -159 226 167 -105 92 -41 150 -56 -53 -92 -55 165 -203 -237 133 -101 184 -174 50 51 103 -201 104 41 -44 83 36 -121 245 242 106 -10 -229 -177 -204 -48 14 -51 191 -250 -35 -218 122 31 -245 98 -178 16 -110 -82 -188 116 145 -100 -161 141 -32 -215 -74 -221 -85 206 216 -224 109 159 65 13 -76 -29 247 -49 19 204 -208 -59 249 68 -152 147 -127 179 -103 -222 115 -200 156 -162 160 -231 -79 -87 169 146 176 64 227 89 48 -52 248 56 23 -130 137 111 -182 -139 217 12 -246 -124 129 -169 -4 -6 246 187 239 -50 112 69 132 99 -37 -157 223 62 -146 -160 77 123 243 24 38 -104 114 -236 9 -185 210 143 163 -249 -34 -75 -219 -220 -165 240 221 117 -192 47 228 -172 -171 18 -167 -25 125 -210 236 151 -212 102 -239 -60 127 178 193 -8 222 -242 202 -70 -184 4 -13 75 -226 200 215 -28 -235 -91 -181 -144 82 -27 -154 37 -30 
TEST 52 ARG:-167 196 46 3 13 -40 34 -47 -50 -63 118 20 18 146 221 249 208 -98 101 -84 103 -185 -45 -220 2 -244 -41 248 112 -85 -133 -157 -35 -57 17 -213 -234 -134 202 -103 122 56 238 152 -169 -249 -74 -175 -67 -200 -87 -228 -225 -34 -168 240 99 237 159 125 -241 105 43 -149 -204 -3 233 32 -140 -64 131 214 44 -48 -107 51 69 -106 203 172 -212 6 27 242 -125 88 25 -210 35 -79 138 -236 -49 -112 -91 100 -123 -113 -20 108 -97 -86 -130 -92 -16 29 -4 -131 -7 -2 -9 -33 142 185 -202 128 117 -243 -28 -139 -211 130 156 45 -90 -46 184 97 111 207 -80 124 -108 -68 40 243 -24 210 -61 70 149 82 -197 -191 -52 -221 168 245 -166 -153 -31 -25 -187 153 102 109 -22 -127 -165 5 -229 22 -26 232 154 -104 106 241 -214 120 -76 -32 -179 94 -196 204 -118 -206 -136 -119 231 169 -81 -171 160 113 -102 -69 -154 -12 -105 8 199 -18 -164 -203 -99 114 -117 -66 67 -1 -159 -183 200 87 -116 206 195 191 91 71 95 -180 -27 -30 -182 48 -207 -73 126 192 164 -162 -55 -235 115 -75 -215 81 -218 79 -219 -161 216 -248 24 -135 21 141 162 -17 75 15 133 -36 158 -126 60 239 180 213 235 92 -250 211 144 224 -42 -29 -8 -177 246 64 -223 59 143 229 14 129 96 -23 65 -96 -224 -6 194 -152 -190 167 247 205 127 62 -231 -151 -100 84 38 72 76 135 198 -184 63 218 165 -89 -59 -181 -144 209 110 161 -226 28 -44 -88 123 -156 -43 -138 -186 -70 227 -15 -146 -111 36 -205 244 -95 42 -21 170 176 -120 177 52 121 85 -101 -110 61 157 10 -155 163 41 197 -14 -209 -51 -160 -193 93 -72 33 68 -19 47 -13 -232 90 86 150 -37 220 201 -217 -222 212 -122 -150 230 -194 19 136 -173 -93 -240 225 116 -227 215 16 -115 182 7 179 37 -145 -121 57 -147 190 226 -109 -242 78 -245 139 -246 222 -141 145 -247 -56 73 151 -77 137 89 -237 23 -137 77 39 -53 219 -143 -170 66 -201 12 -65 104 -230 80 228 -10 173 -142 53 0 166 223 26 119 -124 175 -38 234 -199 -192 54 181 -176 178 -233 187 134 -239 -39 98 -178 186 11 9 74 -198 -189 148 132 -208 -83 -148 -163 -114 1 -195 50 31 -58 107 30 58 -5 -132 -188 -128 -71 147 -172 171 -216 -60 188 140 -54 236 -129 55 -78 -11 83 -82 -174 189 174 155 -94 4 49 193 -158 -62 183 217 -238 
TEST 53 ARG:-232 -79 -33 226 -65 -86 1 95 -248 44 -96 234 -27 45 165 -60 -237 -49 156 -179 100 22 -139 13 -45 38 160 26 -42 -4 -18 109 144 120 -124 -88 27 -11 -166 187 -146 -32 -47 135 61 227 -172 -122 224 -28 153 245 82 -119 140 176 216 80 -158 -216 55 182 225 208 -195 -211 -26 14 70 102 179 -219 -9 20 -228 43 113 -106 -80 -222 228 -87 -125 130 -156 134 -149 238 -239 -62 -85 214 6 -184 148 229 -22 50 221 -53 -196 -143 -67 162 41 147 -13 -36 -1 -180 -118 -247 158 -178 97 77 -144 -171 -69 -151 152 8 -77 40 25 -113 -34 206 57 -174 -64 -95 247 29 -75 121 -127 -71 98 56 116 60 145 155 -234 111 204 -59 67 -218 -202 -29 -19 -159 -134 -72 -203 -152 106 47 -224 71 -16 -161 -12 -90 146 87 -246 -40 181 53 242 -21 -23 -173 -235 -102 129 -10 -94 -197 192 -191 -89 -66 31 203 248 -200 -35 -199 -240 -225 59 35 46 51 64 2 198 -121 -129 -131 -243 -227 28 235 209 -128 -84 123 138 246 212 -249 23 -182 5 244 240 -189 189 -133 -41 33 186 83 4 243 -183 -116 -74 89 -181 241 -30 131 184 -168 -104 -229 -3 -245 -110 101 -242 65 99 -43 -145 217 93 -135 79 -126 21 249 -164 -153 236 9 149 -215 170 103 78 -52 191 -55 12 -61 127 112 62 -187 58 69 -92 185 -162 -82 -136 94 193 -70 110 -73 197 -176 213 -112 -130 -46 -5 173 49 -194 -97 54 -169 -2 178 137 17 -51 -138 -155 81 -142 -108 -214 -226 91 34 183 -175 -186 222 -107 -244 -105 16 85 42 -103 237 -170 73 163 141 74 -54 0 -238 -192 19 -39 32 -213 -165 -207 3 11 -117 63 105 -154 -147 68 -38 239 92 52 167 -6 108 -140 -100 210 -14 90 207 -24 122 -160 119 223 -148 10 -201 231 219 117 -223 -115 -99 175 -15 115 -212 168 -236 159 233 -163 -167 143 -210 86 -98 -230 104 18 150 174 151 -68 161 188 215 -48 -31 136 218 -206 169 -241 195 171 36 128 30 194 200 -78 -233 -220 -83 201 -137 142 190 -208 -58 -205 39 -37 -123 24 -198 118 -157 125 211 220 230 -132 133 -81 154 177 88 7 66 -8 -217 -221 84 107 232 -231 139 96 164 -20 124 37 157 75 -57 132 -56 -193 -50 -101 -204 199 -109 -76 196 48 166 -25 172 -188 -177 202 -120 -190 76 -114 15 -111 -185 -63 205 114 -91 -93 -141 -7 -150 -44 126 -17 -209 -250 180 72 
TEST 54 ARG:127 167 182 -12 249 -240 -70 135 -44 142 -142 100 93 176 -158 240 -178 212 164 -51 -102 22 -215 97 -101 53 24 102 -95 159 -71 -209 40 35 -67 -236 -100 -165 168 112 -239 154 208 -98 3 -191 232 -143 8 -140 72 -242 246 -171 143 6 -247 4 -34 236 -62 -164 -99 221 -170 -46 -230 -33 -229 21 14 55 131 151 146 -198 -213 52 -103 179 -206 94 -43 128 -38 90 -106 -175 -73 18 -205 -53 80 156 233 -36 229 -179 99 23 95 107 50 238 62 -222 -68 148 -88 218 -188 13 -122 158 -132 -58 222 -37 -11 68 -16 119 -66 217 -244 -237 132 -196 226 133 -86 -60 -47 -176 91 171 -139 -131 106 178 -124 34 -63 -249 -125 192 130 28 -160 -174 86 -169 -26 173 87 30 242 11 202 110 -186 -61 7 -147 -69 -235 36 -146 -29 -150 195 -243 121 -94 115 -120 205 26 -190 -22 -4 -119 -27 -92 227 109 235 140 -137 -123 -250 -162 64 -138 223 83 -116 -224 -180 -201 -248 213 -167 1 216 32 241 -194 206 -126 134 -13 71 -159 -184 -113 -14 231 -118 207 -49 247 -168 203 59 39 -151 -19 228 186 153 219 -155 -228 215 57 180 -97 -193 -15 -21 -77 41 98 44 -199 66 187 137 -211 120 245 -17 210 81 -233 -80 58 118 65 -134 -136 199 -231 43 163 189 9 -65 136 101 -45 -108 -221 -154 141 -197 -204 -117 -192 -226 56 -115 -157 48 -161 -195 169 -127 124 -39 200 196 -212 -234 69 70 -31 104 -177 220 42 -48 12 -28 -109 -72 25 -3 -107 2 -6 -110 175 -25 -105 237 105 170 183 211 15 -183 123 82 122 -130 108 -156 -85 -18 -93 67 -2 77 -91 -111 -152 -216 29 -74 -114 -84 -202 19 96 -78 198 204 -9 225 230 -181 -59 181 -241 -41 -35 78 157 116 73 239 45 -104 -5 -23 -24 138 -135 -223 103 -166 -121 -8 -145 -207 188 129 38 -57 85 -246 -172 -79 -89 -141 165 -133 10 -187 113 74 -75 152 224 -217 -182 -55 46 17 -1 -82 -129 -149 -87 -128 -81 -200 -245 174 111 -210 -64 -7 -83 -227 -238 -20 -52 -153 197 190 243 27 162 49 -173 -214 -203 -42 54 -56 20 172 149 92 177 -76 -10 -144 144 51 63 125 185 89 147 184 -40 155 -185 60 -218 84 75 -225 76 -189 -54 139 0 5 -30 244 209 248 37 -90 -50 201 145 191 31 234 -163 -112 88 194 -219 150 214 166 33 114 -220 161 47 79 126 -208 -232 61 117 193 -32 16 160 -96 -148 
TEST 55 ARG:-197 -97 -120 170 -137 185 86 37 62 -61 239 -98 110 57 217 249 -116 -21 40 -126 -204 113 -162 174 -60 229 -238 -149 -222 221 -112 -239 176 -2 56 81 -83 -109 241 -236 -226 147 127 -14 238 100 50 152 135 59 -4 76 -216 -73 -140 -206 227 10 -158 -196 -221 246 -49 -241 22 -63 165 116 -28 -199 -55 244 -188 84 145 -103 112 189 108 -249 -131 115 102 195 -68 -214 85 121 -99 -223 65 91 -108 -39 -115 -156 181 184 16 -45 -67 206 1 157 -53 -44 -16 201 -247 141 -152 -153 -242 -47 -18 -51 -42 61 -7 142 -75 98 94 17 150 42 173 -25 -122 -82 -136 233 -143 -12 -62 103 6 -215 -198 -146 -157 -231 -144 -119 -150 158 -36 -132 131 187 -11 -59 -121 79 -203 -248 89 -133 160 197 -244 143 -181 -165 -130 -135 23 13 200 -20 -81 11 -117 214 33 -9 123 171 230 120 68 -113 163 -70 80 -189 119 -182 109 175 136 247 -79 -164 -58 4 -31 196 204 235 133 179 207 149 -37 139 96 -219 39 -65 134 18 -229 -114 -227 -52 -111 -155 -233 -230 -134 -30 159 -1 208 -138 87 -217 -74 138 -200 0 125 -32 202 -154 117 -178 151 51 -213 -107 226 -71 31 -92 -77 -106 74 73 190 -33 67 63 -245 -24 -78 -110 -50 36 -210 32 153 97 182 99 -220 211 243 -250 -89 64 192 -172 -228 218 216 168 215 148 209 167 -170 -66 29 52 236 -57 -123 -3 -202 43 -15 193 -56 -105 34 155 137 -139 -177 -90 27 101 -93 -86 -87 -22 -246 -160 124 -145 224 -212 -169 25 128 -235 30 35 -167 -205 82 83 -125 -211 169 -161 15 -174 -179 194 -102 -195 -240 3 -175 220 71 -128 44 245 95 105 -54 -163 -48 122 -6 144 -237 47 9 -127 -72 88 212 205 77 -64 -40 -148 -38 92 198 -159 -243 -142 -41 93 164 130 -183 154 140 49 -43 -207 -224 46 -218 146 156 231 -225 225 106 172 -209 -91 -171 -191 178 234 -10 248 -85 -19 -23 -180 -124 54 183 24 26 -34 75 66 -184 72 -100 -232 -95 -76 -234 2 60 55 199 41 111 -118 -147 8 7 20 70 -104 132 -141 48 191 -8 228 232 -84 161 -80 -129 188 69 180 5 -5 166 28 107 19 -192 -187 -201 203 104 223 -13 14 -185 177 -46 186 210 -88 90 -29 -101 -168 118 114 242 -166 -151 78 -186 -96 129 126 -27 53 222 12 38 237 45 -194 -94 -176 213 -17 -35 21 -190 -26 -193 240 219 -69 -208 -173 162 58 
TEST 56 ARG:-30 182 -183 196 -179 -168 60 -243 118 -218 90 -249 -61 -145 -80 -216 -180 10 -133 -246 -9 -158 -12 -17 171 47 -103 -204 -195 76 237 224 167 23 -207 -46 99 29 -248 43 216 230 188 -24 40 41 -234 -119 -173 131 16 -43 247 128 -241 160 187 63 28 195 -165 226 -40 200 -211 -132 0 83 -104 9 62 176 95 66 146 -244 116 69 -139 -110 -75 -91 222 106 82 48 -27 -141 -189 156 53 -2 -106 121 -15 -219 39 109 -71 212 -51 -99 185 134 150 -202 57 158 -115 -237 138 -48 -72 19 -95 -108 221 162 -107 -123 26 -78 -181 -81 -220 181 -26 -225 -222 -10 -89 -148 -191 -13 -155 -164 -121 -226 172 220 -213 22 3 52 -231 -109 -153 55 -102 -63 -33 42 183 -197 97 175 143 205 79 -82 81 -117 170 180 178 -201 -174 105 50 -74 102 11 -129 139 104 -240 -233 202 54 -88 89 -163 112 -203 -162 -67 -69 96 -28 -178 -138 119 74 -1 193 240 -76 -4 -55 -229 124 73 36 100 -56 209 229 243 -57 206 -156 -59 -65 -212 -146 30 -193 32 4 12 208 191 133 -79 -172 113 199 -11 -54 159 -232 -84 238 -184 -198 64 98 -154 -19 210 163 241 -125 -199 136 120 194 -97 15 -98 -150 -96 -160 249 125 78 122 -83 -31 242 218 -175 49 173 -140 -47 234 44 135 -70 -58 111 -68 231 114 59 248 2 -62 103 177 -151 -245 -188 1 -136 -215 -206 -23 -149 155 -205 58 -45 -209 126 61 13 -38 -210 -29 -217 -152 -186 17 -127 201 -114 -86 -52 -8 189 -170 -105 179 -20 115 -35 -3 197 -111 37 -224 110 165 -7 -21 51 -87 228 -18 -112 157 -101 174 -187 -242 -73 -60 -214 -236 186 -169 18 34 24 27 84 166 -221 -90 -93 -85 67 86 -120 127 -157 123 94 148 87 -190 -41 -100 -182 215 92 149 -194 20 -6 129 25 68 -116 -124 108 77 -239 71 232 -159 137 -14 33 245 140 214 -16 -192 -166 -131 198 141 -137 -92 152 -44 -228 -144 -130 8 130 236 -32 -167 -128 21 213 -161 184 145 161 -238 -37 -247 -77 101 223 91 164 -39 153 -235 -22 46 204 -143 -177 227 107 -230 -66 -50 -196 246 -176 233 144 151 -5 169 -171 65 211 85 -94 6 244 -113 80 5 38 -135 147 45 -42 -250 -142 117 31 -208 -122 219 203 75 88 -227 -200 35 235 -25 -126 7 132 217 192 154 190 207 -36 70 168 -147 56 -185 -49 93 225 239 72 142 14 -34 -223 -118 -64 -134 -53 
TEST 57 ARG:-13 -199 -91 166 -90 55 51 87 199 -20 -137 226 191 188 -83 185 -110 12 184 120 20 186 -104 -213 -95 57 -220 194 -204 -171 -241 118 234 -212 -245 170 -173 -80 -46 -37 131 -113 -224 -62 -85 -160 -141 -102 98 235 -163 -248 -12 127 249 -228 -218 112 -132 89 -183 -242 58 231 99 -161 -180 21 130 -234 76 103 159 2 211 -145 88 53 101 7 25 63 36 5 45 66 -107 -3 -128 -23 -209 -116 -226 93 180 4 -247 -147 -35 -93 -36 -29 -84 -216 -47 -164 119 156 -135 208 -250 -221 -96 -146 138 -41 137 163 143 -75 167 -65 117 -190 78 125 17 83 114 35 79 177 173 -44 -210 -240 -16 164 -82 97 216 54 203 -22 70 -189 -227 -142 113 246 -201 -157 75 217 -126 229 187 168 160 -94 155 -27 -233 227 -129 -119 40 193 245 -105 -17 121 196 56 182 -66 -249 205 -194 -186 236 -67 -244 13 90 -155 162 132 24 152 -70 -219 100 -181 -188 -127 -10 174 26 242 -176 178 197 115 18 39 148 204 -120 248 -198 31 -168 44 222 -123 -148 -45 -18 -178 -130 150 195 -229 140 237 -99 86 128 -98 -191 0 -15 -121 214 104 228 46 29 106 -235 -136 -39 23 129 11 3 151 49 154 136 223 -26 91 -48 -4 -124 -11 -144 -231 59 -21 212 247 141 171 192 139 142 1 244 95 158 135 85 -230 157 96 -114 -53 94 -185 48 -8 -208 -60 -138 176 -87 -30 -197 109 -159 225 -76 202 -92 -177 42 43 233 -19 -196 -243 72 -167 -169 -38 198 147 -154 -215 73 146 -134 -100 -170 84 -43 -174 201 37 -214 -143 -223 110 -192 33 134 -50 -112 -205 -63 -28 -193 -133 -49 22 71 122 -217 -239 -71 144 102 -238 -232 60 238 28 47 -211 9 189 -117 213 -236 -88 -195 -7 -2 -74 210 -58 215 241 224 10 218 -165 -32 108 -140 165 -139 -202 126 -125 116 -246 -1 92 -156 200 50 -5 -97 -69 -166 -109 61 -24 -78 15 221 -57 -158 8 -55 -237 80 82 -118 124 -101 -225 -52 239 -51 -179 -61 -9 52 -151 209 -40 -207 -42 240 111 -162 38 6 74 149 206 41 243 220 65 -182 169 -33 207 14 190 -6 67 -131 -122 34 -153 161 -89 172 -34 -106 -25 -150 -81 105 -206 -203 183 153 -108 77 -64 107 179 -56 -73 32 -72 -54 -103 -184 -86 -152 -115 -172 27 232 68 -79 -31 230 30 16 -175 81 -200 181 145 -187 175 -149 19 123 -77 219 -68 133 64 -111 -59 -14 62 69 -222 
TEST 58 ARG:-186 -153 -131 54 -161 181 187 -116 186 10 179 -224 -162 135 183 -6 -90 207 194 136 -203 -122 -135 59 -141 -49 -247 -219 17 -157 203 -195 213 -237 21 -3 35 -152 -127 -60 -95 38 102 -100 128 -82 -137 -73 92 180 -72 208 25 79 -165 99 20 -164 196 -77 -38 209 -105 -111 -47 -176 240 65 160 57 37 71 -106 170 22 18 -249 -58 44 -87 -190 -184 -198 -80 -232 -201 -196 -180 -208 26 69 -62 115 2 158 51 141 91 -64 247 -187 94 -191 202 -119 -228 113 -110 -19 112 -42 47 -94 105 -225 -192 -96 -53 -132 242 -98 125 -7 161 -13 -78 206 85 -56 -136 -68 174 -102 36 -241 -113 -235 -2 138 68 -217 -43 -15 116 223 -238 164 -168 -75 107 153 -39 189 14 -154 -243 217 149 140 -211 212 -37 40 -246 -40 58 159 144 5 -28 84 -117 -50 151 175 0 222 -97 15 225 193 111 -45 -216 201 -197 124 -21 185 238 106 -172 -240 6 -205 156 -174 32 -4 234 -178 49 -17 43 -139 192 31 81 -215 -84 -11 134 76 121 -41 -12 218 -36 53 -236 -83 82 -65 143 -185 248 227 11 -179 50 16 219 -115 96 23 41 -9 -27 -182 -59 137 -226 -188 -67 63 -61 29 66 229 77 241 114 176 -66 98 154 122 55 -34 -207 -76 89 147 168 244 215 39 146 -222 -145 -230 -79 -24 -99 199 216 -93 33 -16 -69 -160 -121 108 -120 -5 -214 -29 145 198 73 211 200 230 -204 52 -125 -26 -86 -20 120 127 -231 249 162 70 -194 177 165 188 182 27 -35 -233 -223 169 1 3 56 231 132 13 24 -107 133 -200 -46 83 -248 237 -212 245 126 -54 62 -146 -118 -227 -209 -140 -114 -229 -144 -142 -193 117 171 195 163 78 12 -169 -242 131 -149 28 -143 -63 214 -71 -30 46 45 93 142 -239 -177 -10 172 166 235 -101 -220 236 -88 -234 -245 -181 -1 -206 152 -134 42 -123 88 -32 210 -171 -70 -85 9 -159 197 139 75 -130 -250 101 -138 239 -89 -163 220 228 -74 -148 226 -104 100 30 -81 -55 72 -155 -129 4 90 110 80 95 -92 -199 -210 8 19 -14 103 -183 178 -156 -221 -126 7 -175 -22 190 119 -112 233 224 -158 155 -147 221 232 -23 -150 -218 -213 61 129 118 -18 -48 -124 97 -167 130 67 246 48 191 204 -57 109 -8 -44 184 -103 -109 34 -170 -133 148 -128 -31 104 74 -166 -91 64 173 167 123 157 87 -244 86 -202 -108 243 -151 -189 150 -33 -173 205 -51 60 -25 -52 
TEST 59 ARG:6 -105 -17 87 -129 189 -31 -241 -200 -170 125 35 161 195 238 -212 -181 230 197 -199 98 -195 -185 37 213 -135 -120 -82 -41 -226 122 201 243 58 -48 217 -93 56 -13 -16 -186 -130 -137 -187 -39 239 212 178 234 49 -66 128 146 186 67 235 74 42 -235 227 123 -211 -146 147 143 32 216 -57 106 29 -140 -121 -85 -24 -62 -176 -237 -103 -159 142 116 0 84 -233 -249 136 -73 184 -35 81 -141 -242 -196 -14 -65 15 -222 135 236 112 -44 198 63 -230 -174 71 204 164 -123 -23 214 -193 -231 -155 -194 -99 -161 225 -144 93 127 182 -247 96 -117 187 -172 39 48 64 -208 104 -128 -190 86 -240 176 -214 -11 219 129 -50 192 -12 130 113 88 -96 -112 114 121 18 -51 215 -239 -45 -43 -79 -78 -34 124 78 150 -46 90 -42 3 133 210 76 80 223 -68 -158 21 -227 203 108 44 220 -234 89 -63 -139 139 17 70 -136 92 -148 249 229 2 -22 12 83 -126 100 -165 224 -246 245 1 -108 33 -218 148 193 191 -164 60 -52 20 -156 172 107 -210 -116 -224 -198 117 69 -40 -189 141 45 140 -138 -33 170 159 73 194 158 222 175 -110 -188 -202 180 -91 -4 -77 120 -15 -142 -118 -221 -5 152 -61 61 -19 -101 118 171 137 -106 -30 188 -81 138 -28 -160 151 -217 -206 -145 -56 -125 -179 115 111 206 -26 208 -183 99 85 -8 -76 240 -114 155 -115 -133 8 -107 -134 168 -71 41 -207 -225 165 -166 237 241 40 181 -153 -92 -47 77 57 -209 68 -171 -177 -238 218 -175 47 -54 -216 -236 22 -70 177 -228 -3 200 -104 226 -243 154 173 -53 160 -244 62 19 -154 -75 -245 -131 153 -109 59 103 10 54 79 -149 162 43 28 -10 -84 7 66 -168 -132 -178 -90 233 -169 -38 -98 -184 97 157 -59 190 132 -111 -157 228 242 231 179 -180 53 -250 13 196 205 -215 23 -223 38 26 183 -152 199 -60 55 16 -1 4 -72 91 -204 -74 -25 36 46 202 109 -58 -89 131 169 14 102 -80 247 -113 -21 -150 -167 232 246 -88 -201 156 244 30 72 -18 -197 -182 -229 5 145 -192 24 166 119 -203 -83 221 -36 149 101 -147 -124 -27 9 -232 -94 25 51 50 -248 -219 -6 -220 126 -95 52 -49 174 -191 211 248 94 -2 207 185 -213 -119 -173 144 -151 -20 65 167 110 -67 82 -7 75 -122 163 -64 134 -162 -127 -205 95 34 -69 -37 -143 -102 -87 -55 -100 -97 11 209 -29 -86 31 105 -32 -163 27 -9 
TEST 60 ARG:-250 115 -27 -127 105 -131 134 155 -178 -234 -197 17 34 113 -210 -33 -213 164 142 -74 -98 -9 108 -25 238 -174 -189 -63 -206 -92 168 -226 -54 122 209 69 109 -147 -125 32 70 -122 -49 106 -82 123 2 190 87 -167 102 -16 -163 226 27 240 -166 248 -133 -106 -15 243 18 -71 -42 239 -177 -188 -69 220 -149 167 -112 -191 45 -215 37 -7 230 223 154 68 -168 188 -47 -216 -17 30 -80 -79 191 -141 231 -46 56 99 76 -230 -176 156 197 77 -224 3 112 -126 -138 169 -201 -14 218 -248 -140 -228 215 31 35 158 80 -104 78 -81 21 -68 57 227 118 217 -229 -77 59 -60 -12 -169 -217 -139 79 -219 -183 137 19 -52 -64 147 185 224 20 -30 44 -165 -227 -119 49 138 65 -204 -105 -90 129 -11 163 -159 -43 84 73 245 228 -86 182 235 26 242 237 -148 -121 208 96 -1 -110 -93 -20 23 14 -10 82 75 -222 55 -96 214 101 -48 -212 -142 5 47 -218 127 187 -200 -111 -231 -67 132 229 153 -118 219 -154 -83 198 -187 -181 -36 180 166 -41 91 -114 -28 117 247 -175 202 149 146 -55 -233 53 92 90 145 0 6 -242 -24 -184 126 -203 -31 103 178 11 -144 64 -116 157 199 192 -196 -194 232 -50 172 -66 136 67 -61 -245 -221 -85 216 -113 -123 -100 -232 -157 -145 -211 -56 -249 7 -57 110 63 -173 -120 -124 -246 -241 -240 236 -35 -205 193 -101 159 -161 95 -153 203 150 -115 -102 212 111 210 116 141 -179 120 -192 241 4 -39 -18 61 36 177 -78 -129 -172 152 94 22 174 -146 71 148 -29 -53 40 10 29 186 15 -3 -13 42 165 -91 62 135 151 -75 -94 -150 33 -37 119 173 -32 -225 51 86 -143 85 -22 25 46 179 -199 -244 249 196 16 -2 194 -107 24 9 -34 233 125 175 133 -185 -70 -73 43 207 -236 74 -151 88 204 -136 162 100 50 -51 -95 -6 83 -132 -164 -88 -247 234 60 211 48 170 -137 -117 12 -208 -202 -38 -156 246 -76 -135 225 -40 -162 -198 -190 -237 161 -103 -99 201 -243 195 -8 -45 121 -72 131 39 222 128 1 66 -84 -62 -109 -130 -158 52 -193 143 130 -220 -239 124 -134 -65 -209 28 183 181 -223 -87 41 8 221 -26 -5 -97 -182 -170 139 98 -23 -180 206 205 160 -44 97 -171 -89 244 13 114 89 200 -238 54 140 -160 107 -108 144 -195 184 -235 -58 -128 38 -155 -214 -186 -152 81 72 -207 104 58 -21 93 176 189 171 -4 213 -59 -19 
TEST 61 ARG:-226 -166 -41 107 -21 53 118 10 -8 -57 -231 95 2 169 -5 175 167 181 29 -139 80 223 -2 142 246 -89 15 -120 -246 -232 34 -161 -31 194 -111 200 -167 219 -90 72 -68 -6 -123 104 16 148 -38 139 74 202 102 153 184 97 -3 28 41 218 73 -213 -116 -173 199 -96 -52 180 236 152 -230 67 248 -53 122 -203 45 -12 -172 208 -119 -44 -85 -212 185 -137 -240 -71 -242 27 81 -61 -177 -51 231 233 106 -34 125 -224 -250 -190 227 141 -155 163 177 57 -225 -45 205 145 -238 226 224 204 189 -181 37 -33 31 78 -29 -170 -114 70 62 -39 93 116 71 173 -178 114 241 46 23 18 42 -81 -72 89 131 119 -118 143 127 -175 24 159 -142 124 232 -32 228 -222 161 158 5 176 52 -20 -105 -64 -221 -48 -150 -160 -215 179 77 -88 -197 -199 222 132 -110 -157 -128 -141 -228 3 -66 -174 14 160 94 140 234 -122 -233 51 -154 -49 -9 -165 64 -109 113 -35 -158 -46 129 134 -168 151 8 191 -208 196 69 -152 44 -145 36 216 -113 147 -104 186 38 -180 48 47 9 -79 -17 -162 49 -28 156 -189 -202 -108 245 168 121 -185 -159 19 33 -220 109 -37 -214 -92 -163 238 -13 59 -169 -27 108 63 235 91 162 -42 11 229 -125 -100 217 -43 -124 -107 4 92 -179 75 -50 -95 -87 182 87 54 -14 206 61 157 -36 155 -106 7 22 -143 -248 -47 -16 39 215 40 -151 -73 190 -11 -94 -82 -4 149 -65 -187 172 6 144 -7 43 60 249 -149 -69 -205 -249 195 85 237 -75 -194 -1 -15 115 -218 35 1 -83 -184 -26 -243 117 198 -80 170 12 -171 -93 -210 -234 66 -219 86 -156 110 -237 25 65 -241 192 -183 50 210 146 98 187 -136 166 -40 56 111 -134 90 201 -144 -147 84 13 -198 -55 -126 -153 -196 -10 126 79 101 239 137 -176 20 -67 -247 221 -121 -59 230 -164 58 -131 -239 -56 -19 -60 -102 247 -182 99 240 -132 -101 154 68 -193 55 -58 -209 -217 30 -146 -244 21 203 -211 -70 83 -200 100 -236 -23 -130 213 -129 133 76 -62 0 -77 -127 88 136 -140 105 -133 178 -223 135 -103 -245 82 188 -227 183 197 193 32 209 -148 -76 -78 96 -135 138 112 26 214 120 212 -98 150 -138 -99 171 211 243 -207 -25 -186 244 -22 -63 -74 123 -204 -112 103 -54 -192 220 225 -235 164 -30 -24 -115 -191 -206 -18 -86 -91 207 -201 17 -188 -216 -97 130 174 128 242 -195 -117 -229 -84 165 
TEST 62 ARG:-124 4 -99 -122 42 -84 -52 -109 -235 139 -217 -128 132 54 128 134 232 158 -240 -212 -45 -189 -6 164 16 148 121 -11 -90 -126 60 225 171 -93 239 2 -64 -129 55 -155 -20 179 -171 -71 -18 -40 -180 -137 88 206 170 26 -48 -181 -46 124 -73 141 142 -115 -184 -17 95 -16 -104 -228 -101 -96 -108 39 129 167 200 202 201 -7 157 -63 61 -238 -154 -209 81 230 -24 -102 188 104 70 -8 122 229 35 -147 -199 -21 103 -44 198 86 -5 49 -92 186 152 178 -236 3 -162 -198 -107 -224 64 -31 -95 195 25 9 -70 -166 214 102 -159 91 227 -226 -192 -72 101 -183 -194 -204 57 -1 174 62 -15 -208 228 -213 123 93 168 147 -177 -110 114 176 -248 219 -26 238 127 -61 -67 -164 -85 -216 218 -221 -79 -105 -229 166 -118 -78 108 67 125 100 -232 69 113 -28 18 109 205 110 -121 204 194 -249 -167 -51 216 -22 38 190 -81 184 -210 220 22 -197 161 -123 -58 -200 52 116 221 169 -59 -151 223 -23 237 -215 50 -34 126 -149 199 -97 -83 -88 -139 115 -237 135 44 -111 46 -119 177 209 151 87 130 53 10 -231 5 -133 144 111 145 -172 98 -62 -69 222 33 -32 -225 -55 -142 185 -2 235 -86 249 231 -203 -94 -91 -173 -168 66 244 71 89 -98 -182 -13 -116 -57 96 -35 196 119 -205 28 -37 245 131 0 72 -243 106 150 -146 17 20 -36 210 92 -244 -106 160 208 -201 -80 -30 -152 -60 48 234 -75 192 -131 -144 -233 43 -202 -100 159 -169 -74 99 -89 -54 11 240 236 -178 -150 -134 -53 40 47 -247 146 -87 -193 154 -211 187 189 -29 138 94 -191 63 182 77 207 -250 -38 74 197 -174 -227 65 -160 136 73 -103 -245 -68 117 163 14 78 90 75 -4 165 -3 -190 -187 212 -170 -188 84 120 -127 -19 -42 140 246 56 -25 149 -49 30 233 183 172 -161 -132 175 -41 -65 -82 7 -165 247 82 -135 97 -234 -9 -112 6 76 -148 -117 203 -179 -196 -185 107 162 211 -12 213 85 153 215 -214 -136 -114 34 -158 -50 181 -153 -76 36 68 191 224 105 226 12 -246 -27 13 -143 -218 243 -43 -163 -241 180 1 -141 118 173 -223 51 -242 -239 -113 -145 137 -47 -207 27 29 -140 241 -10 -230 -138 31 23 -219 -195 -222 -130 217 32 -176 -156 37 21 193 -56 155 24 112 -206 -33 79 83 19 133 -125 59 -220 41 -175 45 -66 -157 -77 242 -14 15 -120 8 248 80 143 156 -39 58 -186 
TEST 63 ARG:89 -68 234 201 -193 51 37 151 78 172 54 -158 -188 1 -46 -165 -110 220 99 -187 129 -222 -175 -129 -198 166 136 247 -143 -115 212 123 -101 -61 -27 119 127 -75 177 -174 -2 38 -42 21 -85 -197 -166 -29 135 -155 -246 -226 146 -150 147 205 -231 -98 -238 65 -225 215 6 134 155 160 28 -80 93 -161 31 -18 62 29 -57 -204 -44 191 -207 -63 242 26 58 23 -178 221 -151 115 153 169 14 235 141 -240 -145 11 -235 158 24 69 104 226 -40 -54 -189 -19 -168 -215 13 -228 -250 9 -139 -153 87 137 -123 76 -4 249 101 204 -171 197 49 -173 110 240 -136 -172 165 4 75 -177 82 -120 -99 -48 -58 46 203 8 239 144 -190 -234 228 68 56 15 88 -132 -3 244 59 -179 -52 216 125 -53 103 40 39 -184 -144 176 -133 -214 -17 -236 12 248 -245 210 60 150 83 218 170 195 97 -93 -41 -128 -102 -39 143 -163 113 -205 -182 152 -65 -137 106 -248 -55 90 128 138 187 -121 -70 61 80 -79 -10 -243 85 -31 121 -9 48 -183 -25 96 -96 -78 -209 -6 -73 -37 -100 238 168 79 -224 225 -201 -106 181 -94 94 243 -196 100 105 42 -24 217 116 -92 -194 -95 -126 186 -181 36 -203 -217 200 -160 -71 -113 139 -107 -131 -156 74 224 131 222 214 33 -50 -28 -26 -56 -81 -76 -1 -242 156 19 -114 63 -119 -142 66 64 233 -141 -218 232 202 -16 7 122 140 126 -62 -220 -239 -90 173 -64 -199 -109 196 -69 -82 20 102 -111 120 3 -130 98 163 -23 117 81 -191 -45 -247 -127 -112 -89 -87 -118 -221 -116 132 -108 162 157 148 22 86 47 25 161 -167 -232 -185 43 114 133 194 211 209 174 111 237 -154 193 -219 -211 72 -202 142 -229 -88 130 50 -206 145 -169 -86 178 18 -43 -159 53 -125 -233 -35 -91 -192 -152 -14 -21 245 67 108 70 159 -49 -210 52 -208 -176 154 -170 77 -134 -200 -230 -30 -241 -74 188 -146 -117 27 -157 149 124 192 241 229 -122 230 71 185 -11 171 198 -186 -59 236 35 -164 34 -124 -244 -8 -84 95 -223 164 91 -180 109 -103 223 -135 -51 -15 -33 -147 189 179 84 -72 -140 -212 182 184 -38 -47 -32 92 -36 -34 5 190 -216 175 180 -60 -249 213 231 -5 -149 183 44 -22 246 41 -97 -77 206 227 45 -20 219 73 16 0 199 32 10 -105 -138 -148 208 -7 -227 -66 -104 167 -83 -12 207 -213 -67 112 118 -162 107 55 -195 57 2 30 17 -13 -237 
TEST 64 ARG:100 -123 -92 -10 -51 -205 15 -145 19 -4 -54 177 212 43 -21 192 106 -166 -25 14 33 -245 50 -137 -216 -20 197 216 -72 78 -1 -199 -98 150 -147 -100 179 97 -177 87 -169 -184 200 107 -235 -109 -225 76 -112 41 126 83 47 -183 92 201 -99 153 3 162 -53 31 122 -40 70 -43 -238 188 -171 -59 209 65 -37 -241 198 81 -136 95 99 46 74 -65 -122 48 -120 165 176 -156 69 110 63 203 -17 28 185 -58 -78 -87 113 149 -154 9 222 82 21 -18 117 139 -75 238 90 -170 -224 -233 -103 -128 -244 194 -207 -23 64 91 -148 -172 -131 118 32 94 156 38 127 -227 -204 -179 108 -44 -180 142 -162 -90 170 -144 55 -126 -124 158 -114 96 75 154 151 173 -242 -12 136 -79 13 -96 215 -248 133 -240 -97 227 -187 -106 112 49 -2 -155 -107 -67 -71 -6 145 167 172 -77 -143 148 168 -82 193 -49 -33 205 -236 22 8 -188 -167 51 128 -116 159 -133 -201 -197 -209 211 -32 123 155 186 -95 181 -178 39 219 -176 226 163 247 -66 93 -56 10 125 -88 101 -157 248 144 -163 137 -28 -246 183 -117 174 -152 -11 210 115 -22 -221 -52 -36 16 208 231 147 -229 -83 121 -68 29 36 105 175 206 27 -104 240 161 -161 230 -189 -153 -186 -16 180 213 60 -230 -111 -118 -173 -249 5 189 17 59 -196 143 -8 -39 190 -48 119 239 -202 -101 11 -3 182 -62 202 -64 -195 -208 134 -29 6 -231 -34 245 104 12 146 -234 -45 -211 88 187 -115 -108 66 243 -91 84 -30 236 244 -113 -142 235 56 67 -129 195 -150 58 -140 218 25 -164 -182 85 -93 -5 -185 124 -26 -193 -130 -84 -139 30 -165 114 102 57 -55 -206 -168 -41 -194 68 -135 -213 34 2 -219 -76 -27 -141 80 -214 157 -218 98 204 111 -226 -61 -73 -215 53 -203 138 -174 242 164 0 131 -220 234 241 -232 -175 140 -13 -50 -125 -181 132 225 130 -146 116 73 103 24 18 -47 54 221 -38 37 196 169 207 228 -237 23 171 45 -198 -89 71 -69 233 135 -70 237 -223 -119 -110 -243 224 214 -217 -239 -63 199 246 141 -81 223 -86 220 -134 7 86 -74 -46 -250 160 62 -191 -7 -24 61 -228 52 -102 -149 -210 89 35 -31 120 1 -19 44 -192 20 232 -121 -14 152 40 184 -60 109 -159 -190 72 129 -200 -247 -94 -57 4 -42 -158 178 42 -15 26 229 -160 -80 -35 166 79 -151 -212 -9 -132 -127 -138 -105 249 191 -85 217 77 -222 
TEST 65 ARG:-10 229 -52 -26 207 -170 -4 -42 203 -199 24 219 -226 46 -224 142 162 148 -56 -122 -6 -38 168 56 -163 -30 -70 239 -108 19 -99 -248 -109 -207 144 -82 -236 206 131 62 132 -250 37 153 17 -247 12 245 242 -149 175 102 9 129 208 -191 -136 -112 -110 216 -98 -119 -7 146 -27 23 124 39 70 -49 -17 84 232 -183 111 26 47 -100 196 4 51 -51 -189 18 -195 143 -84 -121 43 -150 159 -126 -21 91 107 30 -221 -124 140 -179 145 -111 -40 89 -243 -87 -158 97 55 75 1 -36 -123 80 34 -147 45 -11 28 -105 116 -60 -94 114 152 16 -1 -213 238 8 171 -157 -167 115 -166 -205 -50 95 226 -89 -67 166 -15 -57 224 44 200 211 11 -178 -63 -80 103 -90 154 -229 210 -66 -146 -230 167 -177 -59 -188 87 64 -69 188 76 180 179 -37 -25 189 -114 -208 214 -45 -132 198 73 202 -223 -190 14 -117 -58 32 246 -142 209 113 244 190 -249 117 -31 -125 -160 -116 -246 15 -165 -228 -127 -20 -238 98 71 -197 128 -92 -204 3 -44 74 218 248 -212 -64 -171 -174 -13 -173 165 -137 -143 -103 -35 -154 241 -107 106 163 -233 31 194 -86 134 -175 -214 -201 225 237 150 -34 68 5 -8 -97 -74 -65 -198 -219 120 69 -55 41 -61 50 122 72 133 -185 -14 -227 65 -237 25 158 -129 -153 -215 92 156 105 99 -104 -46 83 136 -209 104 222 0 223 38 -101 149 174 -118 -162 243 -43 78 100 -241 119 101 -216 235 -120 -78 125 184 -152 -225 -161 221 -196 -76 -93 217 -220 -113 -148 -211 -139 -156 186 234 -144 -151 -210 231 161 -41 213 -75 -29 204 220 59 151 -115 49 249 -181 -3 240 13 77 -232 118 -245 -130 60 197 121 -235 -240 -54 67 -138 -32 -218 -244 -187 -217 -88 42 -102 -172 160 -206 215 -193 -48 85 233 185 -72 -194 195 52 176 -155 -77 -24 192 172 40 147 157 182 22 130 139 53 90 187 112 183 164 -33 -106 27 -131 -231 -234 -68 -168 177 -95 -164 6 81 169 236 -128 -239 35 173 -140 227 -202 20 212 -5 10 -135 66 -23 109 -47 -180 -22 -81 155 86 -71 205 135 -134 -192 -53 -83 -169 -182 -242 -133 -39 -16 57 94 93 82 137 -200 -19 181 191 54 29 193 58 -73 -9 127 -28 -203 -145 110 -18 -2 33 141 -96 199 -79 228 201 -85 63 -186 88 126 -159 170 123 247 48 2 21 -12 -62 -184 230 -91 108 -176 61 96 178 36 79 -222 7 138 -141 
TEST 66 ARG:108 -221 -28 -190 87 -48 113 182 117 -184 11 8 206 -177 36 244 -61 243 -76 122 84 -216 -203 241 230 97 130 -219 -65 228 -135 199 142 -155 -105 -210 -217 -232 -64 -51 -34 81 -45 -110 24 32 115 27 78 -17 -247 42 207 34 94 -52 19 -128 66 43 -16 -211 6 176 -191 -93 126 -139 -200 -157 -116 197 233 55 223 33 -175 208 -5 14 -199 141 116 102 -182 -69 227 99 188 225 -112 -7 -248 133 -74 68 224 156 178 47 67 167 -98 -109 169 -79 158 -22 -186 174 129 110 -21 121 246 -73 -176 -172 -62 -214 157 -101 131 -147 -164 -205 193 7 -143 104 152 64 -81 -111 -125 35 190 -115 -174 -240 -9 213 -123 5 -18 -198 194 143 177 83 209 12 -183 -129 186 239 -118 -237 192 124 72 91 187 -67 -71 63 219 107 -159 28 105 195 -145 -132 -32 -2 39 -25 212 58 -56 163 -97 -6 147 -77 -194 -185 70 -227 151 111 -130 -204 -60 -119 -50 -68 134 -225 150 114 232 1 -3 168 184 146 75 180 123 -195 127 -238 82 49 216 -33 29 -166 221 171 93 -70 189 -38 -229 109 85 98 9 -121 -239 61 -140 -40 -114 22 -46 226 -49 -26 -95 -122 236 234 217 56 210 79 -149 132 45 -224 -137 -41 -94 -249 -154 -209 242 -57 173 -196 38 100 77 -136 69 -151 -207 37 160 50 -42 -127 231 125 220 10 59 120 -134 -10 -171 -78 -23 112 -202 138 148 -96 -92 172 200 145 144 -91 -88 -197 -104 -124 -113 139 86 -106 -58 23 18 -14 -223 -163 4 26 -148 25 140 16 137 -218 52 162 90 51 -161 15 -178 -187 161 202 -30 -169 -231 92 -208 247 21 235 -160 17 -24 238 -53 65 -27 -226 135 -181 -19 -107 46 -173 -36 -188 -83 -144 -212 -35 -108 74 106 -243 164 -55 -75 -215 -84 -230 -133 71 -150 -103 -15 -37 -235 -20 -120 -102 -220 205 3 -11 218 -153 -206 -152 -142 -213 20 31 -80 -82 -39 89 222 249 153 201 155 191 165 154 -131 248 -165 -29 -59 170 76 -180 60 -158 -168 -44 211 118 -12 -90 -89 -117 119 -192 -43 62 -72 -86 128 96 41 -228 -179 185 40 57 175 183 0 -99 -246 95 240 -146 -4 166 159 -234 203 -170 -66 80 -241 -156 -54 -31 -201 245 44 54 -189 -244 179 88 149 229 -85 -100 237 -126 215 -141 198 196 204 48 -250 -87 -63 -242 103 -236 136 -167 73 -245 -47 30 -222 53 181 2 13 -13 -8 -193 214 -233 -138 -162 -1 101 
TEST 67 ARG:-194 226 105 236 196 -92 120 -142 -63 -59 -124 66 -26 61 164 195 94 -67 192 113 -27 235 -55 -245 223 25 -179 -125 43 31 -224 -185 -42 26 249 80 221 -50 64 36 -139 -70 -158 186 -246 -208 -112 46 35 -36 42 -183 -248 -178 -218 182 -117 -237 0 189 67 -222 116 -123 34 198 -44 12 -135 142 91 98 13 -187 191 1 174 92 148 -34 -39 -18 3 166 54 112 153 -133 119 23 -32 -87 -227 -116 184 -148 -61 -143 -104 -161 -215 75 163 -141 -11 72 -226 -189 -177 125 -236 197 -145 208 104 86 194 149 -196 -88 224 -247 39 225 139 -97 -35 -19 -51 -101 243 140 151 -7 177 84 -186 -2 244 -5 18 -95 169 -120 -109 69 -199 83 -38 20 -157 4 -180 48 122 47 51 132 173 50 -122 155 -229 -30 156 178 143 -175 17 -232 62 -21 44 27 172 -165 32 -37 193 -182 187 179 -82 -166 -105 162 -79 -28 219 171 40 -140 -3 55 22 53 152 -46 247 -181 -137 28 5 -48 -49 -162 96 -195 -75 -238 -205 -200 -84 101 -62 127 -191 -76 -113 233 -110 -103 137 95 -85 56 146 88 -99 -170 87 109 -130 168 -176 238 118 227 -171 202 215 154 -58 -228 33 147 -212 -1 -78 52 248 213 -93 93 -144 -209 -241 -197 82 245 161 -121 10 -239 190 77 124 -131 -172 -225 -233 63 -128 99 -214 -206 117 30 -193 -31 -114 -65 145 102 -234 -22 -57 -24 240 -173 71 45 133 85 150 181 115 228 135 -220 -14 81 160 -190 103 176 -10 188 -53 100 19 60 199 -64 -68 205 -213 232 -242 68 108 -94 59 206 90 -159 -47 -164 -52 -80 -83 -108 -60 -98 -192 -167 -149 -146 -77 203 57 131 -202 76 6 -235 -43 37 170 -198 242 -153 141 -72 -33 234 218 70 -155 -151 -89 -56 -86 123 129 130 217 158 210 -73 -8 -211 -134 -127 159 200 -54 239 -174 58 -81 -111 -163 -100 -41 -138 -118 128 -9 89 -91 16 214 -147 -6 157 -136 138 180 -160 38 -66 -203 -168 111 9 -16 165 -23 -216 -15 -207 -29 -210 -119 -231 -69 2 -169 201 -223 -25 212 -90 216 11 175 -74 107 -204 -106 -184 121 -240 -150 -71 -129 134 -126 -115 185 167 -4 -132 220 -217 246 229 8 14 -102 -12 209 7 21 -219 -20 65 -188 230 144 24 -156 237 -13 74 -249 204 -250 49 -17 222 79 183 -201 110 -45 -152 207 231 -244 78 106 41 114 97 126 241 15 -230 136 -40 -107 -243 73 -96 29 -154 -221 211 
TEST 68 ARG:77 -115 92 -64 -51 -92 -151 108 64 71 38 190 98 191 49 237 131 27 26 -39 -237 111 213 -119 -30 140 243 61 136 -89 152 142 -118 -73 177 82 -7 215 103 -86 -246 12 20 -55 -76 155 -112 -211 -181 54 192 121 239 78 -8 -136 -182 178 -204 56 -238 -156 189 -149 -210 -77 -247 -107 150 -81 134 4 -164 28 209 -100 158 -94 -122 -192 101 126 104 19 -104 182 -216 185 204 -141 -21 147 88 24 116 225 -68 187 219 -43 -209 208 -167 -111 176 -32 66 -1 79 234 -168 165 -240 -96 168 -234 207 -186 18 -239 107 217 -162 -65 51 -69 60 99 21 153 -145 16 -196 -59 154 -220 195 137 171 -177 -80 112 -87 -133 -163 -208 -212 232 -129 -17 199 233 83 -31 169 174 -66 148 44 235 -11 59 -108 2 224 -148 -188 202 95 80 -203 128 173 -131 -166 -197 -25 -219 -29 74 33 -155 -202 0 -4 -105 -224 47 58 -12 218 -44 42 138 -227 200 -194 -84 3 70 -82 -147 214 -93 -232 -233 -95 120 -27 -138 23 241 100 162 11 -244 43 -180 125 145 -46 238 -103 87 193 222 -57 -245 -176 226 37 -125 -102 -218 175 -85 247 -249 50 -185 127 -10 -53 124 -235 -22 90 144 -184 -201 -37 -98 -9 227 -106 69 84 -178 30 -63 68 -189 -170 197 132 -97 -13 117 -225 172 29 248 -250 -230 135 196 46 210 146 -6 -91 194 240 41 97 -160 -231 -101 -2 106 86 1 10 -146 163 -114 245 141 139 57 25 34 35 110 -161 159 -226 -130 -172 85 164 -223 228 -40 -78 -157 161 -153 -34 -215 118 -140 96 122 -222 -18 -175 7 -52 -242 105 205 -117 9 -200 73 -83 -109 102 113 -152 -3 211 6 -126 -137 -134 -72 -71 246 181 -38 91 22 -99 -54 13 -60 -24 114 -41 -45 -158 -121 75 -56 -228 -23 -214 40 65 -217 31 143 -61 -20 -28 -120 -199 39 -116 129 -14 -33 52 14 167 -135 81 -236 -48 -248 -179 63 236 123 -173 -5 76 198 157 -143 220 -19 149 151 203 -150 -191 184 -113 -213 -124 8 -144 229 109 -193 183 -90 130 166 -49 -70 -243 94 133 17 -15 48 -79 89 216 -47 -207 -75 201 170 160 231 93 115 -169 -198 -58 -110 -195 -67 55 -42 230 -241 -206 119 244 -36 -171 -62 -127 -26 -50 212 -190 67 -123 -221 180 72 -174 -205 249 -88 32 -165 -183 62 188 45 53 5 186 -159 242 -74 -229 156 -154 -139 206 221 15 223 -35 -132 -16 -142 179 36 -128 -187 
TEST 69 ARG:36 -6 41 51 -21 -109 -35 246 -93 -164 50 -119 89 -76 145 -46 158 165 49 40 -23 -106 -9 -157 -36 -91 -70 125 -57 197 11 -145 146 -50 -137 -181 -128 21 202 -16 94 137 -123 -169 118 -160 134 186 -166 -33 68 15 -72 -89 -204 -131 -47 -150 -211 -202 -127 -4 39 -205 -29 123 -241 -129 -41 147 61 -188 -87 148 -197 97 131 -214 -65 29 151 45 -82 139 -210 -28 -172 -165 -39 60 75 105 -147 215 132 -20 -136 235 -182 22 1 100 -100 -88 107 143 181 -31 71 183 111 224 -13 106 159 26 -243 122 78 -159 -238 95 233 99 72 -24 176 239 172 103 238 -99 -232 -230 -66 55 -14 -121 -3 179 -102 -167 93 -156 23 211 -134 -222 -107 12 16 236 -221 -229 6 213 74 -81 -208 -162 -142 108 -85 -198 -244 83 28 -148 -245 101 82 -67 42 -71 178 187 24 -149 -217 43 -155 14 -212 192 62 205 -19 27 -171 76 88 70 -138 -17 81 249 -151 114 -196 92 -141 -58 113 247 84 25 31 -75 190 87 -140 154 -42 198 188 7 20 219 141 -228 35 234 196 124 64 200 -43 -246 -30 -120 -135 -32 32 -27 -144 -45 -8 -115 -240 208 -101 -249 157 -96 -98 -143 175 -174 -49 193 210 140 -153 -51 -199 133 -250 77 65 -104 -224 -34 85 170 -55 57 -132 30 -207 129 168 -223 -163 184 -195 142 -73 -187 98 -84 136 -247 -158 207 -234 18 222 194 160 -90 128 -231 91 203 -18 -114 240 152 59 -218 216 -201 -179 116 -103 135 34 9 86 -68 -61 -94 229 79 -152 -178 244 -69 232 138 -124 226 169 -233 185 -130 209 -126 -10 -239 -111 119 -37 -40 162 -226 69 230 189 -48 -227 -118 120 -79 214 -209 3 -177 -219 -78 -117 242 -38 161 -92 127 -185 204 206 223 0 67 220 -191 80 -22 -26 -74 227 53 -95 112 -56 -25 231 102 -180 -184 48 90 -186 104 -235 191 -64 218 -86 237 -1 44 47 -12 -206 -59 201 153 -110 150 -62 73 117 -236 -105 13 243 -215 -15 115 126 8 -154 4 -108 171 -190 -161 155 -116 -112 -83 -113 -80 -63 -189 225 245 109 -192 -216 -193 182 110 -213 166 -168 -225 -77 -200 52 17 -139 -237 -173 46 -203 -11 174 56 -54 -183 221 -53 156 33 130 164 195 10 -175 37 -7 121 167 -5 63 -122 2 217 -220 -125 -52 19 38 212 173 -97 177 241 199 66 -170 -242 228 -194 -176 58 -2 5 144 -44 96 -248 54 149 248 -60 -133 -146 180 163 
TEST 70 ARG:168 -246 128 107 -185 5 96 -203 -191 -244 -49 213 71 220 97 -145 121 -52 78 -120 154 -158 -110 -196 108 -53 -43 -200 -82 -167 -207 -182 16 89 -13 39 -108 -159 -28 186 25 -238 194 -96 190 35 -3 -84 -15 -99 -210 68 184 76 91 214 182 189 163 -121 -189 82 -137 -80 238 -47 -36 -83 -133 147 169 -109 219 225 209 58 -62 -8 230 -181 -143 118 65 210 173 -101 -224 -68 228 -27 205 -197 101 -206 -241 -7 -218 -60 114 13 243 -249 116 240 -229 -140 -57 1 54 224 179 -214 -67 -40 -232 -129 152 -74 -92 177 -34 109 141 215 -219 -41 -73 244 80 -29 30 -176 -155 55 -128 -48 23 -77 -208 -126 -142 -202 -38 -194 6 -21 -23 46 88 -183 48 153 124 166 -24 -209 -213 85 -122 -144 -221 98 -63 -150 -86 47 -168 -56 -151 -212 -45 -59 117 -104 248 135 66 -233 20 -117 31 -174 -22 18 99 12 -42 -160 -33 195 200 -216 -25 -156 -64 53 161 4 -131 -154 2 134 149 90 93 -78 73 -39 -37 -171 3 227 -31 67 -16 -81 216 207 165 -6 -111 -236 34 -87 -90 -75 176 -180 -205 -35 162 146 105 211 51 -243 27 208 148 191 -26 175 -71 -231 236 -17 -135 -139 28 138 113 247 -153 140 151 -148 24 56 81 192 86 -175 -2 100 -152 -223 -123 -157 69 -222 234 -79 233 -91 94 37 -113 -242 126 226 79 202 38 -93 -164 130 172 50 -50 -9 143 223 -30 -65 203 -58 -228 87 145 103 -188 119 63 84 57 235 -187 -51 95 131 9 -115 155 72 199 245 -12 -106 136 -141 61 44 -162 75 15 -147 137 104 40 180 196 115 -163 159 -102 -165 -69 -166 -239 -127 -124 64 102 -245 -10 -234 36 164 -186 -211 -248 -217 237 -184 -169 -4 158 8 -70 52 142 -125 -119 41 -193 -195 10 -76 197 -88 167 129 -192 183 -20 22 45 212 -114 -134 -18 59 229 -170 -198 32 -227 -5 -161 60 83 -149 157 -237 156 -1 -225 231 111 110 -72 -112 222 -89 -97 21 139 125 193 -178 201 218 198 19 77 11 178 -61 -132 -44 246 -116 -46 239 -54 112 -85 187 221 181 43 -136 206 -105 174 -172 188 241 17 160 -55 232 -177 127 -11 -100 132 92 26 -173 -66 133 -247 70 -250 74 144 -14 -19 204 -240 123 -235 185 -130 -98 33 -94 -107 -201 -138 -199 150 0 -204 -179 29 -32 -215 249 170 217 -230 62 106 14 -190 -118 -146 -103 171 -220 242 42 49 -95 120 -226 122 7 
TEST 71 ARG:47 165 -222 69 -27 -231 112 101 152 35 -249 -238 -189 -149 19 -49 244 -129 227 187 139 149 -75 180 98 137 142 -155 -244 -67 120 83 -6 -16 -151 85 4 -15 127 -226 -116 -92 -193 -115 52 -210 -250 192 114 -17 43 81 -109 183 108 166 135 178 -37 -35 223 42 136 -98 -38 -24 -196 14 63 46 6 -121 -32 -224 18 -33 191 -36 130 -161 124 236 241 58 76 243 23 97 123 -214 -82 -162 67 126 -143 100 1 -145 -122 -194 -240 -80 -177 -218 -213 229 -165 -108 -216 -124 -208 -182 59 -53 -172 228 -101 -164 56 9 -76 -137 -86 155 213 172 122 249 -63 -50 246 -200 148 33 -117 233 -112 248 -91 -221 84 207 -28 -34 -118 -83 79 217 -206 181 140 -190 61 -77 7 -160 -22 54 -181 94 -130 40 -70 45 199 66 -135 -29 -54 50 92 146 111 224 30 118 -225 212 110 -125 -140 -26 -73 21 188 17 -174 -132 176 -128 -227 -192 -183 51 168 -134 -154 -184 -20 245 2 73 -68 -7 11 3 129 -88 -158 80 184 -141 -126 -57 31 -139 32 -119 154 -65 214 -104 -136 -228 174 -25 77 169 -55 49 -248 132 189 -96 239 141 209 -5 -69 -148 -40 -90 -100 22 -51 195 -120 185 194 -114 210 -223 -187 71 190 -42 -21 -147 186 153 -211 240 -179 38 26 -236 -13 57 164 -81 226 -45 -166 208 167 75 -219 60 158 -173 150 177 242 -107 117 -123 138 -94 -215 116 -18 125 -89 -4 0 -78 15 -87 93 -217 -97 134 200 -207 -247 87 201 161 53 106 -169 -153 -152 37 -99 206 -199 74 218 -156 162 70 96 -188 -175 72 -102 247 -48 121 -204 115 198 -239 -235 205 235 -71 143 65 -202 -103 -170 -209 145 -84 -243 234 90 48 16 147 55 156 -56 232 159 -44 -8 -163 29 -31 113 -110 68 175 -241 91 -19 -237 220 171 -186 -159 215 -157 151 -168 196 -144 103 107 222 173 -191 -201 170 -12 12 -46 216 -43 5 86 221 95 -178 -133 -195 -93 -131 157 24 -232 202 -230 219 -41 -203 160 -245 197 -105 -1 -74 82 -198 89 -58 -2 -205 163 -14 20 102 -106 34 230 -220 119 238 64 -233 -176 -197 -3 27 -171 -47 104 131 -79 13 -138 -85 8 109 193 -59 -72 -95 105 133 -11 179 -212 28 -167 -30 -113 203 78 -246 -62 -242 -23 225 -10 211 88 36 41 -150 -111 237 204 -180 -52 25 182 -127 -60 -39 -234 -185 62 -64 10 99 -9 -61 -146 -142 -66 -229 44 39 144 128 231 
TEST 72 ARG:-158 90 244 -184 57 222 127 164 173 -157 98 5 65 77 212 156 -94 32 -135 83 228 -145 220 -121 2 92 172 -203 116 -239 84 133 224 -222 26 25 114 -132 -122 100 -130 -37 -238 -217 51 23 -229 54 -1 208 186 27 -52 28 47 -80 -43 155 -74 219 106 -17 -25 58 -21 93 148 -201 -182 14 217 94 82 179 -128 -250 160 -14 -6 -33 62 221 -123 11 -22 -8 193 33 -110 137 -125 45 56 190 -31 81 181 207 -178 194 55 145 -45 -66 153 34 -10 -231 242 89 -85 -162 170 -12 -72 -179 200 162 -210 -40 -63 -140 41 -174 142 -232 246 72 169 -205 -118 -59 216 115 -200 109 112 70 -233 -228 -75 131 195 -224 -99 3 95 29 189 161 171 71 -241 -192 -76 8 141 -48 -237 180 188 -55 -101 -243 229 121 -100 -244 -69 -90 -191 -234 -248 -79 -171 -186 -26 -212 227 239 -173 -4 -139 223 80 1 198 17 -183 -245 -177 192 201 -134 119 203 -105 143 209 -187 -29 231 -154 230 -28 -127 -218 104 -223 -13 -230 -98 -111 69 211 -109 -185 101 38 -235 37 202 174 -44 -62 75 -147 13 -189 96 -214 -104 -114 67 49 -65 -86 -142 15 -166 -168 129 -133 -160 44 -136 124 134 243 -169 -144 237 139 247 138 -82 249 -195 -221 21 -156 -30 103 -167 -35 232 -150 144 -96 61 165 -180 -103 -71 147 10 -18 35 -9 191 -148 -181 122 43 64 236 -47 -116 210 -117 -64 -194 184 -204 135 234 -54 -108 19 102 151 -88 79 128 91 167 -39 30 117 205 -57 -24 -161 196 -153 166 110 -38 182 152 177 178 60 -242 50 -236 218 76 -198 -93 163 -141 111 40 52 -138 107 59 118 85 48 136 -87 -213 -84 -155 -152 -50 87 -113 46 -206 -92 108 -126 -209 -56 24 150 206 -146 31 4 213 -19 140 86 -199 175 -95 -124 126 42 -73 -163 -15 9 -5 -32 -176 -247 159 -220 -170 -143 -226 -137 -149 -219 73 -23 -46 -51 168 74 -208 -112 7 18 -172 225 -81 -2 -207 -190 -164 -77 -58 -227 235 -16 -216 226 -115 88 -83 120 16 157 -106 -34 -240 53 -202 -107 -53 -246 214 22 -175 187 215 197 78 36 176 0 -67 241 113 39 -120 -3 -165 -129 185 233 -49 6 -211 -68 -27 -78 -60 97 -197 -119 -11 125 -188 -42 -131 20 204 12 -97 154 -151 245 -20 158 99 248 -215 132 130 -7 -225 -89 66 -61 -91 -159 123 68 238 -249 -41 -36 -102 183 146 199 -193 149 -196 105 240 63 -70 
TEST 73 ARG:101 -15 215 57 123 106 -135 119 195 154 -184 -17 -63 192 -167 -133 -108 21 -143 -32 104 -39 -117 -191 77 -127 -56 -162 -234 -120 63 -149 197 220 -144 -11 157 102 -78 98 118 -6 -176 176 -163 -29 206 -70 -85 182 -194 41 -9 47 64 248 48 -21 -66 92 -155 239 -86 46 -77 108 -146 160 166 234 78 -50 -14 0 69 -224 -23 36 232 -18 55 -181 145 -185 124 -30 -27 -71 -41 191 -164 -42 5 -43 -13 218 -141 -136 128 -237 -55 -142 127 153 107 184 -121 -49 142 59 65 -195 -58 24 -52 -110 -145 228 149 175 27 -200 -233 -177 11 190 -93 -182 174 -124 68 223 80 -107 49 -37 187 -148 217 155 -154 -73 -216 114 62 204 105 -174 -7 211 56 161 -8 143 81 38 221 44 -153 177 240 203 199 -180 -44 -53 -104 -88 -111 -126 -69 39 6 156 233 45 162 -128 -26 131 159 164 -132 208 -102 -196 163 -99 111 -175 -151 85 214 -188 -24 227 -170 8 201 72 -51 66 -230 224 43 133 181 -114 -210 18 196 51 -31 -219 73 189 -204 -217 -226 -38 117 -186 -152 172 -109 148 -207 -60 -84 241 -178 -54 -165 -190 180 235 -229 194 -16 -150 83 -82 -247 -59 -118 225 230 -19 15 243 -40 31 -215 249 -218 -147 126 -87 -242 52 82 205 -119 -57 138 -189 226 247 35 120 -206 -98 -158 -140 -202 219 125 -193 198 207 113 -62 -169 91 -203 -25 231 1 96 -89 93 30 -61 -45 4 -113 -20 34 167 -75 -130 14 -223 150 53 -235 -248 -209 -198 -94 -214 209 -171 110 -225 -166 238 10 -3 -187 -125 178 121 -105 222 12 -245 -173 61 37 -199 202 71 -116 152 237 146 242 -34 67 -205 210 -22 216 -2 -65 193 -137 122 19 -134 100 -183 179 54 76 28 -123 -10 170 144 42 -222 84 -156 50 58 -97 245 86 97 -241 137 -46 33 -238 90 151 40 -236 99 3 -161 212 186 -243 165 135 -36 185 -240 115 -90 2 74 147 -48 -249 13 -35 -160 -197 25 22 116 229 -250 140 -168 -68 -28 -231 -4 -92 60 -159 -79 70 -232 -1 -244 136 -76 -83 -157 213 -100 141 200 -208 -179 171 26 -33 130 -5 -138 129 29 -139 23 87 -72 132 17 -96 32 -129 246 173 -213 -172 112 -91 236 -228 139 95 -220 -239 88 168 89 7 -80 -81 -211 169 -192 -67 -227 134 -106 183 -47 -122 20 -64 -103 9 79 -131 188 16 103 -101 -212 109 -246 -201 -74 94 -115 244 -112 -221 158 -12 -95 75 
TEST 74 ARG:110 -128 -195 148 95 172 177 124 -222 55 225 215 -175 12 -37 19 -181 -56 -116 -96 -180 -33 -53 -22 -26 -245 161 -240 -151 142 248 -83 -142 163 -110 -136 15 -23 162 -9 149 -17 -188 -55 -27 -70 -42 -157 -57 69 173 175 -72 236 202 -165 56 -120 84 -194 9 -13 -200 122 -106 -25 151 -177 -85 -144 -229 -246 126 71 -124 207 41 -21 -236 -61 -241 -15 -212 -179 34 97 -7 -170 -178 240 96 79 233 16 -66 192 -226 228 -152 -168 -74 64 152 176 -171 -160 129 68 -38 247 107 -84 125 -104 -189 103 -197 243 -249 -210 -242 -248 214 231 131 -49 128 191 183 -185 -64 224 194 32 -239 62 -6 93 205 -139 67 -39 189 -3 246 102 -198 -209 -44 195 -162 121 -158 234 -129 -224 6 -196 -65 144 127 232 80 -234 -217 209 -230 21 -93 89 -34 22 139 154 -176 -32 196 -117 66 -121 87 136 17 217 -211 -193 -24 -16 -213 -172 188 81 82 100 -78 116 101 78 -150 -28 155 -232 -62 -233 115 156 53 212 39 65 -50 164 239 48 -115 -11 208 40 -204 94 -214 -238 -145 130 -122 117 -4 135 238 -36 91 -67 168 47 182 -82 10 245 -164 -1 1 118 -138 206 -63 241 -126 -247 -105 74 8 123 20 26 -54 58 -186 7 44 61 -47 -187 -134 -148 -191 204 35 -159 73 -227 153 -132 99 -20 2 213 57 160 98 -48 -166 -141 -30 140 -29 -231 -174 18 4 60 -108 -18 170 242 -94 230 -103 146 104 76 -113 50 -99 -223 77 158 -40 111 23 134 88 14 -107 92 -118 186 211 -10 -133 -216 179 -183 90 -201 -192 -111 113 31 222 109 59 -207 -147 49 120 -35 190 159 -244 223 -163 -208 -154 -2 75 -5 85 -149 27 198 45 -41 33 143 -215 -109 -114 -97 -161 203 72 180 -86 -220 218 52 36 185 199 137 11 -80 105 -127 -155 42 171 -199 -228 -143 -202 187 -153 -89 169 226 -46 157 -102 -8 -92 229 -101 -221 -205 -51 119 -88 3 -125 -135 132 -146 24 -45 -69 166 -203 -167 -98 -52 38 220 216 237 145 -250 197 -19 -190 -119 138 108 165 -95 -75 -91 244 70 210 83 249 28 -77 -76 221 -79 -173 54 51 -169 -225 -137 -184 -156 -100 86 133 112 63 43 -58 46 -31 -81 -90 -140 106 -131 227 141 5 -71 -12 -43 -14 167 -73 0 -235 -68 181 178 -60 114 -123 -237 -87 -219 -112 184 193 174 -243 -182 235 150 -130 37 -59 25 147 -206 219 201 29 30 -218 200 13 
TEST 75 ARG:74 219 126 -98 -100 -1 -101 230 28 190 -228 -205 93 -163 -166 -114 132 -25 -164 -212 -176 -214 187 -157 71 222 -95 153 123 -221 -248 45 -58 -178 248 -231 206 -222 -246 179 -90 26 -9 239 192 81 -14 -136 169 98 -10 100 -43 218 2 -74 -187 73 64 -173 138 -189 11 199 66 145 109 52 102 224 84 -4 175 -93 17 -133 -3 -170 79 -245 -86 -27 46 35 205 -156 27 198 50 -235 -192 120 -18 -13 80 148 -19 -171 -32 -52 -91 243 1 113 -64 57 -65 -177 -37 -111 -137 99 89 -30 38 140 56 213 -17 220 -6 -105 8 -233 156 -88 20 -45 -70 -109 -150 -60 -107 91 -28 39 -220 149 225 -129 -122 223 186 -80 209 -55 -41 -250 -201 -138 106 96 108 -236 241 144 -2 215 236 -135 -121 170 226 -149 -49 115 139 231 54 95 -24 237 -145 -195 -108 -223 228 -15 143 -132 -197 -168 -116 -207 107 193 82 229 -216 -53 -219 -126 -241 -69 134 18 165 -123 40 162 -85 112 105 128 36 69 25 42 127 92 151 -180 196 152 232 -75 -218 -124 97 235 -7 -94 208 16 150 -83 -54 -72 240 41 7 -82 43 33 86 44 -67 0 -16 -244 210 -217 133 195 -194 83 -20 -131 -46 -140 160 -188 -191 136 34 184 177 -152 -181 90 -227 21 12 -211 60 -56 185 22 -238 214 111 -33 202 63 -160 -174 204 173 -186 168 116 -183 -110 3 -51 166 31 -50 -198 -92 -102 203 4 -34 -165 -193 216 -234 130 212 -44 -141 -154 -106 -175 -79 -12 -242 181 -11 6 -139 -81 -158 119 172 101 117 142 10 -127 51 110 -172 -162 62 -159 233 -36 178 68 55 114 -78 -115 85 -97 24 194 -179 247 -117 121 77 -147 189 -5 -103 -225 -230 159 -62 -153 -26 -112 -243 227 -210 65 147 -68 -134 -224 -35 200 157 171 122 155 75 -42 129 -142 29 -40 -96 -48 14 118 5 -161 76 244 9 104 -128 -76 -113 -84 48 -31 -167 -29 -23 53 -237 -229 141 -208 -8 49 191 161 88 32 -21 -202 163 -209 -196 -199 207 -130 -185 238 -203 -39 -200 19 -247 -232 -73 70 94 124 -99 -226 37 221 72 -87 -206 174 125 146 -155 164 137 242 158 183 -144 135 217 61 13 -47 103 -215 58 -151 180 67 -239 211 -249 -22 -190 78 -63 -59 -182 -213 59 234 -71 -89 167 245 -240 -120 -204 -104 182 -148 23 -57 15 131 -38 176 -66 -119 -143 30 154 201 188 47 -169 -146 197 -61 -118 87 -77 246 -184 249 -125 
TEST 76 ARG:-249 -29 -78 -15 157 -149 214 -58 -33 188 181 -221 -170 166 -163 -60 -94 25 153 -152 114 -89 -82 -165 -100 -147 150 50 -166 -136 82 59 -127 -117 -164 46 -189 -137 187 163 -81 -42 -172 176 -142 23 -224 242 69 231 138 -110 -79 162 -206 141 179 -222 79 -130 -101 -107 -19 57 -193 -6 -162 -31 -67 -169 -245 90 222 -27 -21 228 5 76 165 216 113 -242 -148 -196 37 -167 91 158 202 170 39 220 -126 145 -208 -114 -180 -235 221 26 104 -225 -128 85 -194 -129 1 171 60 99 38 -106 245 -88 -219 -236 115 -104 -4 58 24 191 -231 211 -30 11 67 64 235 147 21 129 17 -201 -191 -212 -53 -25 -48 83 -139 -14 186 84 -131 65 -173 -8 -11 110 193 -116 28 194 -43 -13 225 -66 -44 -18 234 183 167 -90 -228 36 -188 -87 209 71 140 86 -37 -52 124 -234 -132 -73 -113 -2 210 106 -161 -80 200 243 4 -17 -240 -138 20 -246 -63 -195 205 -159 95 -140 54 51 237 -144 219 -120 -35 -72 3 -9 -55 159 -70 -105 128 -50 118 -241 125 -135 -213 148 -145 135 81 94 -226 -176 87 56 -209 -134 236 -218 130 74 249 12 101 -61 27 -92 223 -111 43 -150 -112 116 34 133 156 -62 -156 -1 -47 49 -217 31 131 8 126 196 -184 -250 199 6 -119 218 93 246 173 215 -216 102 190 -97 29 175 -230 144 -93 -34 -65 52 120 47 201 -243 -125 248 212 75 0 -177 -171 172 -38 142 98 33 -124 204 -39 -210 -49 -200 -168 107 108 -102 -74 177 -153 169 16 -237 111 -41 -28 35 -36 -174 -96 2 149 92 117 233 40 239 -239 7 18 127 22 61 -160 109 -40 -199 42 -198 19 9 119 -205 227 -244 238 -123 96 230 48 -179 112 -3 122 146 -186 -95 78 -122 55 -227 185 164 45 240 -32 -84 -247 -71 226 -203 -16 73 155 -178 97 178 224 -54 -154 -64 241 -157 89 189 -185 -77 53 232 121 136 -197 203 -45 -46 -151 -86 68 66 139 -211 -207 -215 -229 -220 -68 63 -133 -26 14 208 195 -155 184 134 -141 182 -108 154 -233 10 -10 -22 88 77 197 -204 -118 -56 41 -98 -59 -121 229 13 -75 -187 -181 -182 168 213 151 -99 160 -146 -91 123 44 -5 -23 -57 62 161 192 -24 -51 -83 143 -214 -76 198 -143 132 -183 217 72 -238 137 -232 32 -109 -85 -158 247 -115 15 -190 105 244 -7 180 -103 30 -12 103 -248 -69 -223 -202 174 100 70 207 -175 -192 206 80 152 -20 
TEST 77 ARG:-58 -176 -115 57 140 -120 -135 -154 85 241 231 214 -234 206 33 151 -128 -68 71 -52 -55 -199 111 -100 72 -168 -159 117 106 118 89 -38 -40 239 -165 -57 -129 -67 184 46 135 -172 -25 -229 249 -191 -214 156 -31 157 203 63 -239 -250 -245 -24 0 160 -196 245 10 182 -203 -208 -182 44 247 -89 107 -181 54 213 -18 50 49 -162 171 121 -76 -83 195 -59 100 -220 227 23 -7 58 -36 -121 -95 -188 238 228 124 64 -78 -178 -137 -202 -75 9 7 243 36 244 -96 -134 -147 -228 -146 -216 167 232 -111 97 12 185 -158 29 -173 69 56 130 27 -113 -140 -71 219 80 -226 59 11 -33 78 209 -204 -66 39 20 -225 -105 -125 168 -21 -65 -102 -15 53 1 -179 -222 -122 -136 -13 5 95 122 -20 73 -143 -51 -210 -186 -114 -72 -108 102 -130 -79 -236 -34 -167 -193 217 -170 -133 220 88 -153 38 -109 14 -242 109 37 -132 84 -232 155 -84 -99 74 226 139 87 -156 -221 188 104 -98 170 82 76 -192 40 47 -97 -231 -246 -213 34 17 -155 196 24 230 125 -94 90 -209 -62 -127 61 131 149 4 -80 198 -44 30 -144 -183 -26 183 -69 186 -35 127 70 222 164 -118 -142 221 21 13 169 -86 -116 -17 193 116 153 -157 126 -14 -248 -82 201 120 66 200 -28 194 -241 16 -29 -32 -53 -169 -22 165 110 173 128 -6 -219 19 41 181 -218 68 67 -207 -41 -4 35 115 234 187 -48 237 -177 62 -77 -197 -43 43 146 -37 132 138 -88 -224 -10 55 145 103 -2 -145 -60 22 114 175 246 229 166 -9 -194 204 -200 91 92 177 31 -148 129 -90 -91 -92 225 -230 215 178 162 -161 197 -107 6 101 136 137 236 205 -103 -27 -139 -81 -138 248 147 -151 25 -45 235 -131 -39 -247 212 -12 -243 -124 86 -61 180 -93 -30 240 -184 94 119 -195 98 -106 216 2 163 -1 191 150 75 179 174 -123 218 192 -119 190 3 51 207 -50 -244 18 -190 42 112 -175 -201 144 154 -19 52 -238 123 -187 -171 -150 -56 48 26 -73 176 -212 -11 113 -237 32 159 99 -240 -70 -16 142 210 -54 -87 -166 -189 -85 -42 -163 -3 233 -74 141 79 -49 -211 199 242 202 -64 93 152 96 -174 208 -141 148 -233 105 172 -23 -160 -117 -149 -223 -180 -217 65 -152 -104 81 60 133 77 -126 134 158 -227 -205 15 -185 108 -215 -206 -112 8 -63 -198 224 -110 45 -8 -47 -46 -101 -249 -164 -5 83 -235 143 28 189 223 211 161 
TEST 78 ARG:-247 -237 -213 -34 -65 -54 -215 -200 -144 -104 228 -176 -21 -15 -153 -61 -220 -94 -105 -41 -133 -115 68 148 107 -60 169 -83 -248 215 -114 5 -50 -182 -207 33 236 -51 -164 -52 -99 -69 -170 73 147 -185 172 -214 184 153 -10 -97 108 76 113 149 -58 61 -221 87 88 210 -211 239 -159 -173 145 -244 -129 -75 -11 245 63 -81 212 9 22 23 -249 99 224 -219 221 43 18 -245 -195 180 26 -161 -197 -1 146 -163 77 90 160 -138 59 45 -32 115 247 100 -93 218 -76 -151 -27 6 -180 196 168 154 -118 93 -210 -187 -74 50 -87 -199 198 -33 103 -119 -89 141 -128 -109 -46 -110 -38 37 -126 111 94 -56 -132 213 -73 -192 170 123 211 57 -141 -70 -178 124 193 121 240 125 151 -224 -80 -88 -3 -108 -225 220 199 -77 95 155 203 188 -130 216 137 -205 -67 -196 166 136 -165 119 -64 165 -96 110 -184 205 177 225 -242 174 39 150 127 -217 176 243 101 3 7 35 183 208 -147 89 114 171 227 222 -183 -79 -116 -14 -48 161 249 209 -179 12 1 27 -194 -148 -175 138 106 -203 41 207 -238 -246 -13 219 128 -240 234 194 47 69 56 182 -188 -18 -208 186 -123 244 34 -227 20 -169 2 -143 -172 204 -71 16 -55 72 -22 -186 214 84 -160 83 192 -20 96 -232 -216 55 -229 163 -226 -134 62 -142 -145 129 -206 38 -230 143 -111 242 133 -140 -158 86 158 120 36 -171 -222 -177 187 -155 -166 -174 -243 -82 -39 -137 -124 112 122 -149 200 -231 233 10 -235 -7 135 229 -78 -47 -154 248 -191 -25 67 -16 235 230 -228 152 -113 11 -53 80 104 197 17 64 24 -44 -223 -100 109 -90 -23 -85 58 -168 -29 131 -234 -157 14 164 40 223 -101 190 -181 51 238 -112 -125 53 98 246 30 48 -202 13 -150 -135 92 0 81 -189 -86 181 -63 70 -12 -42 -193 -152 -233 65 60 -139 74 162 -136 -209 32 -156 140 241 195 206 97 -5 157 -98 -204 -59 -37 -84 -95 -57 44 -4 -24 4 85 -68 66 167 19 -66 29 8 71 79 117 -31 -218 144 21 189 52 -26 -9 -92 175 -239 -250 -120 75 -201 31 54 28 -212 201 -102 191 202 78 -2 -91 -167 -28 -45 -40 -30 -49 42 -17 82 -241 -106 -72 178 237 105 130 -236 -198 179 232 49 -121 -6 -43 116 226 -190 -35 91 159 231 -131 -103 -146 -162 139 173 118 25 -62 132 217 102 185 15 -36 142 134 -127 -117 -8 -19 126 -107 156 46 -122 
TEST 79 ARG:-78 -58 167 -15 -160 -199 159 241 127 -92 -203 -97 -72 -236 222 -80 -13 -47 -156 -64 143 155 50 212 -194 -74 -68 137 179 62 -182 -44 -46 -2 -35 152 41 174 172 -98 1 131 214 81 200 106 8 -223 243 89 -158 231 -184 45 213 -195 51 -179 -30 -201 7 -89 -250 -57 -238 -26 202 -75 -110 4 247 32 -41 -94 -165 38 63 113 160 -29 -86 -1 -109 -193 -100 103 -241 6 187 -159 126 112 -28 -202 93 -136 -246 0 21 203 33 -212 151 162 76 -213 16 -62 -242 195 -189 186 119 221 -163 -215 -169 206 -198 12 -143 123 -66 249 138 -102 18 -124 74 -25 -16 -129 140 128 -32 -226 217 37 -170 136 -139 219 24 -196 -33 15 -118 -171 -7 -233 36 71 -208 -204 -3 55 -227 -166 17 86 88 141 -231 225 -120 -131 -87 111 117 124 -181 -125 80 198 -137 210 -59 95 166 10 -235 61 139 20 58 43 -93 53 -52 163 -111 147 -239 -55 68 31 236 -161 220 -126 -11 -34 -106 -4 82 -216 190 230 79 26 -39 -157 165 -83 -148 -17 52 91 177 -152 -56 30 125 -103 248 -79 114 226 149 -222 228 -141 115 -90 66 40 158 -243 104 -121 -117 154 -244 69 -214 130 -150 -130 229 146 110 227 3 73 196 -176 -43 77 215 -133 -61 132 153 -104 -24 -40 -8 -114 -228 192 49 -218 34 238 92 -6 99 -172 194 22 39 169 -135 -225 -128 -191 -240 19 -18 -168 -220 185 -63 175 -105 183 -164 -77 -140 -210 218 -5 223 90 -19 -127 -71 145 -151 87 235 85 134 -200 -31 144 -248 -146 246 101 28 -96 29 -247 -113 180 184 -73 -234 -85 -84 -9 -42 70 67 199 211 -197 9 -174 133 245 109 -99 176 -81 148 -145 -116 -149 102 -187 -69 244 129 -107 216 -190 -229 239 -224 -82 116 197 -219 178 -88 -21 96 181 232 -147 201 -38 98 47 -51 -192 171 -70 182 -209 122 -37 100 -183 -95 188 234 -65 170 233 -205 205 -101 -153 -230 14 -245 -173 142 156 -134 -76 164 -155 237 83 242 -206 -23 168 -154 -132 108 161 -175 120 -167 42 191 -142 -188 13 207 -119 65 -49 -162 -12 189 -186 -144 -48 150 224 -36 59 107 -217 -108 54 -237 157 -50 -27 240 75 -249 2 97 105 -53 -22 46 -177 -178 60 209 78 -122 84 193 72 -232 -91 -211 121 135 -123 -67 94 23 -207 5 -54 204 -221 -60 11 -112 -10 -45 27 35 -180 -115 -14 173 -138 208 56 25 118 44 64 48 57 -20 -185 
TEST 80 ARG:186 11 -84 -74 129 135 -126 102 238 152 -31 -205 -186 -235 -213 234 -78 181 93 -89 -218 -24 167 60 132 59 -223 247 91 -237 -187 -48 -69 -208 64 18 192 -53 -49 177 -246 -159 172 -200 -6 105 136 180 -130 150 -71 216 -161 9 73 97 -156 -201 -83 -135 -45 147 28 -241 -30 -68 15 50 90 -38 -142 52 -32 -7 13 -66 -230 -17 -207 21 -59 -35 158 -77 -138 47 205 -33 66 17 32 -133 -65 -86 207 173 -101 -1 115 -82 -121 -202 242 79 -112 -176 -143 53 -193 140 233 -22 -79 -163 -94 -152 -15 168 26 220 229 -212 -85 -43 128 -27 -99 -52 183 109 -51 208 -42 -198 131 62 222 214 84 87 245 -177 -225 -194 111 -41 -37 215 -164 -10 179 163 -88 171 -248 116 -144 154 -190 -95 36 -179 106 -12 -132 -203 108 -5 169 -243 151 170 33 -123 -87 228 -249 -238 159 39 -141 139 -3 -110 -131 58 -73 -93 -170 56 -165 -19 -40 61 134 160 119 -147 175 237 -151 149 221 176 92 249 -175 45 112 212 -50 70 243 -150 -129 137 -189 141 157 -239 -64 -199 8 -217 -46 133 -70 67 -148 -215 -54 -56 19 -76 200 -172 -120 10 -149 -183 -245 110 -124 -145 -168 189 122 -167 -240 203 121 -140 236 107 100 -8 -224 7 -103 204 193 -220 5 223 -234 76 206 -81 144 86 12 37 -58 -171 217 -227 -191 -9 -125 -114 178 89 -63 225 -214 43 81 -219 -26 -180 -157 -160 210 197 54 209 113 126 241 74 -80 164 148 -196 -210 -20 244 27 -137 120 227 -181 94 41 -4 51 -2 190 -75 138 -60 30 162 -11 -90 -122 -113 -28 -91 165 -14 125 -16 44 99 -36 198 68 88 -178 114 83 -92 201 -111 -21 80 104 -105 -242 153 -39 78 230 24 -169 77 -100 -146 239 40 -195 -166 -25 -67 -162 38 124 -116 246 -158 174 235 -197 -96 -229 191 156 72 -13 14 35 16 -102 -188 63 184 -34 23 -115 161 22 -228 202 188 103 -104 -209 -97 6 98 101 4 185 49 127 231 29 211 146 -61 -155 -55 -29 -117 82 219 226 1 57 -211 166 -139 69 142 48 -108 95 194 2 -136 145 -118 187 -128 218 -57 20 130 -236 -173 118 -231 -192 -182 232 -247 25 55 -18 65 -23 -184 96 -72 -226 85 -109 -232 -134 -153 31 196 -107 224 -222 -204 -185 195 -127 155 -154 -206 -98 0 213 71 -244 -62 -47 199 240 46 -233 -44 182 143 -174 -250 248 -216 42 -119 117 75 3 -221 123 -106 34 
TEST 81 ARG:-215 -247 18 199 -39 185 207 1 -207 -127 227 220 -230 241 -235 170 103 4 159 59 212 246 173 91 -248 74 -103 187 54 68 -47 120 -85 -72 214 49 150 155 -2 172 -208 -18 53 58 -198 138 -137 137 -170 73 42 84 -188 109 239 136 33 236 -176 7 -19 -16 148 -174 -173 -171 219 -167 184 -130 -146 14 -15 230 202 -136 -32 -104 164 181 145 -242 64 78 2 133 -93 224 -227 206 -33 89 -148 -180 143 85 -86 15 163 21 -61 -193 116 -91 189 45 -11 -194 40 208 139 69 141 17 174 -59 198 -178 -185 -213 -216 113 -76 -51 211 152 -233 -246 225 8 -165 -219 -101 65 -8 -132 87 -90 -108 -199 -162 -197 190 231 -158 167 248 -111 180 23 70 -35 95 -126 -163 104 -206 72 5 -156 153 110 71 -125 111 -204 51 -245 242 -68 126 134 108 243 -155 216 188 -115 -31 -123 -201 -166 196 -234 -57 -29 142 161 213 -75 -54 -40 234 149 158 221 38 -4 -26 245 193 43 -151 -43 28 6 -175 -6 144 -141 235 -1 -64 222 123 -243 -135 -100 92 177 146 25 -169 0 127 -172 -60 -240 -181 147 -65 -192 -69 -212 -196 31 232 -105 -238 -71 -134 -128 -13 -138 -5 -149 -110 -46 -28 -81 112 119 -217 209 132 -30 -97 203 122 -159 98 22 86 -147 -203 -228 237 244 -120 -224 229 194 130 46 -17 -182 -183 -160 34 -223 -36 12 50 -14 226 -49 200 79 105 83 93 -96 67 131 195 47 27 63 249 -214 -161 -131 192 204 -27 186 210 -124 96 -239 -22 -140 -37 -225 -56 75 -63 -133 117 -152 223 90 -189 -20 -116 -168 -89 -145 -118 -34 176 -187 154 36 101 -48 94 -94 -42 -229 9 3 -83 166 -122 -179 -200 -84 -38 -21 55 60 -87 -218 218 165 99 125 -80 -92 -78 102 -202 -121 -231 233 -24 82 -226 76 -143 -150 -12 13 29 -77 -82 -95 -211 -99 -55 183 -109 135 114 19 -237 57 -241 -222 -7 -117 -45 30 140 44 106 -50 -79 -129 178 -195 -70 -220 169 -112 32 -177 77 151 -210 162 -25 -102 -10 24 20 -142 -236 -107 168 -205 -106 -164 247 -62 -250 121 191 -114 -53 -88 -221 -119 88 182 -191 -44 -98 66 62 160 -67 201 157 179 41 115 80 61 -190 -74 -58 100 39 -52 228 205 52 11 -153 -139 217 238 -244 -144 -232 81 -9 107 -154 56 -186 16 -184 156 197 10 175 -41 118 -73 124 -66 -3 129 215 48 171 37 35 -157 -209 -249 97 -23 240 -113 128 26 
TEST 82 ARG:233 -108 57 -87 -72 -100 -52 160 -113 194 44 -183 -243 114 -38 43 -170 53 -207 -226 -16 -105 181 -11 237 175 -56 -76 80 48 206 247 69 65 -75 -192 -176 -234 13 -22 -111 -159 213 -201 -2 25 196 -1 -198 176 18 146 -96 7 26 197 -19 -97 -178 -131 -45 94 -58 248 100 168 -228 -119 -128 132 208 105 138 -115 163 -120 -221 242 -154 167 -185 -230 -148 -141 -247 41 -70 12 174 -195 -20 -179 246 66 -200 64 202 -125 1 -222 214 -215 -194 -28 204 245 153 116 -71 -68 3 -17 15 -203 21 0 225 221 -61 -142 187 -132 134 35 212 111 -209 117 -47 104 165 96 -62 162 -227 74 -13 2 -78 -4 -18 -116 -77 -64 -182 29 186 -69 169 -172 147 -225 -95 109 200 -74 -85 91 40 -8 244 17 78 -181 -107 238 -83 31 -86 170 133 -127 -123 -103 -235 -196 -246 -139 -249 75 125 68 9 135 -124 -146 143 193 49 201 -44 -53 -33 205 5 -153 107 73 -151 172 -242 215 -161 -106 -14 150 122 46 -239 216 37 -197 180 -67 -160 -210 63 -220 191 56 -237 185 177 -175 -50 81 129 16 106 -42 -29 -118 -177 -99 36 -231 -101 -84 171 -79 249 -9 -213 -66 -30 -166 -206 -169 131 47 50 140 -145 -168 -89 22 152 -46 93 -224 235 241 -140 -41 -27 108 -59 222 243 -193 137 -191 23 -244 77 -35 156 234 -114 149 -248 -162 -190 178 -149 -31 -91 -232 -236 -156 82 210 217 -10 -167 -7 -189 70 32 19 190 -129 -6 228 230 166 -110 226 110 -174 -245 54 99 52 -134 39 240 45 -39 236 20 119 218 219 27 -12 8 98 86 -49 -36 -26 -157 24 -241 127 102 -211 -188 -199 97 60 -135 -137 -180 224 95 121 -208 -90 192 -147 -34 85 -60 158 -88 184 42 227 90 -81 120 113 59 115 -205 34 159 124 -92 -117 -121 -144 -24 -158 -82 -186 55 61 84 58 -23 154 142 -250 207 -130 151 220 123 198 -138 195 -155 136 -164 -184 89 -126 161 -165 -122 -112 28 -219 164 51 14 -223 139 130 -93 67 33 -102 10 -65 -43 -212 173 144 -240 -25 -48 -94 87 188 239 -73 62 -5 -57 -40 30 155 -214 223 179 157 -173 112 -171 38 101 -152 189 -54 182 232 -98 141 -21 79 92 -109 229 -217 199 -55 72 -218 11 -37 -233 -202 -229 148 -133 211 -51 118 83 -216 -80 76 -15 203 183 71 88 128 -187 6 -104 145 -32 4 -150 -143 -163 -136 103 -3 -238 209 -204 -63 126 231 
TEST 83 ARG:-230 -163 25 -146 -134 230 -226 -151 115 -211 74 -42 -119 -156 -47 -235 92 -238 77 -188 144 131 189 -127 -48 219 -130 -198 -135 214 123 -112 -25 40 29 16 -177 -199 -35 -190 116 4 246 72 -196 211 34 192 -104 235 41 -247 242 209 170 -32 -22 -160 109 -189 -95 -236 195 136 -57 -2 -6 -31 46 47 97 9 237 110 172 6 -145 43 -157 15 249 -250 -181 -219 182 197 168 -52 48 129 -72 -51 -84 153 -159 -13 93 -195 98 231 207 118 125 -41 185 -114 -26 117 -36 -106 -107 164 183 23 210 244 139 -234 133 -14 -138 -121 -33 -243 -58 198 208 216 229 -208 -74 171 191 -170 -220 -117 -98 127 51 -155 89 -76 106 -120 91 57 -184 -139 -8 -218 -68 141 156 159 -200 24 -15 -40 -237 -225 161 -248 -34 126 11 -180 -85 -125 234 -49 232 -136 -110 59 200 7 -116 -239 -17 -201 -28 44 0 -202 226 160 -221 12 -242 76 128 -191 184 28 -227 -153 -210 -38 -215 -44 -137 -78 150 -161 32 -27 112 104 -216 75 -5 143 -60 -88 145 -176 87 -214 212 122 -246 -37 -45 -30 73 178 71 163 37 -167 -206 -109 68 186 -7 96 -101 66 240 233 227 101 -93 -193 -89 5 -61 188 -142 -132 50 -115 -16 -143 84 78 -1 36 215 -140 -122 148 39 -77 -81 175 -70 -185 -175 130 65 100 221 -90 26 120 199 -75 79 -92 203 119 162 224 -69 -205 111 60 -23 134 181 81 194 -244 1 137 2 95 146 -53 243 113 -149 190 94 21 -59 -97 -174 -131 152 53 -79 187 54 -67 -129 20 140 -162 -148 -62 -245 -178 -123 173 35 52 -83 225 -229 138 -108 -183 155 167 -94 135 67 -213 -55 -82 205 228 -217 -168 102 179 -91 -194 31 -80 -105 238 180 -54 -66 -113 -126 70 -128 201 30 -18 -10 107 -223 -197 169 -50 64 22 223 -56 218 61 -73 -207 10 -118 -165 -147 -203 217 239 -71 -144 -173 85 193 206 -240 -12 -222 63 -96 177 114 -100 -158 -9 -46 245 49 247 42 -231 -124 83 -228 -187 58 -111 18 -152 222 8 174 108 154 -3 -249 165 -4 202 -64 17 -169 86 -63 19 -224 13 147 248 -102 3 99 69 158 -86 14 -166 176 -232 -99 -24 -241 -21 241 56 38 -179 151 204 103 -150 213 27 -204 -186 -103 55 -141 105 220 -43 -164 132 88 82 -171 -172 -182 236 -20 -192 -209 -11 -233 -29 -212 45 121 142 124 -133 33 -65 62 80 157 -154 196 -39 -87 90 149 166 -19 
TEST 84 ARG:202 -206 -35 -149 135 114 28 214 -93 120 128 169 -100 -174 145 -101 -122 -173 -209 40 231 10 -246 -47 -223 220 -83 -98 107 -75 14 -180 -231 -9 121 -102 -121 -220 -116 105 -31 13 -69 -44 -202 -81 199 -176 109 77 100 -8 -190 -204 108 152 -131 94 -134 -146 -11 -132 -56 -216 -72 -198 186 240 42 -237 172 -2 -182 -91 -71 112 -73 82 207 -114 204 157 -235 -60 166 76 138 1 -23 246 -170 208 -214 -76 -117 148 15 60 139 217 131 58 8 -53 -244 -124 146 210 -112 5 -88 -247 -87 242 -84 -125 -28 23 34 226 -145 130 -228 2 -113 -160 63 -230 218 -62 150 198 -226 -133 -203 167 -29 163 32 -5 238 73 -115 248 -10 239 -233 93 24 -57 3 4 -13 -48 -143 190 49 80 -199 -188 168 -97 -158 -156 225 -16 -34 -217 -126 46 47 -86 153 9 102 -70 110 123 -15 -130 126 -218 183 -25 -243 -229 95 54 -211 211 88 -90 -163 -22 -162 50 97 -234 -227 -4 -36 188 -24 -119 -212 53 -105 -167 -104 -181 -225 -110 -80 25 241 18 -183 -164 205 -54 124 134 -224 -67 -136 -177 176 -94 118 156 -215 -240 85 221 143 149 -142 195 182 170 101 -245 -55 -66 83 -153 -168 59 -42 160 224 173 78 -239 51 -185 243 -17 122 17 61 229 223 -138 158 232 68 -59 -154 -6 129 70 -37 125 87 48 -74 41 -108 75 81 44 -95 57 -52 -219 66 39 96 236 -205 -111 72 -18 -46 79 -19 113 -58 -123 -109 -85 103 -129 0 -40 35 -165 234 -150 -201 -194 -137 127 -78 27 187 104 29 11 31 -61 245 55 140 -106 36 151 -159 -135 -175 -197 19 222 200 136 -196 -32 -30 43 -127 99 235 213 142 133 212 -50 -51 117 -89 196 92 228 -20 -151 201 144 244 -120 -1 -148 -103 89 98 159 84 249 237 37 -128 16 -208 33 119 181 -144 21 45 -161 -221 7 179 -147 197 71 -250 184 -64 115 191 -99 64 216 86 185 -172 12 -191 -38 106 192 -79 -63 -41 91 141 180 -169 74 6 -189 -184 -118 -141 -82 171 -12 194 22 162 -68 30 56 38 -179 -92 209 -195 -14 -33 161 -178 -236 -193 206 154 164 -242 -45 -192 90 174 233 52 26 -238 247 -152 -27 69 137 -39 178 -232 155 -248 -171 132 65 -96 111 -139 -26 20 -7 230 -157 -249 203 227 -140 215 189 -43 193 -187 -166 147 -155 116 -3 -222 -210 -186 -207 -65 62 -107 177 -213 165 -21 -77 219 -200 -49 175 -241 67 
TEST 85 ARG:-185 118 236 155 124 193 -17 132 -206 94 -64 -227 184 121 -130 4 241 -248 224 -2 159 157 91 -120 -199 108 130 143 -244 -88 103 -162 149 161 148 174 113 105 55 -15 220 249 218 -171 -107 -160 -60 -139 -164 -213 -210 47 25 -90 23 9 95 -166 -215 -216 -197 192 -224 39 -155 217 -238 -93 -81 -200 -31 -37 -65 42 -242 221 111 244 -177 115 -223 112 -109 237 3 69 233 -51 -209 -153 -167 200 -108 -54 -141 -85 11 -172 -168 -79 -71 63 67 99 183 165 -23 -219 87 26 -245 34 178 201 28 -138 -121 -44 -127 -183 -233 242 102 196 104 43 109 53 106 -187 -198 -180 168 -3 146 -10 41 -76 15 188 234 -161 -247 173 70 22 226 238 49 -42 -58 -11 -12 -39 -67 -56 228 30 56 185 -144 -178 131 -196 -13 -41 12 -243 -91 -217 144 -14 46 -94 -165 13 245 212 17 -52 116 189 -89 -69 -151 -232 31 -202 166 -104 -182 35 -195 -231 1 127 -100 243 -111 -125 -154 68 32 -57 61 -188 135 240 227 -124 -114 -53 167 -49 -122 169 5 20 -86 225 -234 -115 -190 93 -28 170 140 8 180 -68 85 16 -98 177 197 223 151 -214 230 -110 191 -146 215 206 125 -105 -87 123 133 59 -128 117 -152 -157 -181 247 -135 107 -5 101 -170 187 128 -132 213 -72 -158 10 24 48 6 -27 -207 -145 -228 -77 -38 -16 71 -66 76 -21 -22 -241 36 -143 45 181 176 -140 -201 -96 -29 58 -78 -26 175 214 -63 19 -211 -205 -1 -134 -48 100 195 54 -50 153 2 -148 86 163 -221 -123 -194 134 232 -62 248 -18 -118 0 -149 -119 92 27 21 -36 -24 190 136 -101 211 -4 229 -142 -173 -163 222 -20 -176 -137 88 -131 -126 80 -179 -204 -34 -212 199 -103 -240 -33 -203 33 198 -169 81 -150 -236 -156 160 204 98 -113 -102 -59 -136 246 119 114 18 -95 171 145 179 -73 194 90 60 -117 -112 207 -43 156 97 78 126 77 -192 122 -250 158 -55 -30 -159 -237 152 209 50 -175 129 -80 -35 -75 208 -32 -9 235 51 -186 137 37 -83 -99 -147 -47 29 202 172 7 -174 120 -225 75 44 -230 -246 83 52 219 186 164 -189 -84 79 154 -226 84 96 14 -191 110 -229 -7 -45 40 216 -82 -222 -40 -193 -133 89 -97 66 74 -249 210 141 72 -92 205 -46 57 147 38 -19 162 64 239 -220 82 142 -70 -184 231 -116 138 -106 -235 -129 -239 65 -74 -218 -25 150 182 -8 62 -6 -208 -61 73 139 203 
TEST 86 ARG:162 -83 -160 -198 176 -226 61 -62 34 -106 196 119 -231 -56 -209 101 58 197 112 -175 53 86 -155 130 -82 -140 -93 244 0 107 -72 -157 147 -154 -6 -8 139 45 -92 79 199 -7 223 70 125 -241 204 -177 -69 -189 -71 -204 -238 102 -120 -111 166 78 22 -221 -200 -150 -81 -34 19 -127 128 -201 -63 -144 249 -243 207 -214 142 -20 -185 75 -1 240 -85 -114 -77 -108 3 151 202 95 84 -102 201 47 226 -222 8 -18 -212 146 -104 239 -117 87 80 -205 -76 91 145 -35 -134 113 98 -176 68 127 116 178 -70 -90 -125 -208 -40 174 -170 49 42 -138 46 206 48 -248 96 -130 -158 -41 235 28 -239 -173 12 187 -178 -107 -33 194 -151 225 150 -228 11 -162 -116 153 -110 198 31 118 192 154 85 -23 -88 92 4 -28 168 231 -131 216 -192 -37 15 149 -183 -97 -165 213 172 -19 -14 -73 33 -98 90 -105 -213 -86 -53 -233 63 -68 60 -12 -50 -27 54 212 6 -242 117 120 243 -249 230 -133 -11 -180 83 81 -216 76 52 -103 73 -197 41 16 -224 -168 7 25 -194 -123 -67 -49 69 -240 -54 2 -193 -17 59 123 114 -32 -220 -245 171 5 -169 -121 89 94 -207 -202 133 200 -94 -122 -42 -118 36 157 -91 238 -55 -141 -84 18 -31 104 -235 -78 -229 188 137 -196 -57 227 -38 218 -112 -211 248 237 13 229 97 -215 -225 32 66 183 -164 169 163 144 40 -99 161 -24 175 -181 203 10 -39 -149 -119 -217 64 190 245 209 -246 156 184 236 1 -230 9 246 191 217 195 29 -47 -16 -43 167 -147 185 -142 -26 -161 -10 -179 35 182 -236 43 -195 103 241 -4 141 -3 -115 110 111 -65 38 106 -61 -74 -250 -124 -126 56 -80 -172 135 -79 205 26 186 -139 -75 -237 -60 158 -146 234 180 -190 -188 -206 -22 37 23 -101 -156 173 21 134 -174 -129 -46 -159 242 189 72 -96 221 -184 105 65 222 55 211 -210 -148 148 -234 39 24 138 -52 -59 44 -25 -163 -5 74 -2 -145 -223 -167 132 -29 160 -166 77 193 129 30 -109 62 108 -135 14 -247 88 -87 181 122 220 100 170 159 -227 20 -132 -186 -171 -218 -152 -128 -153 126 -21 17 131 -51 -45 233 215 -36 -191 -143 -15 -13 -64 115 -89 -95 -232 -199 -100 -113 67 179 165 210 -30 -44 140 -66 143 208 -136 -58 50 57 82 -187 -9 164 71 51 136 109 177 228 27 224 -203 247 155 93 -137 219 152 124 99 214 121 -48 232 -244 -182 -219 
TEST 87 ARG:-33 107 -157 45 97 136 163 -167 195 -40 -201 216 -34 -8 -23 -117 -187 38 206 -84 -143 -98 115 -115 -62 92 81 68 -141 231 -161 -50 130 193 -6 -122 2 51 -92 106 138 -105 -7 -194 99 -142 152 -240 218 112 71 -13 60 93 72 -205 -136 7 172 142 165 -25 15 149 42 150 -74 67 -47 164 137 44 64 -73 -41 18 31 182 41 12 -88 223 -60 166 -207 101 248 -149 86 -51 123 -69 131 -29 -188 157 159 160 -108 -234 65 126 208 3 113 -243 109 249 -61 -171 143 -250 224 -10 213 -42 180 -68 100 201 -22 -202 48 -5 82 8 62 -166 -232 23 -226 167 212 -75 -150 245 -32 104 -158 -86 114 -229 105 -208 -173 19 189 197 -103 49 -193 125 -176 -114 -220 237 -132 103 -80 87 148 192 -67 147 229 -11 -26 135 -216 -54 39 -18 -163 -20 184 -89 56 139 63 -159 -131 129 200 -199 73 144 -126 0 5 -15 238 -27 232 -165 169 -24 -107 153 77 156 128 10 14 -99 -64 151 98 145 122 -123 -4 69 -77 -185 -70 -238 194 85 -221 83 -237 239 -133 -145 133 199 155 204 -96 4 -184 -186 177 -183 -191 -195 140 -249 175 -180 -177 158 242 -227 -113 -162 240 -63 -169 -211 89 -14 118 -144 -82 227 -224 -52 171 230 91 -170 -58 241 -44 -197 26 233 -31 161 -127 -233 46 127 6 162 246 -135 186 21 53 58 33 24 173 -248 -225 111 29 -228 -49 -210 78 154 -119 -134 -93 -244 191 -217 236 168 -12 -247 214 -21 215 -213 209 -203 -214 -9 -59 -215 95 79 -118 -152 121 -147 -90 -242 -19 47 -106 120 -43 -48 -46 28 188 226 11 -189 20 -190 27 -156 116 235 198 -182 -164 -151 -160 -196 9 -83 -85 25 -200 102 13 -124 228 119 -16 185 -111 74 -120 -109 43 176 -174 190 -223 -53 132 -178 -125 22 -128 207 -87 174 -56 -168 34 -231 30 211 -219 219 -36 -172 -138 -1 205 146 -38 124 -129 -95 -139 -104 -209 52 80 40 66 54 55 37 141 -140 76 57 -37 217 -148 178 -137 -192 96 -153 75 -100 35 50 220 -28 -78 36 234 203 -198 181 -155 -35 183 -245 110 94 225 -154 -212 247 61 84 -239 222 202 134 1 70 17 -235 -218 -81 170 -179 -91 -55 210 -97 -230 88 -175 -17 -112 -236 -65 117 -102 -71 221 16 196 -39 -101 -130 -222 -110 -79 32 108 -45 -246 -76 -116 244 59 179 -30 -66 90 -204 -57 -3 -2 187 -94 -121 -146 -241 -72 -181 243 -206 
TEST 88 ARG:106 -135 -114 -103 30 -189 43 -9 -12 -30 -156 97 -193 -195 147 184 49 185 -157 -89 99 -27 -44 102 83 -65 152 -159 138 227 -73 163 15 157 126 -119 -85 -80 -110 -26 81 21 32 -246 61 69 -108 89 26 -52 -31 84 139 245 161 -126 118 42 37 165 -221 128 -123 173 -71 181 70 191 210 -175 -39 239 -182 -5 137 -127 -92 176 -40 -77 -228 -13 -14 248 -181 216 63 -2 -231 -211 -60 0 249 134 220 -23 132 -106 68 -61 -233 -169 -117 183 -230 182 -118 -154 57 177 223 -247 -187 -170 -205 27 127 -179 -244 -87 -241 -220 120 241 -51 72 111 -115 202 -202 40 231 187 4 -64 136 160 -225 -164 -34 -105 211 219 155 224 -150 -130 -18 -139 48 125 159 5 -152 107 -250 218 232 -121 153 98 -229 -46 -176 -184 -4 96 -33 243 -147 -84 -168 -239 -112 -49 154 236 -219 24 -137 -203 179 -55 -210 119 86 -16 -161 16 45 205 -25 166 221 -83 114 39 58 116 -249 206 -42 31 192 109 115 -145 -132 -7 -122 242 -188 19 -248 59 246 -48 -178 222 2 238 121 -24 -128 143 80 110 -45 -74 -70 18 195 124 170 -102 71 142 -93 207 -86 22 46 94 230 -57 -32 -224 144 -20 74 -43 -186 -194 10 -78 -142 -148 -99 -36 -238 -19 -11 51 -226 -177 -100 167 -158 101 -17 -232 -97 55 -235 92 194 -90 47 60 -141 -197 77 -208 -120 -237 169 214 -94 -165 -109 200 -155 233 -111 -204 172 91 158 78 -82 226 104 105 -101 95 -69 -243 229 -162 -38 113 28 -200 117 -67 -91 178 13 73 130 234 164 -58 235 103 -167 196 56 112 -227 54 9 11 133 189 171 -21 199 201 62 -173 -68 79 -41 -163 -212 -29 208 87 190 38 129 90 -15 228 -76 -113 188 213 -124 -144 -216 -223 -196 36 -37 93 7 -28 -47 212 -133 -79 -242 -107 -22 67 12 -72 140 156 33 -180 215 -185 -50 25 186 -95 -198 100 -62 44 -134 53 -98 82 35 150 -63 76 123 -75 6 75 -56 -10 -151 237 -59 -215 -240 -125 -3 209 145 -138 8 64 23 3 -217 -53 151 -81 -8 244 -214 -234 -183 -66 29 225 34 217 66 -190 -136 131 135 -116 50 -96 88 -104 -149 162 -143 -140 85 -201 108 197 17 14 -153 -146 -1 174 -209 -207 -172 -213 -218 -166 -174 203 -129 1 247 146 -171 175 -199 180 -35 -160 -222 204 168 -54 193 -245 -131 20 149 -192 240 -191 198 -236 -88 122 148 52 -206 141 65 -6 41 
TEST 89 ARG:-7 -40 36 -107 138 -198 184 -238 89 -48 238 19 -30 236 -77 -168 -237 -103 131 38 176 -249 -66 -68 206 -207 33 16 57 80 -199 76 27 -161 25 -116 -205 -93 -204 53 161 235 -44 -150 -14 46 -149 177 -75 -187 -64 -158 54 228 -174 -241 201 -122 -184 -135 185 246 129 152 -227 -86 -131 140 136 -94 223 48 -3 87 -53 -182 195 -128 -34 232 -200 101 -115 224 -177 -141 -69 82 -2 -232 90 -12 108 42 86 -99 147 83 -164 -172 -246 -63 -126 -212 192 239 24 122 99 133 -121 179 -37 -114 188 85 94 145 163 -215 -224 105 110 111 -83 -108 159 -151 106 -193 49 -148 -39 47 -154 -38 29 -55 197 -18 -197 220 -146 -67 -189 -120 216 -16 186 233 167 -119 -33 -41 -96 -194 204 -17 67 -84 198 -95 219 -216 126 -35 -24 -133 -179 -72 237 44 214 215 193 130 -181 148 157 -231 7 -240 125 55 -142 -98 189 -102 -169 30 -213 -217 39 112 43 151 26 212 107 -156 202 1 -129 79 -8 116 64 209 9 -25 -234 -175 -214 208 -73 69 2 13 -192 -62 -201 103 155 -50 12 -248 121 0 172 171 66 -51 113 154 200 174 -56 -49 -29 132 77 -90 217 169 135 50 109 -32 -206 -211 221 118 20 15 32 -220 -54 75 245 120 -74 22 144 -46 37 56 -100 11 117 -42 205 -47 -137 156 -4 -233 207 -235 243 -163 249 -171 -143 92 -59 72 -225 -130 150 5 187 52 -183 -88 115 -15 -170 -27 183 10 88 213 247 127 -61 -162 230 -153 153 128 248 -97 -147 165 93 -20 -155 -28 -239 -186 -89 -191 81 218 182 -101 -176 -65 -166 -109 -124 -222 170 -52 -159 158 -43 -78 -81 180 -36 -13 123 119 61 -218 -21 -1 -9 -144 -23 18 191 45 -152 173 -138 242 58 -132 231 -165 211 -92 84 -157 -87 143 -210 -247 -202 -117 240 23 -230 73 227 -91 164 194 -71 -190 146 190 234 6 63 -173 -110 -226 104 60 -185 -57 -118 -228 65 97 -85 68 17 -70 8 -5 149 14 71 -113 21 166 -178 -188 51 28 196 -209 91 62 139 142 175 -125 -134 95 -219 -180 -80 -76 35 -236 -82 3 74 134 -250 -242 222 178 -11 162 -223 96 114 -19 -105 -196 141 168 -160 -243 -60 241 -22 137 4 -245 -104 100 -229 59 226 70 -123 124 31 -10 98 -221 244 -167 -111 78 -127 203 -45 -106 40 34 -136 199 -244 -112 229 41 -203 160 -145 -208 -31 -139 181 -140 -79 -195 102 -26 210 -58 -6 225 
TEST 90 ARG:-217 162 121 -174 39 -47 56 233 -80 -125 -14 -157 62 49 -31 -248 173 -99 -72 -61 -185 89 -78 -7 -181 160 244 202 -100 205 134 -196 235 -8 140 170 70 -112 -207 174 226 -138 -106 -159 -250 -241 -10 -62 -245 -151 201 96 243 -36 72 -211 -25 105 152 137 -60 -64 -108 -94 -237 248 212 58 -122 69 -28 129 238 -136 -221 -242 183 12 220 -175 196 90 149 131 -86 -92 245 6 -218 158 57 25 -102 9 -216 0 -29 127 -58 51 -89 139 232 -224 120 3 128 -232 -63 18 52 -165 -206 -38 -96 93 209 177 -26 -113 126 -131 68 -101 -90 188 23 35 60 -184 -98 142 59 -4 53 241 -203 211 -5 -169 4 200 -161 -123 116 -244 184 -44 182 178 155 -51 -214 67 218 -132 16 26 -153 225 65 -50 101 -24 -236 24 242 41 165 203 -143 193 194 -74 78 40 230 -19 -107 -204 -141 109 157 168 -209 -240 -110 33 -130 -171 -41 -11 -201 50 73 172 -77 -191 240 133 -117 -43 92 208 63 -148 138 -126 191 -70 99 -53 -37 32 164 -111 -226 239 84 -91 -208 -30 -115 -197 -87 -128 103 -23 -145 15 228 141 -160 -223 198 -69 -2 -180 -156 -188 -46 106 80 31 236 36 -93 -186 79 47 -59 88 223 -22 180 -119 75 246 19 176 -75 -163 -49 -222 -235 -79 97 231 -176 163 222 95 145 210 199 8 -33 118 -243 7 144 150 -147 -152 190 -135 122 146 -95 167 -230 -192 -231 83 125 147 135 108 -229 215 17 -32 153 -129 195 175 249 74 -213 -20 -133 -199 48 179 -18 -215 -34 -202 -166 161 10 143 -219 -142 -225 -97 -105 221 27 247 22 -1 192 66 216 -55 -195 -172 -120 28 -15 -16 -134 227 -249 -170 224 -193 -42 -45 -83 37 5 -118 30 -183 -162 20 117 -189 234 21 -27 102 -57 -198 -154 110 107 -158 82 45 100 -177 -205 185 -140 189 -73 64 -88 187 130 -103 -76 207 154 186 -68 -54 -137 85 -187 38 -238 -212 -228 13 113 91 71 -13 -168 77 -52 -35 214 159 166 61 -182 54 -239 -3 87 -200 29 132 76 217 -247 213 115 43 -109 148 -121 -179 14 169 -139 171 -144 46 -104 81 136 55 34 -190 -155 219 119 -173 151 -65 1 112 -66 229 -220 -116 -39 124 -234 -67 44 -40 -146 -167 111 123 -9 -149 -82 156 204 -233 -17 94 -124 114 98 -84 -85 -194 -56 -150 197 -127 -71 104 42 -246 86 -12 -210 11 -81 -21 -114 181 -178 -227 2 -164 -48 -6 206 237 
TEST 91 ARG:208 -11 -204 129 213 -211 225 102 -119 40 224 178 52 -96 -82 -205 20 -118 -178 -107 10 -7 -176 -238 196 -101 -152 -108 -21 90 -190 109 183 127 180 22 -154 -113 125 -23 218 -27 46 -164 -46 184 -230 -3 108 -250 -203 -123 14 8 143 -241 179 -83 211 -145 -186 -213 -17 229 -200 111 -148 -187 -62 124 212 133 -162 61 -125 -68 157 -52 -33 155 -193 244 -195 -222 191 -22 99 -225 -159 -66 24 103 -120 3 -38 -188 141 214 27 -92 -169 -223 194 -127 60 146 51 7 41 236 73 75 83 -182 -132 84 240 -37 -210 -44 29 64 -36 -228 -156 1 136 48 -137 77 -86 -39 149 -194 131 -207 -59 -146 130 -31 -71 169 118 181 119 50 -35 -191 202 249 62 -48 -15 15 -224 -54 -26 79 172 246 66 -199 -49 -93 115 -75 78 94 68 106 234 -24 -209 71 17 -80 -214 -74 237 231 -34 28 -130 42 -212 -5 45 -18 -60 -144 -115 -220 -208 70 65 204 -114 -110 167 -170 -45 166 232 205 -64 -236 160 12 165 142 -61 87 -158 153 -227 -140 -126 -78 -70 -84 -173 -135 -219 -183 -58 -98 -185 -239 -10 30 233 57 159 140 116 177 -69 -88 221 92 198 49 -50 144 -112 150 -232 215 19 -149 -155 6 158 -216 -89 -12 -244 26 -179 98 54 105 -109 -91 -171 164 -229 128 245 228 43 -85 220 104 100 -198 -180 -129 203 -57 59 18 13 -201 -87 176 -189 185 -249 -243 16 72 -246 21 -172 242 -217 32 -121 -100 227 74 -41 91 132 -6 38 189 -51 -4 -174 -40 -97 -29 -73 193 37 -77 162 -13 154 -56 209 4 -128 -20 -247 -141 -233 -16 148 80 -234 110 -65 -47 182 235 117 9 95 -143 134 -94 -181 248 -122 -163 2 112 -76 47 33 138 200 -42 34 -151 -221 69 114 -25 85 171 151 186 199 -105 107 217 -131 -142 -28 -138 -202 -157 101 226 139 126 -106 201 161 -226 -160 -231 238 207 39 -134 -30 63 192 -177 25 -165 243 197 93 137 145 113 173 156 175 -32 -1 -53 -116 -147 -95 222 -14 -184 210 -139 163 -192 -168 -90 53 239 -2 -197 -153 56 -111 -240 122 35 11 82 -150 -206 174 23 -242 187 241 36 123 -196 170 147 230 190 97 -8 -175 86 81 5 67 58 -102 -215 -237 -81 -117 -72 -167 44 195 206 188 -124 0 96 -63 -19 55 -103 216 -55 -245 -99 -136 -104 89 -9 -235 223 -166 168 -161 -218 -43 -67 31 152 -79 -248 120 88 135 219 121 76 247 -133 
TEST 92 ARG:54 203 101 77 -66 -202 -146 211 168 193 -104 160 -82 -52 -195 -31 140 -213 217 133 33 -149 -112 -196 -99 70 -182 8 -16 -194 124 -127 -125 64 -54 -159 -113 78 -101 56 12 120 -141 57 -145 -212 32 121 -23 -201 -240 -156 131 230 24 244 -171 -191 -73 -43 3 19 -70 -133 73 -34 -118 -36 -115 -192 -77 -49 -48 -185 -179 111 233 -217 -170 -227 136 75 13 -239 -174 162 61 215 156 222 -87 115 1 52 -198 -131 126 209 123 21 159 99 84 223 74 143 129 29 191 157 93 -235 -8 -193 -61 -248 164 11 10 -148 -110 -88 -221 83 25 172 -120 179 -90 -169 -92 -140 -137 -117 -234 170 18 36 7 -68 192 90 -4 116 89 146 -214 212 106 -10 117 -158 -245 -187 -98 -184 -42 138 28 -162 40 -72 -119 -204 205 -138 20 -11 94 -199 -163 152 96 107 -107 161 -232 87 17 165 -178 127 216 -216 142 -18 -44 58 -89 22 -135 -129 221 114 23 72 -50 -161 -143 134 -13 -241 -147 -6 14 -219 -238 228 -172 59 -154 81 213 -106 187 39 -250 -95 218 27 182 204 169 -151 60 -249 166 -210 -109 105 239 -166 -17 -222 -67 -123 68 -153 -230 174 -114 185 206 -200 242 42 241 -247 -30 -108 229 76 235 -58 -103 -139 198 102 44 50 49 98 -231 176 -28 227 15 -134 -15 245 189 -1 46 220 -211 -63 -21 -14 -197 -93 -65 53 184 177 -71 104 -39 158 -27 41 -3 -5 144 214 -91 195 -38 -78 -243 -116 69 236 -22 -176 91 -40 -152 -233 -190 92 85 -236 118 63 -181 16 62 -188 -59 -86 -164 125 238 -183 -57 -96 -37 -205 109 219 110 -177 86 190 43 188 145 -186 6 246 -33 -132 112 -121 34 -142 -35 -100 -215 -246 113 -203 207 232 -144 -130 224 -41 208 -126 197 -19 130 -25 194 -157 -74 137 -228 135 149 -175 200 97 -85 148 0 66 45 65 -56 -229 -51 47 26 -64 175 248 210 -124 167 -155 -94 -122 226 80 95 181 -218 -55 48 51 147 243 240 -20 -26 231 -206 -225 173 -244 -220 -167 37 2 171 103 -160 -76 -242 186 -165 -47 -29 -84 -189 -60 79 31 -24 128 108 -226 -105 -209 82 119 225 -136 38 247 -69 -45 -102 -224 67 199 -237 -7 55 -207 35 -53 -12 132 -180 237 -128 155 180 183 4 -97 -75 202 -81 201 9 -62 -150 153 151 -173 -168 196 139 -9 71 122 -32 30 -80 88 163 234 -2 -111 249 -79 -223 150 100 -46 154 -83 178 -208 141 5 
TEST 93 ARG:201 -171 118 10 -1 -90 -55 190 185 138 -107 155 -129 56 -48 -206 -71 221 203 -139 129 -117 11 124 -246 -82 -11 -248 -244 -186 -184 -176 23 -50 46 -239 -73 -87 165 61 -84 -28 -182 -216 228 -199 -207 112 -202 -193 151 -85 -94 -192 -240 230 93 -104 196 -38 7 175 102 149 205 -143 -153 36 247 -58 -119 -109 -162 -180 71 -19 76 182 -95 -75 -8 -211 -179 197 -79 119 213 127 -43 -203 139 84 68 132 -152 237 51 199 135 176 49 117 -63 105 -132 -236 235 -166 86 130 144 193 134 194 -140 -34 -72 -122 -223 -56 -148 32 -121 111 -247 80 1 -15 12 -13 183 78 -120 97 166 219 43 -131 143 83 -142 -194 -213 178 -92 41 -145 95 -66 44 171 -146 57 -215 -110 -98 210 -231 -5 -196 -45 227 -237 -228 156 -118 -33 -174 -127 -46 145 -210 -54 28 0 217 -42 -201 -144 -125 17 31 218 232 216 5 113 188 167 -49 92 15 208 -105 25 -17 -217 -191 121 207 -93 -80 224 -172 -26 -91 -158 72 9 16 -181 148 -62 -155 -168 -128 146 133 -249 162 214 184 -204 240 24 -130 -234 -126 45 22 89 -30 54 -225 -151 -138 -25 200 -229 48 -12 -167 -36 21 -67 96 -16 -220 4 85 26 198 62 -123 19 -53 157 114 -31 -221 -60 191 -133 -163 -14 131 -183 -173 -81 70 -189 90 -175 6 -242 14 -114 -47 -78 204 152 -18 231 141 -156 125 120 223 53 211 220 75 -198 -6 63 8 -149 -111 -101 234 98 58 -159 212 34 -20 187 -141 153 -74 -88 -222 126 226 40 239 -41 82 59 -113 -235 108 -83 164 160 87 -35 -177 33 67 -124 -241 109 137 55 -115 215 -112 -44 30 -22 -185 -134 154 169 123 209 -116 -227 -29 74 225 -24 -21 172 -76 -188 65 -230 -212 -245 -160 -195 -52 2 244 107 99 -161 -106 106 -233 161 -238 -218 -64 241 -178 -23 110 66 104 249 158 -214 189 -39 47 -99 115 18 -3 77 73 206 -219 229 -165 35 38 192 27 180 150 245 -40 64 -100 -103 -154 -136 177 -10 -86 233 -7 181 -77 140 -69 29 39 128 50 13 -157 173 94 -97 -61 222 20 -51 122 -150 -68 -37 -243 -250 -135 142 -2 -205 179 100 -59 -108 -137 242 -32 174 79 -169 168 -96 238 236 -65 246 37 69 136 42 -197 -89 52 -200 -4 159 -209 -190 88 -232 243 195 103 -164 -187 116 202 60 170 -70 -27 -208 -170 81 163 -9 3 -102 -226 101 -57 147 -224 186 -147 248 91 
TEST 94 ARG:30 -231 203 63 72 143 -85 223 -207 139 116 -152 136 -129 62 -146 58 -69 -245 226 61 -130 -24 22 187 105 83 -62 -164 -50 175 237 -104 246 181 -229 -125 -196 65 -122 -139 52 232 13 197 70 -66 -220 -47 -248 169 221 120 -52 5 -192 165 103 41 8 244 -212 164 -224 200 -121 93 190 -59 206 212 -67 -195 26 -49 -44 -138 209 248 145 234 124 126 186 86 -250 -7 71 242 64 -240 130 75 -149 -137 -80 114 -186 51 45 106 -228 110 137 -194 121 152 102 -187 -204 -77 129 1 218 -3 -160 -170 19 -23 15 108 23 -90 -111 -216 -19 98 -73 -10 6 74 -82 117 -11 -234 193 -183 -128 -208 -161 185 60 235 -27 -88 245 -119 -244 236 -214 -203 -86 -179 174 -112 -45 -172 198 96 154 34 168 -171 158 48 -18 81 214 183 -21 -64 149 44 -71 -226 -131 211 73 -76 239 -48 157 88 35 -221 -230 173 -155 -177 195 199 -145 -102 176 -92 33 -35 -238 57 167 -20 -178 -54 -4 -163 56 -120 -37 -40 -28 -94 201 -109 -17 109 27 191 -68 -218 95 -168 54 241 -175 178 -181 -169 -173 -141 135 119 -159 131 -55 220 25 -134 77 -26 -70 -225 -95 -180 20 12 -189 -103 -158 182 -223 -63 194 159 233 99 89 189 -116 -167 140 208 -133 222 161 -61 28 243 40 -43 90 162 -108 -93 -237 -165 -126 -124 31 -201 -84 217 196 207 -227 229 -143 -46 -217 170 -219 59 -96 9 50 177 -188 -51 -15 -162 69 -215 227 224 -213 -25 -101 37 -242 94 -235 179 180 -13 82 -127 238 -113 -190 112 147 -246 4 -123 97 -32 -34 -87 -31 -36 -100 113 -140 138 -153 -197 32 123 163 -148 155 104 -198 -79 14 -105 68 -132 -185 -211 49 -29 150 -150 -206 240 -157 -72 -176 42 144 148 160 146 10 228 -98 132 -1 -60 -97 29 127 -89 133 -41 38 247 142 101 151 -106 -91 -74 -136 92 213 91 -210 210 192 -114 -2 -107 141 -8 -199 55 -154 -78 125 -184 115 0 225 -83 -205 -142 47 153 249 216 156 -30 -33 79 -56 67 -42 -12 188 184 -65 -38 -241 43 80 -236 21 -232 39 166 17 122 219 85 24 118 53 172 -99 -110 -182 -39 -81 100 -166 -249 78 -5 111 11 -6 -233 -200 -135 128 36 -57 231 -16 -115 -174 107 76 -14 204 -117 84 -118 205 -247 134 -243 -156 2 -147 215 -193 -9 -151 7 171 16 -191 -22 -209 -239 66 -75 202 -202 230 18 -58 -53 -144 -222 46 3 87 
TEST 95 ARG:-97 159 40 78 222 -84 75 -196 149 15 76 87 -112 -100 205 -170 -204 229 57 -77 175 132 -102 -238 -184 -66 -201 -9 202 240 170 -92 -182 -82 110 158 -64 -126 232 -116 19 -169 207 134 -61 63 -47 -233 136 10 -223 46 -137 141 216 -141 -209 53 247 99 -178 44 -57 82 114 17 197 -32 249 193 186 -176 -156 32 -14 211 -46 31 -213 -93 -248 -114 -236 -89 -19 26 6 59 -122 111 125 -168 161 -158 -191 3 226 -219 129 -22 176 200 -56 227 217 0 11 -205 45 239 -113 66 105 -140 236 -183 -74 54 30 145 130 238 20 -83 94 -29 -10 38 -165 -246 237 -244 180 192 -69 71 49 -128 -188 153 -26 7 81 -78 -79 43 108 -232 -172 98 -53 80 -249 -145 172 -135 143 -86 -163 51 244 162 194 -43 -133 -129 -60 -220 -107 -50 -35 178 -99 -195 243 -155 210 116 156 37 2 -234 -226 -134 -91 209 -157 183 -147 48 24 -110 -41 39 -152 124 5 36 231 -54 128 -39 -243 -18 95 12 -148 -186 215 -171 -179 -65 9 221 -95 -36 91 52 115 160 -68 -111 -166 25 13 142 146 164 -72 -75 -125 -187 83 157 163 -198 70 -101 135 -85 65 -51 -164 169 140 151 -214 177 -190 -2 -55 -25 -63 -144 -23 144 167 190 -30 92 55 21 85 -185 -245 -45 -199 -154 86 -103 35 201 58 23 109 -120 213 -241 -118 -250 189 -117 90 -237 245 -174 131 220 203 154 184 -132 121 -197 228 88 -159 230 -28 -16 -240 103 -143 -189 28 -210 199 195 -212 168 -73 101 -225 68 223 69 -62 -115 -162 242 181 -247 -136 -98 198 -202 -20 139 -87 225 107 185 -37 241 -167 122 234 -81 182 -127 218 61 -216 -40 72 -235 -7 -150 -109 112 -5 18 41 100 -108 -231 -121 -221 97 -27 96 -175 127 -80 -138 -206 -161 60 -67 214 -227 -180 -177 -200 56 113 50 137 166 -230 -3 104 27 64 42 -11 -106 -242 179 -49 233 196 -160 -48 -96 -6 -153 106 165 93 -142 -139 -211 89 47 173 -239 148 -203 191 -194 33 204 -104 -131 147 -38 152 -24 102 -1 117 -228 187 -151 -59 206 219 -31 133 -70 -12 248 67 -149 235 246 -105 126 -21 150 1 14 84 -217 4 120 -229 119 -17 -124 62 -207 8 171 79 -88 -146 -192 138 73 155 -218 77 -94 -123 16 -42 -13 74 29 -224 -33 -222 -58 -215 -119 208 118 -193 -71 174 22 123 -90 212 -76 -173 -8 -4 34 -181 188 -208 224 -15 -44 -34 -130 -52 
TEST 96 ARG:182 81 148 194 -159 52 126 -184 -102 -211 19 134 61 1 -231 146 14 -226 -140 43 -173 -7 224 63 -152 132 248 -197 68 217 215 -161 197 -160 -71 222 152 -209 -141 82 195 -171 -19 184 24 -14 34 90 -218 -5 -206 -108 9 -2 -164 -122 -236 -172 85 -83 23 -202 -129 233 -208 80 124 -153 21 53 45 5 91 -9 -216 196 243 177 -126 228 123 242 -22 162 170 95 -111 46 29 155 142 -98 117 -42 -50 -215 238 -81 -96 59 22 25 -58 -80 66 165 -151 116 -156 32 -249 202 65 154 -223 -199 133 -16 -183 -123 -74 -90 -128 -104 -17 -146 96 205 -38 145 -44 151 -132 -43 239 -13 181 -28 -66 -100 -67 -119 -116 246 56 203 -228 -93 47 -107 198 212 149 98 -118 -49 -10 -31 -21 -221 204 185 -127 -134 -1 -243 -62 127 -177 36 115 27 76 -53 -70 -224 -191 -222 163 -8 218 100 -143 -103 -88 37 183 -89 210 7 114 -166 92 201 -37 -11 213 -176 4 44 2 58 219 -230 -115 26 211 -12 67 -69 200 230 244 -250 -113 20 -181 -139 -235 -144 -125 108 -244 6 12 62 0 41 158 118 -18 -182 -179 49 172 -174 -178 86 -217 -142 110 176 -20 -72 147 106 -154 -193 -25 112 -246 15 -30 166 -229 -227 -232 -120 209 -39 -65 -185 94 77 -135 -85 206 129 -130 122 89 -97 -92 -82 -194 -56 -106 103 -168 113 231 153 -133 -213 3 -73 -61 -112 -201 191 -47 -3 179 -45 -54 236 35 -175 55 -204 101 -167 28 234 193 128 -124 139 136 -121 -6 78 -52 156 -225 -131 -219 88 75 121 99 -41 57 71 102 -239 -165 221 64 -48 38 -64 -34 164 31 -114 10 241 93 -242 -4 -237 18 247 -137 220 -187 97 144 192 249 -238 161 -51 -212 42 -57 169 -240 -245 -110 208 -170 -192 -205 -186 -163 -155 -157 140 51 -68 207 -109 -46 -105 -200 33 -203 -241 -26 187 190 199 -149 79 173 159 -138 -75 -190 -77 50 40 119 -233 -84 -63 -60 160 -210 70 137 189 17 8 -99 111 -147 188 120 180 237 39 105 -248 -29 -198 -35 240 16 87 157 -76 73 143 138 -136 -59 -188 -145 -247 -158 83 -87 -220 229 84 54 216 -189 232 -91 171 60 -23 -214 -196 -207 -234 -24 -162 227 223 -36 -117 125 150 214 -15 74 11 130 30 -79 69 135 48 141 -169 -55 -101 109 13 235 186 -27 167 -40 226 -78 -148 225 -195 245 104 -94 -33 178 131 107 168 -32 175 -95 -86 174 72 -150 -180 
TEST 97 ARG:143 220 239 -95 -136 196 9 80 15 -97 195 -20 -109 -200 -100 -237 -163 -223 -24 99 139 -168 -131 -138 165 126 -161 -174 123 232 -234 33 -194 78 -74 145 10 -49 65 154 174 -50 -103 -91 -105 212 -250 173 75 -129 -70 -81 -126 -38 211 -249 83 -101 142 -166 146 96 241 -46 161 87 -63 141 -65 -210 -12 -122 -146 -228 35 180 170 243 -202 113 46 -216 169 -42 -111 -123 -102 -176 102 45 -19 40 73 197 176 -32 -45 178 -195 164 184 -113 -107 128 -132 86 -120 -78 -212 182 13 -213 29 -221 0 148 -27 -196 109 -217 -51 -41 -147 156 -84 71 18 -241 -204 222 -80 -53 238 -85 -79 28 -148 -124 -94 -23 188 -125 -142 190 151 25 168 98 129 147 -144 209 -104 -6 56 -2 30 -36 -98 27 167 144 -82 -229 -4 103 64 94 82 218 -207 226 -232 -48 181 42 -152 -238 -119 -57 -76 -55 91 92 236 200 17 -68 -61 -137 47 -226 66 230 -158 19 -89 -245 205 -224 2 55 31 198 158 122 -227 -128 210 -29 125 108 60 -239 -184 203 -83 -130 185 138 189 115 223 67 -209 -218 -62 110 -164 192 74 -247 7 -66 112 -47 34 72 225 -211 -118 157 -230 -56 240 228 -116 -173 21 207 120 134 84 -162 132 -222 224 -58 37 206 -87 -240 127 -72 -208 -134 140 -43 246 130 242 36 -10 -159 85 -8 237 -1 -40 90 -244 -153 -18 -7 235 149 -190 -141 1 119 38 -206 171 97 136 217 -93 48 -225 163 32 124 -59 6 11 -86 -28 88 -37 153 50 -189 -127 -193 -15 137 -170 247 -143 159 -167 248 93 107 89 49 -219 -73 -14 -215 -64 -185 187 -33 -242 -108 131 177 -31 -139 -187 -181 95 -233 -235 -214 -90 -60 76 -22 155 43 -197 233 -178 -203 216 215 214 -145 -112 234 68 179 -133 -106 -75 175 -96 244 53 44 150 221 12 -177 -231 160 -236 -54 104 229 -179 121 -151 -3 -21 105 -180 58 -150 133 -52 -17 3 231 -26 194 -25 -117 54 -154 -11 -171 -220 -155 106 193 117 -192 -114 -13 -9 -246 -172 116 63 -201 186 -92 20 -169 -71 -135 23 -30 52 183 -248 101 -121 -188 61 -156 81 166 249 -140 59 202 208 219 114 100 172 111 -16 -110 -160 -175 5 -198 57 -77 -182 41 213 8 152 -69 -165 -205 201 118 79 -157 -149 -243 204 62 14 135 -88 -5 -99 -199 77 51 -183 22 -115 245 24 -44 69 -67 -191 -35 -186 16 227 70 191 -39 39 4 162 199 -34 26 
TEST 98 ARG:32 213 11 -136 -130 -215 -230 -127 215 -218 240 -70 19 106 94 -94 117 173 89 226 -43 223 151 -8 131 -132 130 -214 -242 44 -203 13 -36 -54 8 201 -228 174 -99 192 61 35 58 180 3 -59 -167 -240 203 12 -65 136 197 -220 -86 42 -233 -189 37 104 23 -156 -2 210 -13 -219 -134 -55 -57 59 138 -107 17 -152 86 29 -178 69 -14 120 -187 -186 -112 127 -147 -89 225 27 140 185 186 -202 -246 109 -106 47 114 161 64 183 105 54 -32 148 74 -79 -18 95 77 -229 110 212 4 -29 -213 155 92 -173 51 50 -50 -92 219 -64 153 -125 -211 80 -111 -184 -216 182 -41 101 39 84 -160 230 193 238 -171 166 -16 113 -109 -114 143 -116 -102 -121 -179 191 157 -83 116 137 -93 -30 -74 -78 -206 221 -52 -177 -192 34 67 243 33 -44 90 -110 241 -164 209 169 -53 -176 175 190 -163 128 152 -198 -4 18 232 107 -224 -33 126 -249 -68 163 63 93 -133 83 20 -42 -223 -193 -161 244 -48 -168 -104 81 -148 -151 194 -172 -142 -95 57 -236 36 162 -97 55 -7 66 228 -115 -84 179 132 -238 75 14 249 196 -170 -61 1 235 79 -101 41 125 -87 7 -235 -232 -129 16 -139 -66 -19 177 -183 -158 202 62 -222 -182 78 146 236 -20 172 -191 122 170 -23 -196 -166 40 108 222 189 -73 -38 159 -76 198 -6 -5 205 21 247 214 160 103 -248 73 -137 -243 167 15 10 72 -188 234 206 204 144 -71 -174 -21 -131 -56 -45 30 -244 176 -144 -159 -60 -25 38 -119 -75 -47 71 -72 -180 76 43 -96 237 242 -199 -225 -190 119 139 -128 -22 115 6 142 -217 164 168 229 -162 -46 134 224 -205 -140 -15 48 -157 227 28 -118 -149 199 -122 -117 -12 135 56 123 165 100 -197 -34 -10 -145 82 118 -165 -201 -26 -135 88 91 216 24 -91 133 -123 -81 -210 -67 -58 245 -27 -204 154 220 102 149 52 -126 -227 217 -51 -69 231 -49 -105 9 195 -63 -100 -37 156 -85 111 -24 85 129 -208 -124 99 46 158 65 -80 70 53 -194 181 233 45 -212 121 171 -181 187 -241 -40 -155 2 -153 -150 211 87 -17 -209 -35 -237 -98 -1 -62 -221 31 60 -138 -28 98 96 -231 -154 -3 124 200 -103 -195 25 0 -239 248 -77 141 -90 112 26 -11 246 178 -143 -113 -120 -247 49 -175 97 188 145 -146 68 -9 -141 207 147 22 -226 -31 184 218 -39 -200 -88 -245 150 -82 -108 -169 208 -185 -250 5 239 -207 -234 
TEST 99 ARG:112 42 37 212 242 -242 232 -161 172 240 125 205 -80 -119 227 -1 204 -170 90 -34 -149 192 -200 -81 214 -96 202 92 167 -188 213 219 -249 123 152 -61 117 110 -162 -208 -185 143 41 -22 -224 60 -23 203 -122 188 -4 237 -52 -150 159 -231 -169 15 -112 119 46 -117 -106 -213 -168 -192 21 166 26 229 -205 14 120 -146 235 43 -220 -10 25 45 -215 -8 17 -223 -118 107 -179 -238 230 217 96 177 -178 -206 -42 -33 180 104 145 -182 186 168 -175 88 -114 -105 -191 161 23 150 -183 -136 -97 -196 -101 -48 22 -98 -110 148 -132 -207 -79 95 -9 -107 -5 -21 165 121 141 226 28 91 27 81 194 -239 -226 101 243 155 -115 -14 -85 36 134 -60 210 -69 191 -126 6 47 -148 -89 -135 -235 -166 157 -153 -30 -134 -176 3 247 -46 218 -7 54 50 -180 67 170 234 -171 33 -38 -131 139 -27 39 -32 65 -240 35 70 222 -190 -163 244 -83 239 56 231 68 -184 -193 -195 66 124 233 -247 132 -154 -63 -219 208 18 40 113 102 24 38 -103 -6 224 -189 199 10 156 -82 99 13 249 -55 0 -216 53 30 -177 -11 78 -133 -102 -187 225 198 -173 -40 -144 16 149 52 -59 -88 109 -243 -15 58 75 108 111 100 79 -130 -26 59 160 207 -113 -100 8 -49 80 -35 -151 -90 61 189 -123 -3 84 182 193 55 -43 241 -29 -142 171 153 106 -137 -237 -222 -28 31 -218 -91 48 -92 196 -198 137 144 32 -155 -62 73 -228 105 85 -121 -120 5 -47 -12 -194 12 -210 -204 151 147 -217 -245 -160 169 211 195 162 181 -84 93 -221 -53 44 -139 -99 -87 -45 175 49 179 133 -44 -50 -24 64 -58 94 206 89 -172 215 74 69 164 -19 -197 62 -95 122 136 11 57 228 176 -147 -116 -72 -16 -156 -140 -165 130 -225 -125 -214 -41 82 -141 -232 4 201 -56 209 87 131 -57 77 -86 -211 -244 -143 -73 7 -152 223 -129 -18 -167 -159 -54 -70 -199 129 72 20 2 -65 -230 -158 -37 -233 -68 98 -250 114 -25 128 -202 221 -128 -203 184 -227 -174 118 -248 -234 140 -36 220 -76 -145 178 -186 154 245 34 -157 -111 200 -229 9 -13 86 51 183 76 -212 71 -104 1 -71 187 -64 126 -164 -93 -181 63 103 135 158 -39 163 -2 -124 -127 -209 -31 -94 -74 -66 190 146 173 -241 -67 -201 127 -77 142 -20 -17 -246 116 246 174 185 -236 115 -108 -51 236 216 19 197 -75 248 -78 29 -109 97 138 83 238 -138 
TEST 100 ARG:196 -223 -115 -216 -98 27 150 -142 -75 -129 163 198 -220 -120 -2 169 131 -8 124 -123 161 238 83 -70 129 -62 -162 48 76 -77 -196 -67 -138 127 -217 205 220 188 223 -95 -19 72 221 -68 -101 -204 118 -9 29 20 120 -66 69 -136 224 -194 122 -102 -89 154 157 201 -34 28 79 -242 -20 145 97 148 -205 187 115 -122 63 -232 -144 -169 86 -229 -249 235 141 -148 -215 82 -206 -59 -96 217 44 95 111 31 -235 92 140 -236 45 214 38 8 11 26 40 3 178 -78 213 -100 81 -50 249 -210 167 51 237 193 -185 -197 226 -222 138 -29 160 -24 -143 -79 -65 186 173 -139 159 -156 -184 43 -41 101 194 189 -4 67 -94 -137 50 244 -76 78 42 -233 -246 158 -107 153 -85 -237 -167 -52 -104 -176 -84 -81 74 -152 132 -91 33 -7 -45 207 60 233 49 22 24 -228 56 -14 -55 55 149 -74 -51 246 121 134 199 -130 47 -212 15 -18 114 -17 -183 -36 -47 123 -165 -30 219 -10 37 -61 35 176 -25 -60 100 54 -182 166 -64 -153 155 -118 206 146 10 -159 -92 84 -141 -166 208 32 202 139 21 -209 -211 -23 -48 -173 117 -124 -58 184 77 -35 -193 -140 66 -38 -187 215 174 180 -27 -87 128 53 -134 88 -121 -226 -11 61 -225 -171 211 90 58 -150 212 -158 -73 -192 -147 168 65 -97 -127 -218 102 39 248 181 116 -200 113 -93 -1 -160 -71 182 130 222 -128 -39 -199 216 164 -46 -44 -26 162 94 -106 -12 64 -202 -164 -234 -219 23 -170 13 230 18 203 -13 -125 -207 -191 -180 152 75 -99 -53 -114 185 89 245 -189 -54 -133 -88 80 175 14 -174 91 229 -40 136 62 70 -198 225 87 170 -231 -227 137 -203 -181 109 -188 85 -163 -168 -238 228 -172 -49 2 200 -110 68 -131 105 19 -132 204 -83 -21 143 93 -213 -69 242 183 -154 -243 142 -37 17 7 -57 -245 234 -90 57 -250 247 73 104 103 0 1 179 -247 177 -135 96 -248 -146 -31 -157 98 171 -63 192 -108 6 -5 -179 197 -149 -224 125 -113 107 119 -43 190 239 156 -195 -230 108 -22 -151 191 -103 -161 241 -82 -221 71 -239 -28 126 232 -214 -241 99 133 59 -126 151 144 210 -186 30 46 -145 -116 36 16 -105 110 52 -208 -42 -155 -6 34 -117 231 25 209 -72 -240 -190 9 -244 -201 -86 112 147 135 -177 -80 165 -32 227 -3 -175 -119 41 172 -15 218 -112 236 5 12 -56 106 -16 243 195 4 -109 240 -178 -33 -111 
TEST 101 ARG:135 -235 35 54 60 170 -239 -5 -123 119 -103 153 156 226 7 211 177 92 -75 -152 -128 4 -215 227 -168 3 72 84 -46 -45 -17 -163 178 116 189 46 -33 -125 -106 52 11 -126 120 108 -146 235 -142 8 -207 37 -64 -85 -116 110 138 -30 2 -177 -145 -183 79 187 186 240 9 173 -226 -161 29 193 -197 230 40 -25 -178 -167 111 53 152 38 246 167 -157 -71 -9 145 -127 -29 -182 105 -233 -60 -26 -198 114 68 158 244 -111 117 -67 17 129 97 73 154 -54 80 157 -69 -118 -205 27 -238 176 14 -171 128 133 124 -208 47 224 55 -216 63 169 104 126 -155 -81 150 190 -10 -124 171 16 -84 184 -72 62 -237 192 -158 198 232 76 -245 -78 -227 70 214 203 22 -15 -210 -74 175 89 -185 39 248 149 223 -214 -224 88 -80 5 -184 -194 208 -59 -246 -41 -195 -131 49 33 77 -144 -63 -68 -108 -249 21 233 168 85 148 115 32 -12 -193 121 -83 -201 -49 -220 143 -206 213 -4 -160 164 -186 83 231 -223 -102 130 -8 91 -222 -115 44 206 78 18 -28 -203 -101 -55 -56 -13 90 -189 144 -107 -241 204 -221 26 196 118 -212 93 25 -165 94 -14 -129 245 -130 197 162 -51 -2 -196 -87 -76 -150 205 -89 -93 228 28 -96 20 10 147 -48 212 -7 -92 -34 -134 -66 -236 -88 -90 -250 123 -47 161 202 127 -40 201 194 86 -112 -229 -137 -104 151 -27 -218 -149 82 247 1 -65 -234 30 174 -38 222 209 -32 180 163 -190 237 -140 -53 166 98 31 195 136 -19 146 -248 -117 -23 234 81 -176 -181 181 140 -11 -39 210 65 -199 142 -143 -95 -43 220 34 64 122 -247 -70 43 -44 -121 -133 -122 216 217 -228 188 -50 -73 -187 -173 179 -139 249 -97 109 -231 41 50 221 113 -22 207 -109 125 -82 218 -58 -174 -141 -52 -62 225 155 -170 -94 23 -61 -138 -159 66 132 -204 99 -37 191 -243 96 103 12 139 243 -136 -180 241 -114 -20 160 -77 -219 57 239 95 -1 19 -105 87 -162 -164 -225 102 15 137 -16 107 -192 236 56 -98 6 183 -179 -6 74 -209 185 -100 71 -36 -166 -148 182 -153 45 134 215 159 -151 48 -135 -132 219 -242 200 -3 100 -217 -35 -86 -202 24 -213 101 69 -120 -24 -21 -232 -230 -99 -172 172 -18 -57 -169 -240 58 -91 131 75 -188 -42 199 -147 13 -191 -119 0 51 229 -154 165 61 -200 -244 141 42 -211 -110 -79 -156 -175 242 106 -113 67 -31 59 112 238 36 
TEST 102 ARG:209 82 234 -84 -20 -215 -122 151 133 238 -138 83 90 135 78 182 -100 64 -245 150 65 147 56 91 -126 211 -145 -39 237 127 -89 129 193 128 131 141 19 -14 126 -185 -119 180 233 199 -66 93 -188 169 -69 172 181 119 -194 96 52 215 67 -36 115 232 24 117 178 27 6 194 174 -205 4 220 146 218 -148 143 246 245 -153 -233 202 43 16 173 164 -168 -207 21 13 188 -130 -68 -249 -83 -73 -27 -166 -96 -213 -129 -192 -51 -127 -150 -94 -55 -54 69 -99 36 -28 -139 247 -15 66 11 -177 -222 -56 114 156 76 241 -82 -37 -62 -190 95 214 42 -108 -113 -163 118 210 -159 158 0 124 -3 -125 29 -79 106 195 87 -241 165 -57 -107 -232 -115 -136 -160 -147 105 243 -202 -171 -123 -238 227 226 33 -33 -239 -80 -88 154 23 -41 88 138 62 -173 187 -187 -235 84 -198 -40 20 -142 -97 -1 -250 -195 236 159 -77 -34 -102 197 -191 -101 196 -32 17 86 222 -91 -226 5 -31 7 80 -98 -49 224 94 162 26 107 122 -212 -120 -236 -186 -175 -86 216 -7 -13 14 10 45 89 49 -178 171 155 -227 -121 -240 1 -48 2 136 125 -6 61 110 -87 -131 -61 -75 -214 50 -23 -217 51 228 -172 200 92 -47 -17 -221 -19 40 -210 -225 -242 -81 38 -237 206 -59 170 -24 -161 -128 -206 101 203 190 -234 248 235 184 176 32 189 -4 70 160 120 85 -220 167 28 -204 -246 192 -224 -65 217 -141 144 -11 -29 -219 12 198 -184 104 -170 -216 177 -105 -167 140 -109 225 -103 -135 -158 -110 -200 242 -76 -211 163 219 -231 -116 -134 -243 -182 -247 -43 152 -111 -230 108 -72 207 -165 -2 -199 -112 63 -152 157 55 -176 -16 205 145 112 71 -197 102 -181 -63 191 -203 -58 35 -42 -5 25 48 -114 -35 -44 109 22 68 -164 79 -229 -223 221 3 -9 -118 37 -70 239 183 -26 -244 -95 -179 161 60 -93 57 -60 -78 130 -169 -132 179 18 -90 244 -106 -137 -25 229 103 31 -46 166 44 -8 -104 213 97 99 -71 -21 168 -124 142 208 223 -154 58 212 72 77 -218 -209 153 -146 175 -189 -117 -201 -248 -53 139 98 230 116 9 -133 -193 -45 134 15 123 -140 -85 53 75 8 249 39 -12 148 -155 121 -50 73 -143 132 -149 240 -22 41 149 -183 -144 111 74 -157 -30 201 -38 -92 -67 -180 59 204 30 -162 -196 185 34 -151 -52 231 46 47 -228 -174 -10 137 -156 54 -64 -208 81 113 100 -18 186 -74 
TEST 103 ARG:-136 -165 231 -117 137 142 71 36 117 -7 51 31 122 149 168 -175 121 -224 -177 197 -187 -172 233 -202 -57 175 -132 -107 -131 124 32 -216 63 -201 -127 -18 48 -220 28 227 44 -25 34 -28 186 229 42 129 110 4 -26 69 23 -144 -69 127 -181 -64 -109 219 -154 -238 53 -103 -168 90 101 -92 79 -153 -114 6 -90 113 -100 -98 -80 19 -186 -142 190 -157 -97 161 67 -10 -56 -14 211 40 -210 61 -169 133 80 -21 -180 62 150 -228 171 -155 -19 144 -102 240 -229 -9 -91 -72 217 -243 -4 -227 -194 135 -53 87 153 -36 1 -106 102 -81 84 -133 221 187 -185 145 -118 247 64 -182 46 -147 111 78 -221 -94 248 -40 159 -27 -35 -78 188 82 27 118 146 -42 -188 -137 -198 -212 92 245 140 172 -122 70 -16 -164 -49 130 -30 -247 -11 208 -139 -217 72 -203 85 18 -86 239 246 -85 192 -143 -13 179 9 -141 193 -222 209 203 20 93 56 -232 -22 -125 14 37 -24 157 138 -138 -197 -43 -170 141 -55 -2 -199 -15 -130 226 -239 -173 147 -207 -160 180 8 134 26 164 -120 -99 177 25 216 -161 -233 12 73 184 166 49 173 106 -63 -83 -95 -65 194 234 -249 165 -20 -156 126 -12 89 -245 50 218 35 91 170 235 195 -158 -41 24 -244 -246 -135 -151 -162 -234 202 -237 237 230 -104 -96 41 68 -74 -191 5 212 136 -134 81 174 -240 -176 104 207 -225 -123 3 -126 200 65 123 169 59 155 183 -82 223 76 -108 162 -47 98 114 178 189 -38 -166 97 182 232 66 -77 -206 128 -192 236 -88 -152 -193 83 13 -45 -60 -174 -46 148 -52 -44 242 112 152 -159 -195 -50 199 11 -66 228 38 -105 -163 -250 156 -37 -59 -140 -178 -213 30 -6 16 224 -219 167 100 -62 215 -115 74 -149 -226 196 220 45 -121 154 43 105 -17 39 201 120 107 54 -211 214 -218 -236 -113 125 -5 10 -215 22 139 143 -241 60 -167 -230 151 -116 -1 -242 -204 52 -3 7 -84 -54 -145 0 -31 -58 58 -214 -68 163 21 -150 -231 -248 238 206 -119 75 204 94 -146 47 -124 -8 241 176 -171 119 -79 160 15 185 -196 243 -129 181 33 95 108 2 244 -29 115 132 -189 99 -75 205 -110 -67 103 88 116 -33 -183 -61 55 225 158 222 -34 -208 -70 -223 191 -112 -235 -111 131 -209 -32 -51 -200 29 -205 77 -179 -48 -101 109 -190 -93 57 198 -73 -71 -87 96 -39 213 -184 -148 249 17 -89 210 -23 86 -128 -76 
TEST 104 ARG:10 -209 -116 -131 66 -150 -229 185 -230 166 -57 70 -55 -197 -140 63 249 180 232 -127 -24 203 -107 83 215 -218 -164 176 31 -40 53 -169 126 -193 -45 -247 145 -34 172 -89 -137 1 -50 104 7 -139 9 21 -125 147 -147 -100 93 -29 -78 -195 237 201 223 -56 139 -64 34 29 18 -182 134 141 146 -242 -73 5 212 65 188 153 -36 11 94 -146 -194 -111 228 -80 -221 -227 129 218 233 -151 -28 92 -74 -206 -70 -234 245 125 77 15 -250 -170 100 -54 68 -200 96 -248 156 -76 -161 50 -174 208 -231 155 -243 -244 117 -99 102 154 40 -220 56 -109 -113 186 167 -217 182 -9 122 84 -159 -246 -232 216 -133 19 -27 161 217 -122 -105 4 -97 -33 72 61 173 206 -25 174 -222 -179 87 -12 202 86 227 13 44 98 45 -35 -1 30 199 90 131 49 239 -128 -145 170 200 -223 -90 162 -126 -233 -202 60 220 -185 -4 219 148 -201 112 8 152 32 -196 165 144 3 128 -171 127 197 -237 -132 -168 99 -108 -82 -53 113 241 -187 142 -135 -142 225 -212 -32 17 81 57 23 175 -165 27 226 235 -160 -65 183 -226 -213 -239 -189 59 -102 -190 -63 -191 38 -18 -71 130 -106 -215 231 120 -43 -114 71 195 116 209 -66 24 78 -5 -91 91 97 -192 -120 58 -44 -235 -225 189 -153 -41 -118 75 138 168 -60 -162 26 248 -241 196 -103 51 42 -110 25 158 -205 184 -67 179 -20 -26 -38 -210 -17 -143 187 -84 -115 80 14 -207 -93 -178 210 -119 -6 28 -30 194 -167 -173 35 -184 -240 -112 -177 6 -136 211 -13 -19 177 2 213 171 -42 244 157 43 22 -101 105 115 -224 -52 47 -156 -22 -59 -2 -15 135 -23 -21 -228 -198 204 69 -129 -48 -214 -130 -96 37 -134 76 -3 240 -61 -62 178 -83 -46 230 221 -104 -14 -141 151 222 136 -183 -148 -219 119 41 62 160 -186 88 -77 -68 -79 -123 103 -51 95 108 246 -181 -98 191 -8 -188 36 82 -58 214 163 -203 -87 192 229 -175 -92 -157 -16 207 -37 143 149 133 121 -124 -85 181 48 114 -245 -155 247 20 54 -31 106 74 190 0 124 39 -39 -154 -166 79 -163 16 -138 164 -121 -176 -144 137 193 -172 132 236 110 -69 -204 -180 118 140 -75 -47 -11 243 -7 -211 123 234 -216 89 -81 -95 52 -72 150 -249 46 -199 64 107 73 238 -158 -88 -86 -208 109 198 -49 159 169 -117 224 101 111 55 -236 -152 -238 205 85 242 12 33 -10 -94 -149 67 
TEST 105 ARG:213 -21 82 -140 -194 130 -10 131 177 -219 183 -104 30 141 -191 -2 179 -233 -11 -250 25 212 102 139 51 -230 -189 148 -211 83 28 145 248 241 201 49 134 238 -89 -42 -73 91 -249 -161 159 -236 18 -72 -85 -244 -176 23 156 -158 36 226 -75 116 -154 -116 -52 89 -134 -34 -60 -224 -160 195 56 48 172 -87 85 -169 -115 -148 124 52 207 128 188 33 118 138 44 -99 237 184 -220 -131 3 39 111 -69 -248 -182 234 15 -8 -65 -117 -63 227 -88 -200 60 -232 78 16 58 22 136 -190 154 -187 -239 -46 -197 246 158 -157 -163 26 -184 -207 232 129 126 133 113 206 -26 -50 -32 -56 -67 -105 143 -136 174 -188 -27 -153 -49 -225 80 -240 -96 95 11 -79 -181 -218 222 -37 -59 -14 45 119 -108 101 -168 42 -45 -173 191 211 -128 -80 35 98 -55 -174 -165 -231 185 132 -243 -23 -142 117 -137 -175 108 97 79 247 43 115 38 173 74 -206 -216 71 -102 19 180 94 -162 -171 20 236 5 181 168 200 -53 147 123 -119 100 -6 219 -97 189 -238 66 -177 -196 -132 -214 -9 24 -179 110 37 169 -103 -146 194 150 -19 -101 202 90 -156 -180 -39 -4 121 -208 76 187 -66 -135 -7 167 -183 229 61 -44 208 144 -223 210 -155 203 120 -54 55 225 13 192 103 215 -126 53 -235 -199 170 -209 -170 -130 105 242 -222 68 -112 -151 -144 -166 -43 4 231 47 -147 197 -217 -213 40 245 244 -13 149 -226 54 6 127 75 196 17 -31 112 -61 -127 -215 -98 -228 122 109 224 217 162 -57 -83 216 -246 -70 -51 27 -138 157 -18 -203 -124 -111 69 -90 -141 -123 -118 67 -201 10 220 -25 57 -47 233 190 214 96 223 -1 230 21 -76 -129 -195 -139 152 -48 -74 12 34 151 -16 -186 218 -193 243 -92 77 -62 -28 199 41 -221 -210 9 -204 -145 165 -22 -36 160 -114 64 -38 -234 87 -185 -77 0 14 29 7 -78 -93 -20 -152 228 -95 235 239 -81 137 249 153 -107 93 -150 221 92 31 -120 140 59 -242 -12 88 63 70 -15 -113 107 -172 104 -24 -82 163 -167 -68 186 182 -122 -41 205 171 -58 161 135 50 -178 193 65 -205 -91 -33 -202 -94 -110 -227 46 164 178 -212 -40 -17 -247 209 -159 -143 99 2 -30 198 -35 8 146 166 155 84 81 1 -125 -5 -109 125 72 -121 -133 106 -64 -100 -86 73 142 -245 -106 204 62 175 -198 -229 -84 -237 86 -71 -164 176 -29 -149 -3 -241 114 32 240 -192 
TEST 106 ARG:-137 -53 8 -29 5 -60 153 213 -11 34 -193 -73 72 135 118 -228 -18 -15 -155 -150 223 176 191 -37 134 -134 12 137 189 61 -145 172 -195 -116 -231 -211 91 -136 -154 -42 22 -190 113 41 218 -160 -233 -129 -36 -247 -174 -62 -111 -159 201 46 167 -167 228 -108 131 -149 78 -213 226 -225 -169 -240 55 214 -163 -97 -173 6 212 -246 93 -153 56 -1 -63 -202 -218 202 -16 -68 38 208 -105 -238 -94 -40 156 -110 120 -65 -235 -188 -187 237 182 -236 121 210 174 178 43 104 181 -112 -2 16 -201 221 204 -176 222 0 -109 155 23 -186 199 -204 -115 -171 -177 -98 -182 -99 -180 -123 30 180 133 211 -191 -69 75 219 169 152 94 -20 3 175 -146 194 -189 -5 136 67 54 200 -130 -24 -205 238 10 205 197 209 -103 -222 -119 -248 -184 190 -64 -126 247 88 20 7 -50 95 -28 187 15 73 -243 -22 -229 -132 -66 -216 89 -52 -227 96 -162 -76 21 -175 -151 -220 -121 235 185 -31 -61 -32 -89 -6 224 145 241 233 203 -10 108 243 -221 -127 102 -74 19 -250 -83 -207 39 64 -135 87 -128 109 119 -72 -114 -143 -48 25 -101 -34 173 125 165 -208 -80 -93 -181 57 49 77 -17 -91 141 -12 80 148 83 -172 166 -33 -166 -49 -157 11 216 245 -215 66 164 1 -84 -244 -35 101 2 47 -139 -219 122 42 -168 -125 -148 140 -3 143 112 249 115 -152 82 196 -239 149 239 -39 -214 -158 -226 -142 161 -206 -232 59 111 -88 -4 -198 -77 -70 234 48 110 150 -144 50 -156 146 28 -7 170 177 126 -87 186 183 -14 163 -23 63 -56 -100 227 -161 -86 144 31 -133 -96 85 168 107 97 -81 -104 -118 123 -78 -140 -124 -8 -85 29 130 92 -51 -26 225 132 13 231 -21 70 193 -30 154 53 -92 84 69 -46 198 179 159 100 74 -179 -38 -102 62 14 -71 246 117 79 -122 171 -13 -203 -45 105 33 138 -224 -106 -95 -237 220 -230 -141 -249 124 90 60 99 -75 -164 248 -185 -138 -223 -241 52 -147 217 -55 142 58 -165 128 116 215 -210 -113 -212 -183 106 157 45 -57 9 236 229 -131 -59 -245 -170 147 -25 -117 -178 -242 35 -9 240 188 65 68 -43 -120 44 27 98 -217 207 139 37 -19 -44 -209 114 151 -90 86 184 -197 26 -200 129 -107 17 36 -27 160 -41 244 230 206 81 162 192 -58 -54 127 -79 18 51 -47 -234 242 32 -194 232 76 -67 -82 71 -196 -199 103 4 195 158 40 -192 24 
TEST 107 ARG:-49 -3 180 -79 28 14 -53 -68 214 -123 -1 39 -199 -17 0 -27 164 144 34 20 154 245 -72 -187 -83 -101 -172 -55 177 -9 141 -52 -58 229 -23 -217 125 -136 25 -240 -220 209 113 132 159 -42 -221 156 -21 197 199 -155 -141 -216 66 138 50 -32 -41 -84 -63 198 -215 12 225 240 2 -210 -250 13 -99 -2 -82 -176 216 -223 160 -12 97 129 -109 -178 -88 -211 71 -193 242 75 -139 155 -134 -15 -168 -54 170 -14 -244 102 -44 -85 139 67 204 -166 -167 -246 189 31 111 -203 -121 60 -59 -214 -19 192 56 -13 130 157 150 69 -93 213 -184 -69 133 -60 -236 185 -150 -70 168 -173 -65 -192 -87 142 -153 -24 -125 215 136 83 163 -89 78 249 8 89 68 -207 -152 238 -186 -26 -142 -162 74 -6 84 -37 65 -115 -56 -245 95 -5 91 26 147 235 -208 -248 51 195 173 131 -119 134 32 -86 219 101 104 112 -201 212 -225 114 175 -105 108 191 -31 121 -241 81 -18 72 -233 210 22 -222 -181 -219 -91 -110 -43 27 228 -249 -11 -92 -57 24 -195 -156 206 -132 -140 208 -189 -232 201 11 -164 -177 -130 92 -78 64 -148 176 -144 -90 79 117 98 18 167 88 -112 -228 200 -239 52 -242 243 181 -124 -38 -128 9 49 145 96 -138 100 -33 -190 187 -76 115 -66 -137 217 76 149 231 48 -106 -135 -160 122 -204 -147 -62 44 -157 -30 -180 244 36 224 -51 -234 -7 135 -16 116 226 38 21 246 -29 152 -179 127 -71 -45 -133 19 -188 7 205 124 119 -22 -36 -94 -169 -25 -206 107 -227 241 -47 93 -163 158 -95 169 -96 234 182 85 -20 193 62 6 123 223 90 220 178 105 186 59 -118 -182 94 237 63 -183 166 17 77 5 -117 -146 221 -120 126 140 -175 86 23 -149 -237 99 -174 -229 148 161 -40 222 -205 194 -196 153 82 118 -113 -170 -102 16 -4 -238 174 -158 162 -122 58 1 61 -74 207 247 233 -200 -198 103 57 -46 55 -104 -103 29 -67 -129 236 37 248 -111 -48 -61 239 -77 -235 -116 -10 188 70 106 87 -159 46 3 151 -8 172 -143 -154 211 -224 109 110 227 -114 -243 -73 80 35 -50 -35 15 202 143 -165 190 -39 -161 165 120 -131 203 42 -108 -34 53 -218 47 45 179 54 -127 -202 -126 183 -185 137 -28 43 -75 128 -64 230 -100 -98 -81 30 33 -80 -151 218 232 -197 73 -145 196 -194 171 -212 -171 146 -213 -230 -247 10 -231 -226 -209 -97 41 -191 -107 184 4 40 
TEST 108 ARG:-146 -114 116 -58 71 209 212 36 160 12 -109 122 153 87 38 138 -220 156 42 -95 -178 3 -132 -219 -161 29 -119 162 150 -106 119 -107 -54 -185 -136 -87 -200 117 -113 202 -224 238 132 -135 -172 -143 193 -212 -81 4 16 -201 -105 83 33 201 62 166 229 102 -73 -127 0 -88 54 13 137 180 25 -169 -154 179 -199 -241 237 244 154 -192 146 -175 11 198 -74 196 -9 98 183 144 152 49 174 67 -152 -31 -11 -207 -60 -61 231 -133 24 204 -65 61 -8 96 31 -228 173 128 175 -86 99 -50 -42 68 -52 -233 -197 -92 236 -227 -76 191 43 55 74 197 -247 -140 -79 -159 -27 -85 -248 5 7 -57 41 207 118 18 89 -235 230 -194 -171 -66 80 53 -49 -19 -239 -1 -25 1 94 121 248 184 172 -137 129 149 78 155 221 -30 -204 34 -198 189 -165 -180 -184 -44 -84 91 70 220 -77 22 103 -164 9 -142 79 222 -97 -222 17 -244 -250 -39 -230 -94 23 46 -177 -96 205 185 -18 47 -47 88 -51 -15 188 -205 -243 -131 203 158 -149 127 -176 -40 -72 130 215 -221 245 -24 -162 -231 169 -181 -238 -203 -122 10 210 -208 -242 -80 -167 -22 92 -218 -138 -202 171 14 28 -16 110 -226 -187 -163 -189 -179 101 -82 247 -111 114 -103 -7 170 216 106 97 35 -26 227 -101 19 -68 187 6 -35 126 -75 -2 -190 32 -145 140 -217 134 -28 -21 147 57 105 -43 60 -147 -156 -144 -67 -125 72 -115 -170 -69 -13 -129 211 -196 233 112 -5 -214 -116 161 246 -10 85 -121 -191 109 -160 -104 -59 52 82 -23 -193 223 124 115 95 37 141 192 -210 77 45 -195 -215 242 -98 -128 194 -155 -37 168 56 -168 -90 76 107 163 63 -71 -232 90 165 64 143 243 -99 59 -130 -148 -240 -55 100 -93 -83 -206 -141 178 44 -4 21 -223 113 -182 -102 190 -134 -78 241 58 48 93 214 15 -91 -53 -34 -110 -108 -41 -166 75 225 2 239 -157 -216 228 181 -150 -20 40 -237 176 167 -112 -45 -246 -173 224 -249 104 -139 -46 148 226 200 133 159 -229 -38 232 -3 81 -12 139 -32 -17 66 -63 177 -234 65 182 -62 136 -225 -188 27 135 219 -89 145 249 -6 -236 -153 164 -213 -183 142 20 195 51 8 84 39 199 86 -124 206 26 235 -117 30 234 213 217 125 -64 131 123 120 -174 69 -123 -33 -118 151 -36 -100 -209 73 218 -126 -29 -211 111 -245 -151 240 -14 -158 -56 -70 108 -120 -48 208 157 186 50 -186 
TEST 109 ARG:199 -122 39 106 227 -174 -117 191 -167 113 -123 231 14 -191 134 130 59 -51 177 -99 -95 61 -244 -201 -1 -126 -110 -192 -4 -76 116 162 58 142 -213 -72 161 144 -140 -67 -183 -205 -24 138 2 -87 -21 190 -20 90 -198 237 117 -26 42 -103 25 -6 -225 87 -224 -107 -3 34 -203 -114 89 200 210 -10 104 5 127 50 -218 15 -141 -106 -40 69 -197 205 60 139 12 66 115 -2 23 196 -209 110 93 -179 -42 120 159 6 201 186 -8 -97 62 -241 -229 -50 178 -59 19 168 -63 46 -98 167 -150 -220 -240 241 -44 108 225 192 180 -210 83 -248 153 247 -212 -173 217 149 145 -129 -204 -234 -28 -19 -143 -235 40 -57 246 244 -35 -33 -200 28 -247 -41 195 179 75 -86 155 -239 -102 -62 82 47 -186 238 160 -237 -211 -221 -178 -164 -147 49 -55 147 135 -94 -54 198 27 -166 -134 248 -158 17 -246 -217 24 -156 -189 -100 136 -138 209 -231 119 235 137 -215 -38 -53 71 -222 38 -78 133 215 -15 107 151 -96 193 -188 157 -64 -109 206 -7 214 -90 -149 92 -61 26 -104 45 -81 -132 -105 -127 -80 101 1 97 94 -34 204 174 -182 182 68 -85 43 -193 22 -47 30 -160 -79 -37 188 -71 96 156 -121 -214 212 -27 4 105 -68 9 52 176 -91 -136 183 54 -58 -77 223 -184 -219 -161 99 143 -137 129 -243 154 165 78 -29 10 -17 -142 -144 203 -111 187 -236 -176 242 21 -18 -16 36 -30 -233 181 245 -101 -169 29 -46 -153 56 219 -180 73 239 -146 -154 222 -75 98 -88 -162 189 72 163 -25 -238 213 65 234 173 77 7 13 18 -250 -83 218 -113 -74 -56 -135 -165 37 148 -112 -159 -69 229 140 -216 123 74 -190 243 -206 220 -32 226 -14 -70 -145 -84 67 -119 -11 -232 -245 -82 95 -108 221 171 -48 -39 -187 -131 207 -93 172 20 -152 -226 -177 -31 103 122 -155 88 55 -151 -139 48 -115 -52 57 44 132 -130 126 85 150 -168 184 -128 125 -196 79 -60 208 152 131 -125 -202 102 164 -49 -148 -92 31 121 128 216 118 -124 -89 224 211 -223 86 -65 53 233 111 124 3 -22 100 158 -199 -5 -120 -118 -9 112 41 76 -207 -194 32 -170 228 80 70 -181 0 8 197 236 -172 64 194 -45 -157 -163 35 -242 16 -185 175 232 141 -249 84 -171 -12 -175 -227 -230 -133 230 -73 249 11 63 109 -208 146 33 -36 -43 81 -116 170 169 240 -228 -66 51 -13 91 185 -23 202 166 -195 114 
TEST 110 ARG:134 -2 -7 -74 96 158 -167 242 -5 36 100 -141 -6 -172 -35 -55 -28 58 -218 101 146 -45 41 196 225 223 -139 157 -184 211 -241 -111 -151 171 -247 198 151 203 -106 -166 -115 -23 59 150 209 37 90 -75 152 68 -234 -211 114 -204 161 81 -182 70 237 55 12 -29 -21 183 33 -135 135 105 164 -216 144 -10 -63 -178 224 -25 229 67 227 -47 -112 -250 31 222 206 94 233 -206 -181 21 -98 -246 -11 -57 -130 97 149 -43 71 121 -136 185 -41 -88 63 -210 76 168 -123 166 -96 -76 218 125 19 -65 123 179 -220 247 170 -170 113 -207 -183 217 154 231 -58 -229 -14 -225 107 4 57 120 148 65 -179 47 -66 -67 -194 -217 -199 111 -54 194 212 110 -244 -27 -3 -156 72 3 178 -221 -213 210 -110 167 -40 43 -144 -236 -46 117 133 -50 -91 234 -77 -32 -36 -231 20 -82 -239 -34 -196 193 191 -174 -22 -13 160 -232 205 -73 -125 -64 82 48 -189 -93 -9 -104 -92 180 186 44 -69 187 -117 138 32 -51 89 -187 22 85 102 -94 -157 109 -163 45 -186 241 162 -116 156 9 34 122 77 -195 184 -164 201 -233 -165 -215 -155 -71 236 244 174 -18 15 -80 165 140 155 -209 108 23 -59 -235 -203 18 -38 -249 -200 -87 8 73 142 -121 176 -126 190 -214 182 226 46 -122 35 -248 -242 -149 116 10 -90 -81 40 172 66 126 204 -175 -146 52 -132 -133 16 -180 -15 112 -150 -53 202 53 -20 83 -230 104 -100 -171 228 -212 177 -12 -140 -224 -103 -219 61 188 -8 -147 -161 -83 -31 -148 50 -39 -128 54 -85 -105 42 197 -70 143 30 29 -158 239 14 245 181 7 -131 131 132 169 207 238 153 147 -154 -134 -60 200 92 173 -245 91 -97 11 -159 -37 -68 -201 137 -24 163 208 -185 -208 -127 235 -190 -243 62 -143 84 -119 2 136 -114 -1 -188 39 -160 -102 -237 -78 -222 0 -109 17 98 246 103 -240 -153 -227 139 213 56 -16 -192 -142 -108 -120 49 74 189 -177 130 6 80 24 145 -42 -205 -202 60 13 -30 -145 248 1 95 -84 115 -86 192 -89 -4 -26 78 124 -191 118 128 -176 -124 175 64 -173 79 -223 -33 -118 216 -169 -19 129 87 199 -228 -62 27 249 69 25 93 75 -52 -113 195 -56 240 -44 141 88 215 -129 -72 5 -197 -61 -193 -168 106 -17 -162 -152 -226 51 38 86 219 99 -95 -238 -79 221 232 243 230 -107 -99 159 214 28 -138 -101 -137 -198 119 -49 127 -48 220 26 
TEST 111 ARG:147 221 -70 -161 -212 -124 228 49 190 61 -60 174 62 -165 214 91 119 -186 -213 168 141 249 160 -22 108 -30 41 -2 211 -129 -192 -44 -9 179 233 -32 60 130 -35 205 67 -7 166 -96 10 -71 -15 148 -209 138 30 50 -241 96 -242 126 -126 -36 164 -143 -167 75 212 -79 -138 -12 139 -86 -16 -203 -223 -24 -187 -136 28 69 -206 -97 134 198 56 71 -52 -105 111 83 140 -75 -61 178 183 237 -82 152 21 223 -65 -106 -239 17 -158 33 98 132 -147 -160 32 64 11 124 -148 -168 -135 -173 22 -204 151 9 -231 -57 153 39 -26 -133 -91 110 -210 189 -107 -190 222 46 89 -151 -101 -81 -172 -14 -103 208 165 154 85 7 -154 -196 81 14 -10 94 92 -72 -237 188 107 -19 -94 102 -56 155 -205 13 -42 -140 -183 157 -249 143 -100 209 -179 -215 -31 144 -156 194 127 162 137 -29 224 -246 242 215 -38 43 180 4 51 -142 -109 238 -150 -33 213 95 -114 246 -191 68 -93 -240 44 -211 225 5 -169 35 219 248 -43 217 -117 -48 146 -87 131 230 220 181 -63 218 173 229 -83 -67 121 -121 106 53 109 176 -198 125 -233 -157 -28 57 239 -145 128 -59 100 171 -47 -102 -174 26 -45 -230 54 -245 116 -214 -181 123 -202 0 -144 -132 -153 78 -220 167 63 80 115 -89 187 2 149 -189 -119 -155 -184 23 12 -177 8 113 -5 90 -66 -54 -128 20 -112 207 105 -182 -222 -39 -62 -108 -21 -197 -64 -250 -80 -88 -224 76 -4 117 101 158 -178 79 234 37 -123 118 -162 -3 202 -235 -122 161 38 -111 -149 114 -85 -51 73 243 196 -227 -68 133 227 184 74 -226 58 6 -199 36 -98 72 -229 245 142 -95 177 191 -234 -55 -1 40 -163 -41 -113 15 -207 -218 -195 87 -13 -37 236 -58 -18 -74 159 186 185 -77 -116 -225 206 244 59 104 66 -6 82 -25 -46 -176 156 135 48 -137 169 -27 197 231 42 19 129 201 -49 -69 -200 55 -243 241 -201 204 216 -159 86 31 136 -244 192 -219 3 -78 200 195 25 18 -170 -139 29 199 99 77 232 88 -248 122 -180 -120 -17 150 -34 84 175 24 97 -141 -217 -228 34 -127 -232 -171 47 -8 193 -194 -164 -247 -125 103 -118 170 120 16 45 247 -92 235 52 112 -110 226 182 -104 65 172 145 -185 27 -11 -175 203 -53 -221 -115 -238 -99 -134 1 -40 -152 -166 -236 -216 -73 -50 -90 93 -193 -76 163 240 -20 -131 -208 70 -146 -23 210 -84 -130 -188 
TEST 112 ARG:165 75 -149 117 247 246 -10 -175 -17 -121 95 229 172 82 -250 -185 185 -94 -203 -80 154 191 -37 -142 -38 -192 -232 171 -229 -41 -134 -245 -211 -95 131 -35 32 63 -9 -163 150 60 -194 68 132 -133 141 -47 249 -202 -165 -210 -88 142 -113 -29 -209 111 -212 -156 232 25 -208 -221 -186 56 71 84 15 126 -217 -31 170 -116 -207 -107 0 123 -5 -36 101 -4 201 -159 -128 198 -135 10 87 -155 139 235 47 13 205 -169 -111 6 -223 54 -197 14 -3 52 37 -235 167 35 136 -96 -114 128 -78 -145 -140 212 124 242 -70 161 -101 -11 -44 -247 243 11 151 -8 162 -213 -87 222 248 152 231 103 -154 239 98 184 41 216 -39 -153 180 -20 226 245 62 -183 38 -83 34 -178 -241 -246 -115 -176 140 175 -227 125 134 -85 -108 -19 169 -144 2 69 -230 -179 31 50 -190 -236 240 209 -214 -34 221 28 -174 230 33 26 223 -54 244 -30 -182 23 57 22 166 -164 -152 -138 -26 -57 127 153 193 -1 -67 105 -69 217 178 89 72 -61 228 -148 -91 238 99 -33 179 189 44 -216 -126 -188 -228 86 143 81 -173 160 210 -66 -90 -147 -243 39 -219 -43 -248 196 -171 194 -65 197 16 -16 80 21 40 64 48 -167 29 -103 -75 135 118 113 148 77 -196 -226 -82 43 -53 -125 -220 -198 -52 -13 195 129 130 -122 -239 227 61 -151 -118 -2 173 208 -139 -240 233 -102 91 -62 190 -237 241 93 42 -21 30 -6 -184 -51 -124 -81 147 7 -92 -206 -244 19 100 20 115 186 -218 102 -27 214 -25 70 -249 149 85 -89 53 -141 -22 -112 199 -222 -157 90 55 -18 17 76 -49 -15 168 -68 -14 156 -104 -23 174 -99 -199 -7 219 206 176 -77 -84 97 73 207 110 -42 -181 -143 187 -162 12 -200 -180 51 114 -123 188 119 -120 -106 -189 211 236 83 -71 138 -131 45 218 -64 49 27 177 46 225 -72 -79 202 155 204 -73 -166 24 -204 -24 74 -170 -127 -110 181 -177 -58 -76 192 -136 -160 109 183 88 220 -150 -56 -40 -105 163 -193 -233 145 92 66 78 -63 -234 -201 36 112 -161 -48 94 96 203 116 -28 65 9 -60 -109 -100 -45 -93 120 -224 146 -132 -117 107 159 121 -46 -195 -130 133 -242 67 8 5 4 -238 -129 -86 -172 158 -187 182 -55 -231 157 -74 122 234 -97 -119 18 -225 104 213 79 -205 3 164 -98 -59 1 -158 -32 144 -50 108 -146 -168 215 237 200 -137 58 59 106 137 224 -12 -215 -191 
TEST 113 ARG:-66 -130 -111 46 -202 -104 -174 -6 -197 -52 -216 132 -219 -170 195 225 -175 71 -49 44 26 72 141 203 153 40 224 93 249 -209 -162 143 11 52 155 -169 -84 -112 66 110 -78 -141 156 234 205 236 16 220 -137 -126 -23 -43 -2 -99 -31 -57 200 -179 127 154 139 -83 -204 -127 -53 13 181 -143 172 -246 -144 144 -165 70 189 -15 -164 210 -30 107 94 -3 -40 130 -10 -19 182 193 221 -67 228 -82 227 -139 246 -106 133 174 -123 -161 -214 185 -196 114 39 -247 212 113 82 -97 6 64 -245 -85 -48 179 116 -86 160 -56 33 237 215 -158 85 -213 -47 1 -63 54 -244 -72 -168 97 -180 -41 -172 -80 -200 -215 -211 198 106 -210 -149 206 -109 83 -135 -14 121 211 164 122 -70 -89 -7 -20 -118 190 -227 35 -107 56 5 -69 111 30 177 100 101 -11 -93 238 63 28 109 217 -129 -249 223 166 15 207 201 75 -61 146 196 -42 245 4 -191 -87 21 -25 -27 -71 -208 216 131 -75 -186 171 32 -37 124 -189 128 -207 69 90 65 -132 -81 157 -134 123 183 -198 -142 218 105 229 147 -225 -220 2 -54 -212 -199 -9 -13 118 86 -156 45 240 -206 -166 57 -248 173 178 197 -98 -22 81 38 -217 108 -147 -238 -138 170 0 -59 51 136 -241 -230 149 -21 -18 53 -187 96 31 -151 -185 -184 -95 20 186 -100 235 115 98 241 -150 25 -68 -116 74 -183 -133 -29 -92 -36 117 -171 -155 199 191 -34 -148 -102 19 -176 -94 243 202 204 192 230 73 -38 134 -136 23 -5 -113 -120 165 176 -140 -221 41 -243 102 -32 47 -239 18 67 88 29 -64 232 -125 -231 -235 -4 48 22 -250 -46 138 -122 -88 91 -115 120 -12 -242 188 -228 77 126 -110 -101 -153 -205 104 10 68 -16 -119 244 194 184 222 187 150 59 84 87 -173 -193 145 -234 -203 168 180 -163 233 -223 80 78 125 50 60 161 -145 -167 -76 -192 -103 167 -62 140 -28 162 175 -121 231 135 -35 -240 151 7 103 -188 112 -39 -159 -178 226 -218 -236 43 8 -51 -45 -229 -154 -91 9 -1 -65 14 -195 -157 -152 -74 169 42 -96 12 158 248 -177 37 148 -24 -117 -114 159 -182 -194 -181 208 -146 62 129 36 -105 95 -124 99 49 213 137 -8 -190 142 119 -58 -160 247 34 58 214 -224 -90 24 -77 61 -128 152 27 -60 89 -226 239 219 -55 79 -50 76 -108 -232 3 -79 -131 -26 -17 55 -233 -237 242 -44 -73 -201 -222 92 17 209 163 -33 
TEST 114 ARG:174 152 -211 -123 -148 -103 -120 86 -87 75 -190 219 145 -97 52 53 -237 -51 -28 -240 -107 -168 232 -134 62 137 -166 164 -109 2 -141 196 244 -68 -78 237 167 198 173 -183 -65 -122 81 -119 -32 97 -106 226 -169 -52 110 -236 29 126 -17 76 -104 -14 165 85 -124 -225 -12 -203 16 -187 -67 191 236 175 56 -27 -185 -139 -25 -239 -179 64 -101 -157 224 72 50 59 70 202 -113 -9 -249 87 -53 -96 -184 248 -160 48 89 -33 25 -196 -220 -197 102 -205 -191 -82 -72 -195 37 -48 -176 180 71 45 107 73 96 -177 38 -175 -29 -172 -26 238 179 -135 -30 -69 27 149 -79 128 146 33 -217 19 249 156 -232 -243 135 31 -40 -194 14 -238 -215 18 -171 -63 60 -154 -241 105 5 28 185 112 -89 197 -93 -61 136 -162 -128 -221 143 144 -247 192 223 111 -36 -142 -45 -235 -192 -231 245 -70 -76 21 166 80 84 24 -56 -201 -180 115 -173 -200 13 161 20 -60 -198 242 10 94 -153 169 -189 130 210 -245 147 181 227 57 160 199 -146 -164 9 -202 117 218 -62 -3 215 -213 -165 206 243 -4 4 -208 -125 -35 -5 240 176 -181 -1 -246 -178 178 155 74 -155 -244 123 58 -228 172 -10 109 212 -74 79 -118 -94 -95 -224 49 132 170 177 68 133 125 -121 39 -193 -71 -73 204 51 247 -126 -8 -229 -233 -222 -210 -137 98 -147 -145 -216 -44 -156 246 -226 -130 216 188 119 -58 200 138 -77 171 207 -49 -102 -88 63 -105 91 194 44 -98 99 -24 213 82 -64 83 131 182 120 -149 34 -138 -7 -18 -66 -214 217 -90 -50 -127 -152 -108 46 -114 32 -158 3 -132 -81 -37 -163 95 222 11 -140 -143 101 -223 -84 41 184 -116 214 66 186 90 113 154 92 195 148 103 -34 168 -86 -150 -16 220 -159 7 61 -22 -112 -59 -117 -218 12 -83 201 239 234 -2 -219 211 106 129 142 -111 209 187 -133 78 -199 -11 -170 -23 124 141 229 -227 -39 -250 8 -43 122 221 69 127 139 -182 -38 -19 -204 -15 158 -207 104 -57 -174 -42 -47 55 -129 121 150 -92 231 -167 203 -136 233 -99 42 -13 -55 -110 225 -80 93 241 -115 189 -242 77 100 36 -248 -75 35 -212 65 -54 140 -161 15 -46 -144 47 43 6 134 157 208 153 235 -206 -20 162 193 -6 151 -151 30 114 205 108 -209 67 22 0 -91 -85 228 26 -100 159 -21 163 23 54 190 -234 88 17 118 -188 -186 116 -41 40 183 -131 230 -230 -31 1 
TEST 115 ARG:-243 126 -117 16 -214 -155 32 -141 190 229 -27 147 244 121 -167 188 -211 -213 -238 -203 55 -154 -178 80 222 108 -130 201 212 -78 -102 -147 17 -249 -163 -142 142 217 -245 23 106 -119 -162 44 -157 -159 162 48 -37 227 154 200 -105 -199 -205 -246 113 -125 -6 -212 -172 -14 -114 140 238 170 -12 124 152 -76 -98 118 195 101 -235 -68 -237 -73 -48 -53 150 -124 57 -164 242 75 110 166 225 109 -46 -104 -11 9 175 -239 -94 -146 29 -18 -17 -40 105 209 234 53 90 116 -84 -93 -81 173 -42 -100 11 -86 -183 -57 -168 -160 3 -247 64 137 45 -193 -44 18 73 85 -232 214 -91 -152 133 148 129 -218 -36 -206 -179 20 -32 -221 -156 -13 117 41 -21 114 66 -120 -8 -55 -23 119 58 51 189 96 -107 -198 14 -90 -127 -34 -70 -150 159 -10 -138 146 -209 60 42 -75 183 -58 43 -151 -248 22 35 68 -108 -244 -115 -99 187 -24 -61 8 -153 215 -31 -240 88 -92 -132 191 -202 -41 -189 168 52 -67 -187 220 -80 -109 7 240 38 -225 102 241 236 -116 -185 -89 112 132 -122 92 115 -181 -231 221 139 100 67 -79 -143 -19 -174 -194 -72 70 160 180 181 165 -71 -165 39 -140 -54 46 71 65 248 26 123 -39 192 31 -134 210 151 -126 -131 164 -33 -25 197 28 -52 246 -139 94 131 185 163 -223 249 -4 135 -15 122 97 -62 111 -60 -113 179 206 -43 30 36 -148 167 83 -26 184 231 125 224 27 136 -29 -1 0 -7 -228 6 10 63 104 21 156 -217 169 54 208 243 -128 91 74 15 218 81 -226 -207 245 -106 93 89 -51 -118 79 202 33 186 120 -82 207 -161 -169 130 -200 24 -158 -38 -216 -186 34 158 -56 -182 76 -110 -234 -176 -204 37 4 -74 174 -210 171 -9 -123 -222 -136 -66 47 -195 13 230 -180 -133 247 149 107 -112 -173 -3 -35 -137 -5 62 -96 -177 2 -192 5 -65 49 -47 61 -242 56 205 59 87 -85 19 145 -197 178 223 196 153 -149 -95 -22 -83 172 176 -229 -49 203 216 78 -227 239 84 -236 -88 103 -144 -64 182 -220 -59 -224 232 -121 -63 235 -188 -170 50 1 -87 -28 143 -215 141 12 40 69 -190 144 82 -166 -45 -230 219 -250 213 161 -77 98 199 138 193 25 134 -184 -97 -145 99 -101 -241 -2 -30 177 -171 -103 228 -201 128 -175 -69 226 -129 204 -191 86 157 127 194 -208 -233 -20 -196 211 198 237 95 72 155 -111 233 77 -219 -16 -135 -50 
TEST 116 ARG:-154 108 125 -116 137 -182 -23 -21 84 -202 204 -185 45 -187 -56 -126 -246 193 -83 165 241 -31 110 -150 -212 182 -249 -229 13 -64 -63 28 -39 -89 -235 197 -192 -169 236 -78 -30 -76 -209 8 -14 -44 -234 -136 232 22 139 -189 105 -152 88 -146 111 61 -155 -221 -159 20 172 70 -222 -226 -196 -11 -47 91 -7 -133 -167 -231 -237 177 -197 63 99 -227 58 -93 217 228 6 76 -94 96 64 85 -233 149 112 -110 -224 67 239 -131 -213 89 -216 136 50 -82 -175 -201 -121 -184 82 192 -210 -172 -236 -71 -99 -178 248 168 -27 -97 245 -144 184 221 -148 142 54 104 -4 59 42 57 -217 -12 118 -147 -2 -223 -138 188 -245 -53 -164 16 -103 210 130 73 -20 -211 135 43 -177 -206 200 78 148 -238 -128 7 -141 133 -24 -120 17 -85 69 34 39 242 -59 207 194 2 150 -188 40 37 49 186 225 9 -132 155 189 215 80 52 -55 -73 -75 60 -109 166 21 129 -200 132 11 103 -127 246 -129 41 -181 126 164 -230 198 -219 101 170 247 -170 157 26 -204 -80 19 -135 -112 72 -168 51 -232 -123 187 212 93 202 -100 156 36 -176 211 -86 -158 -137 -242 -28 209 -198 191 71 -91 92 -165 -1 77 249 147 27 31 119 -43 -69 -84 -107 115 -29 174 90 -220 -247 121 -162 -25 0 -122 -101 -87 -50 -111 227 87 109 -41 29 -108 124 18 -194 178 -183 159 175 10 46 32 -214 24 -26 -54 206 231 -115 123 94 -3 35 114 183 -95 117 240 173 -180 218 233 -77 -67 -117 180 -51 -250 171 -195 44 -72 100 224 143 158 3 -74 -90 -125 98 -46 38 -203 12 -36 235 -49 131 169 5 140 65 122 -17 -179 97 -18 113 -153 -113 15 -16 66 23 -81 -98 185 -70 -166 226 -40 167 208 162 14 151 102 -143 -145 144 -228 -134 -191 -15 47 223 -19 25 83 -105 -218 -215 62 4 213 -193 234 -243 68 53 154 -124 -48 -8 214 -114 -241 48 106 190 199 -96 -13 -118 81 176 74 -22 30 -205 -52 229 216 -151 -163 230 33 86 -57 -33 -34 75 203 181 -38 -161 219 -32 134 -140 -171 -66 79 -58 -239 -130 -142 -9 -104 -207 127 -10 145 128 -88 -244 -139 153 -5 -186 -248 -42 -190 -37 -119 146 -65 220 -208 -61 -225 222 -173 244 -160 116 -106 -157 107 -102 238 160 -156 56 152 196 141 1 -92 95 195 120 161 -68 243 -60 201 -62 -199 -174 -6 138 -240 55 179 -149 -79 237 -35 163 -45 205 
TEST 117 ARG:-177 -217 218 162 -17 -66 -35 227 -165 -247 123 213 196 9 27 -201 -162 77 -100 -57 228 -65 -230 127 14 -78 201 -207 -204 137 -112 60 -41 230 116 -87 111 -29 135 45 6 229 122 -149 -244 -32 99 124 119 -52 -173 43 -123 -167 -242 115 58 -163 -46 -11 215 -160 37 -208 134 40 69 -190 185 199 -116 -185 117 -172 155 -42 -110 241 163 -159 -50 -118 -40 34 104 -30 12 73 -53 136 -90 144 49 -80 -144 -226 -19 -225 -63 70 -69 160 53 204 -89 133 -210 -147 180 139 7 -213 212 -246 -113 186 -170 237 4 165 -222 -2 151 -61 -21 51 -27 -248 172 -143 234 224 81 -189 -37 97 -16 232 -91 2 200 -240 156 -28 -93 61 222 22 113 86 246 -14 125 -122 220 -96 -138 107 16 177 157 -104 -25 108 189 64 -192 153 238 188 -1 -6 19 10 170 114 171 57 -72 -115 -235 55 63 25 24 -107 209 -13 -202 -3 240 225 76 -151 -120 -175 248 -8 -155 8 -62 -106 142 100 -233 -181 46 -203 -59 -164 166 -176 -48 182 41 94 -216 -141 -232 1 13 231 -171 109 174 33 78 138 176 -9 249 85 173 -194 102 -186 -142 -22 -74 -130 66 90 -198 216 211 -86 91 244 210 -103 -4 -125 -128 -153 103 -97 -102 -221 65 0 132 -39 -79 -158 96 15 -154 -195 -224 131 236 207 -214 -184 -196 95 206 -98 195 50 72 21 -139 -183 -76 -75 74 -15 -10 26 -135 -182 84 -47 -134 -108 202 -219 -101 93 71 217 105 -193 145 -94 101 141 150 -99 181 -178 -81 -234 62 23 92 -20 149 -137 -212 -231 148 147 -18 -121 121 79 -169 -105 -250 -161 28 68 88 129 -157 -166 -124 203 -245 42 67 -88 -211 -60 -249 128 126 87 -218 -71 -237 56 -127 161 169 5 59 -136 235 47 -156 140 152 -229 175 30 -119 36 -73 -199 179 -228 -223 38 -238 -227 -131 -150 191 -197 205 194 247 -209 184 -56 82 198 239 20 143 146 -23 158 -43 39 154 219 11 52 -34 208 44 -200 -243 -140 187 159 118 243 -206 178 54 75 89 -55 -109 -95 -82 -236 -36 -191 -51 167 -77 193 29 -49 3 -133 214 223 221 110 -220 -145 -174 -180 -179 120 -187 -33 -152 192 83 -129 -117 -146 48 -70 -84 112 -24 190 164 32 -241 98 -67 -168 -126 233 -44 -239 17 -205 -31 80 -58 226 106 -38 -215 31 -188 -12 -85 35 -114 -45 18 130 -132 -5 168 -111 -7 -26 -92 245 -83 -54 -68 183 197 -148 -64 242 
TEST 118 ARG:-61 -128 -76 239 237 248 -100 12 151 -196 -77 135 -7 168 238 195 -232 -123 -236 -148 71 141 19 -212 -230 215 100 -154 -130 219 -177 -90 -131 10 225 -241 -22 -104 90 37 73 101 107 20 -164 -210 -78 -151 -180 142 145 -106 -93 65 -187 63 249 74 128 -249 -45 -133 -27 137 131 -147 -129 -167 109 125 106 -23 5 41 24 79 69 224 217 -56 144 70 -30 -39 -112 133 -32 -157 179 16 -1 -208 -102 -191 -4 159 117 246 -127 -224 164 3 -38 96 231 -49 200 67 204 -99 -115 184 61 103 153 -217 -17 -69 186 -140 56 169 -33 -18 -75 108 -72 171 -116 -172 -198 -58 -120 177 -11 -155 33 -20 -195 -152 119 232 214 165 18 -117 -242 -209 -143 -193 -240 163 48 210 15 -226 86 91 -12 -81 230 146 84 235 -161 216 -101 139 -190 -29 181 -124 -173 -8 -160 72 197 -80 75 43 190 -247 97 140 -141 -205 192 -206 -71 30 -15 202 -111 39 -55 161 -221 83 206 64 -243 45 132 -24 160 -137 8 -203 46 -222 -50 -63 227 110 51 -238 -176 -220 -186 -142 -184 -36 2 -34 -2 -89 242 81 95 -42 26 -67 228 -159 -52 -244 78 -166 28 -62 187 -149 25 13 -40 116 -181 34 123 -202 194 92 -192 -199 22 193 -227 154 -96 -118 -14 213 40 -53 -74 143 98 42 -13 -213 -218 4 118 -105 -25 -79 -109 17 -73 -103 -70 -245 53 14 -216 -225 170 -107 -98 -228 -163 -175 -35 -169 -233 94 -134 -156 218 -82 -19 52 -57 -171 -165 245 -66 115 -16 -28 203 -84 -150 134 -46 7 244 -162 -108 102 -83 240 121 -60 -9 -51 124 -219 31 -145 44 -194 223 57 -248 -200 198 -197 -110 -86 155 68 88 241 188 -146 176 -153 21 130 158 105 -158 175 112 174 208 247 234 189 62 104 -201 136 -229 156 182 27 220 167 29 -85 58 -235 -31 35 -91 236 173 -48 -144 77 -207 166 -68 120 157 60 0 122 -237 59 185 82 152 212 -231 -65 -119 55 -26 -136 9 -138 -239 199 -21 149 -182 11 -54 -88 -211 6 138 -139 -41 221 201 -125 229 148 -3 -234 196 -215 -246 -6 126 243 205 178 85 54 -59 93 113 150 99 -47 87 -44 -126 -64 -121 76 -168 -10 -185 -95 -132 80 172 -178 -188 -94 -97 -174 -183 38 -113 222 -5 66 114 127 -179 111 47 147 -87 180 162 -114 -92 49 233 -43 23 129 183 -223 -214 -122 -250 209 -189 1 -170 226 89 -204 36 -135 -37 32 207 211 191 50 
TEST 119 ARG:174 47 194 152 128 22 67 31 107 -127 141 110 -59 -44 37 192 -16 -32 216 -205 124 -39 98 -250 172 -190 -228 -193 -222 -5 230 -66 123 149 -192 249 -226 -120 235 -223 -20 -90 24 -30 4 109 40 -158 209 38 -142 10 184 -111 157 95 -38 212 197 -160 11 163 215 -212 -29 -68 -40 -108 -161 -17 -207 102 135 -43 114 83 -248 -84 -214 -70 60 118 7 -82 -153 70 -81 -126 156 -83 -73 111 -119 -25 -162 -128 198 178 239 115 -14 82 68 226 154 -124 164 -185 -220 -24 34 -130 -62 213 53 42 -60 -125 -150 -246 160 -57 248 -34 193 -191 -239 -9 -218 -131 166 63 -180 -49 100 14 -109 138 161 -183 -229 188 -19 206 -233 -122 -188 -37 244 62 -168 -58 -89 28 238 219 -154 43 -71 32 -227 -79 223 57 55 88 103 -12 241 -74 69 -171 247 -113 143 -215 -238 145 -92 -210 -189 240 -166 90 -201 -202 74 -241 -99 96 -157 -110 -219 120 -123 -216 137 196 -69 -196 -45 -100 130 -163 -88 -114 -198 -72 -151 233 150 -91 -13 59 -55 27 -31 -135 214 -11 -33 -184 189 52 -2 225 -159 106 133 33 -138 9 -244 108 -80 185 -149 18 195 -129 -235 245 -46 -152 211 41 -172 -61 80 -234 205 58 -78 -147 202 92 -97 -134 73 222 78 -181 129 -174 210 49 -237 -6 -18 94 -53 5 -64 170 84 101 208 -221 191 -211 -155 -117 186 204 -245 165 29 3 -137 75 -101 168 -56 85 93 81 -217 -98 -195 -36 -3 19 -10 -54 -41 -165 175 25 50 -42 147 105 227 16 -1 203 -232 -197 167 97 -104 72 -146 221 -28 -75 35 148 121 21 173 99 181 220 151 126 246 -249 -103 -143 242 158 -8 218 -209 136 187 127 -167 -243 146 -15 1 229 -140 -200 169 234 -116 -23 2 15 -48 207 177 -77 -173 20 112 140 48 64 -106 -187 -115 -169 183 180 132 -67 -105 -194 131 -22 -213 -199 -204 -63 -231 45 201 -7 -236 119 -208 -156 200 66 237 -240 86 -21 -86 -170 12 190 76 122 -225 217 -164 116 117 54 171 139 -247 -206 -182 91 30 6 113 -145 89 -230 243 -178 44 79 -148 231 13 8 -203 224 -121 -47 125 142 61 -177 -52 -179 182 179 162 -4 -107 -95 -112 144 -242 -87 39 199 36 -85 -96 104 -118 51 71 -224 26 -50 -51 -94 -186 56 87 -175 0 -132 -176 -35 -102 -144 -65 236 46 228 -136 176 17 159 77 -26 23 155 65 -93 153 -27 134 232 -133 -76 -139 -141 
TEST 120 ARG:40 -48 212 -69 52 -76 34 35 29 -46 28 41 -36 -87 -34 244 11 8 182 -55 -100 -248 -94 -2 -146 -74 55 -208 -139 -156 -91 160 -140 12 -83 107 21 241 184 -218 -240 181 -186 -142 -154 -90 -180 162 33 -134 -80 -103 -157 -148 80 100 91 -9 -114 -238 142 -246 -153 205 179 -4 -60 169 165 -192 167 155 -241 208 77 -236 109 -145 23 -212 -112 -191 -40 -161 -38 240 -131 116 235 137 203 242 243 68 -35 4 -183 -104 -54 -215 -107 -175 -92 37 -97 -171 -10 30 232 138 108 -247 233 175 126 -71 -37 -202 221 -147 -81 192 94 236 -98 197 5 50 54 61 -106 113 194 -199 120 147 -231 -233 238 -130 166 -210 92 -56 112 -51 170 -11 -15 -89 -224 -108 19 99 81 59 -163 143 85 -189 105 63 -23 25 -14 -205 93 89 248 14 124 -150 -62 -176 -166 -178 97 158 -27 -229 213 -235 -226 123 10 -201 214 -58 134 67 219 -249 -17 -7 -197 -158 218 174 78 46 -63 90 -196 -95 -124 -25 215 -133 180 -26 -159 49 173 -193 2 75 83 -3 -194 27 -102 15 31 51 -110 95 226 102 186 223 62 -24 48 79 96 154 -120 177 161 -121 9 -22 224 -190 -39 -221 84 -184 38 6 -33 -8 122 -200 101 225 191 110 13 -82 -117 88 -168 -47 -70 231 -203 0 39 -129 26 249 -213 -88 119 136 247 -209 239 58 76 103 121 98 -28 -65 234 -57 237 207 163 -127 -68 -12 -118 -198 106 -77 -111 -31 7 -79 172 211 74 22 24 -49 -115 -30 -32 201 -228 -174 16 -216 -132 202 127 -173 130 151 -93 42 159 187 87 -44 -29 115 -141 45 -75 -149 -72 135 128 111 -162 146 -206 -204 183 125 114 188 -113 -122 36 -123 217 210 -220 73 -243 -20 -187 57 20 43 -152 185 141 -225 -119 70 216 -52 195 -170 -234 86 -136 -5 193 -85 230 140 -101 150 -164 -137 228 190 32 -169 -125 209 -214 -105 -1 -19 -230 -151 -195 -67 -239 132 60 -135 204 66 -245 -96 -179 -53 -167 -78 -227 -13 -211 196 -41 47 -43 -182 -109 198 220 53 44 -45 -18 152 -232 246 222 -207 3 1 148 -185 200 -86 -73 -172 227 129 118 56 -219 164 153 229 -242 82 -21 104 -126 -188 -244 133 -61 69 -250 -155 72 -6 206 17 117 -42 -222 64 -223 18 156 -237 71 -138 189 -217 157 -177 -66 -99 -181 -50 176 145 -165 139 -64 65 149 199 -116 168 -128 144 171 131 245 -144 -16 -143 -59 -84 178 -160 
TEST 121 ARG:-152 131 197 -85 106 17 70 -240 -6 -45 -140 -250 -40 -95 72 -107 -235 235 244 3 110 228 69 -56 84 -150 168 -131 -49 -53 -15 -160 -80 -57 219 -153 165 -124 -123 39 202 -237 156 123 -207 -17 -96 -60 -166 -108 24 -12 -13 158 -149 -36 53 132 -130 -23 -62 246 -99 192 -245 99 217 59 -66 -94 164 105 245 -241 -104 97 -129 205 133 102 18 -67 -144 -18 210 195 -187 92 -203 -137 198 238 -191 -63 -61 22 -170 -68 196 -91 -145 180 116 -71 -88 200 -86 -54 78 144 -44 -115 171 212 -199 214 -156 -100 -24 -143 128 -242 -239 107 237 -7 82 220 -197 201 103 167 -178 77 61 -4 55 -55 73 -26 -77 -118 -171 36 -135 193 -183 249 28 -201 -222 33 -154 56 -25 76 -98 -31 223 111 38 -205 204 206 68 -179 -9 226 -158 -119 -125 32 225 25 -136 173 152 -177 47 -82 48 181 -159 -11 -176 -225 178 -35 -181 -84 -69 -229 232 243 -46 124 26 -39 66 -224 -173 187 175 19 -81 129 34 213 163 -105 -211 13 -247 86 -75 67 80 127 221 -51 160 -151 37 234 44 101 122 -165 -93 -22 -65 -172 -174 5 57 -186 -101 -212 -78 -89 -163 -8 141 162 89 -213 148 -184 -194 23 60 91 -234 227 98 -138 -227 0 -193 -90 -133 21 169 126 -230 96 188 90 215 247 177 -3 -43 100 14 -16 -41 194 -50 -200 -217 -72 209 208 -33 -198 157 -10 -5 159 -111 -214 104 -1 -231 134 85 10 -185 -37 135 -233 176 -34 46 31 -221 52 233 -58 45 120 142 -92 153 79 -113 95 12 -29 -83 62 65 125 -117 222 -147 -59 -148 -109 7 -161 155 -112 -189 20 43 6 230 -120 -103 216 -192 83 190 183 40 119 -220 240 113 185 71 -249 -246 147 16 -180 182 -232 1 211 -243 170 -157 -167 248 130 218 94 -64 -204 4 -32 -73 199 143 41 -195 -202 -127 239 -248 35 -142 118 -106 -30 -38 145 8 15 88 58 -47 -116 11 -102 2 -76 -206 241 108 -162 -70 -132 -128 -126 -175 236 49 -48 74 166 64 -218 115 63 186 27 93 174 42 -14 -28 -97 109 172 -52 146 -27 -155 29 203 -121 -110 51 87 75 229 30 137 191 -168 -20 207 -169 -196 161 136 242 -79 -134 -139 -114 139 154 -216 -2 -164 -19 117 -87 151 -215 -122 -236 189 -209 -190 50 -210 -226 -182 224 54 9 -188 149 121 231 -208 -228 138 -21 -74 -244 -141 112 140 -146 179 -223 81 -42 150 -238 -219 114 184 
TEST 122 ARG:-6 -250 71 161 16 -156 199 -44 -106 -131 152 170 188 -33 53 245 -204 102 -80 -159 125 33 -167 -3 160 -243 -155 230 -28 -196 151 -55 -206 -176 192 163 159 172 54 -209 112 -88 119 232 8 114 233 -173 -225 56 60 -240 106 236 -142 -190 -189 18 38 -230 176 -35 193 205 -104 107 -53 -239 -238 96 -114 124 -7 -223 -187 -197 58 -5 209 203 -208 184 -71 -10 65 -207 -68 31 187 89 222 90 -60 -70 26 157 141 -77 -123 -117 35 -172 43 -234 -36 64 28 191 -194 -15 -27 -129 68 -39 -165 133 66 -8 -246 37 -29 86 139 -67 -150 49 0 -133 -62 -139 162 41 -74 -119 -183 -160 -215 229 34 168 179 118 -115 74 -116 -40 143 239 -82 149 20 -31 198 -185 218 140 -49 228 17 80 -21 97 6 -48 181 62 135 21 48 -102 127 -81 147 76 13 -125 -210 -136 42 -93 -184 32 238 99 104 -61 -14 -91 142 -76 92 -84 70 81 -181 52 -137 219 7 -122 -99 -32 -47 -66 51 23 69 138 -154 63 -163 -162 -13 -124 217 -95 -145 -56 3 -89 113 200 -111 120 178 -50 44 -72 -1 -54 -147 164 132 -164 137 234 36 -22 216 -94 -135 146 -73 -158 246 201 83 -219 -2 122 144 40 -179 -64 -43 130 14 156 -236 -138 75 148 -168 -174 189 -103 -224 78 30 50 247 1 220 -221 98 72 195 61 -51 100 -247 -198 237 11 29 -237 -78 -128 -199 -113 226 24 -220 -16 -75 121 -232 136 235 -23 -52 -222 -248 -151 -127 -108 59 169 -249 -96 -59 -118 -87 -112 -134 -195 126 82 134 -153 190 -178 85 180 -245 -217 -226 -244 -191 207 57 -65 5 -149 -120 175 -34 -92 -11 240 -98 12 -85 -18 -140 210 -132 -216 150 185 -141 214 -20 73 -46 204 67 171 231 241 -90 -109 -9 158 -177 88 -201 -4 -57 197 174 94 242 -101 154 -205 -241 -146 225 -26 186 -169 87 -25 110 165 249 -42 129 -157 -143 79 153 243 183 91 -214 224 -161 -235 108 -83 10 167 -148 45 -231 182 212 -126 -192 -130 -12 -202 206 111 -218 221 -38 123 -180 196 194 4 -203 -19 84 -17 47 -193 -144 101 115 -242 177 22 223 77 2 103 -107 227 -171 202 -200 -213 117 -58 173 -97 -227 -229 -100 93 -63 -121 116 215 244 105 39 166 -233 -79 -182 -152 -175 -37 155 -24 25 -86 -228 -188 15 -211 145 248 -170 208 55 -166 -69 46 -41 213 27 211 95 -45 19 109 128 131 -105 9 -110 -186 -212 -30 
TEST 123 ARG:-166 238 -7 116 -10 51 146 24 -15 -73 93 64 -205 -196 -128 -136 -171 -197 68 115 99 32 -42 -170 137 -249 210 -184 -139 109 155 214 95 -151 -109 -164 -110 104 -247 111 -155 11 -231 -206 207 79 -9 -91 -54 16 -223 170 -213 174 -141 78 -211 -86 -107 -194 244 -148 -64 215 -124 -104 65 143 43 173 -84 -142 -37 136 -201 -47 120 -112 -22 91 90 -123 -96 -202 179 4 -24 -200 -20 18 -169 88 145 132 223 -186 -45 184 242 131 -21 36 10 -138 -48 -100 -168 -18 133 -76 -28 180 73 -62 -106 -233 134 -17 -135 -234 147 -182 -95 -147 -192 197 -175 151 154 193 97 124 230 178 159 14 121 102 247 42 -116 -26 101 128 144 -49 148 -158 -217 216 70 69 107 -177 118 -189 -225 172 9 2 185 7 -44 -2 -229 56 -209 -133 -1 -121 26 5 -214 -132 -122 -117 -25 168 -178 150 82 241 -242 208 72 60 213 -57 -97 -71 17 127 198 183 -99 224 63 -74 8 -130 -65 -16 237 -232 -165 58 -39 -207 3 -235 -88 46 -63 48 175 -69 165 239 55 110 -102 28 -237 81 71 -244 -32 209 -180 12 -78 202 -127 -5 130 -216 -246 -137 -187 123 30 15 187 196 -41 -89 -218 -59 167 6 -162 92 53 89 -87 -215 -14 85 47 149 23 171 0 245 -176 -82 -150 -208 -157 -149 142 45 -72 -160 227 233 38 -36 40 -58 75 25 236 166 235 246 201 -224 -131 114 -125 -6 44 -119 -114 219 -30 13 -27 169 -98 249 -51 161 222 153 177 -79 -55 229 211 -140 194 80 -156 19 -126 -239 -195 22 -210 -191 84 228 20 -144 -29 -31 220 113 -183 125 -111 67 -56 -220 -66 232 103 -46 162 49 -43 -204 -108 218 29 163 -75 191 27 -35 240 1 37 226 -67 158 -154 61 152 -248 -250 188 -113 50 -34 -118 -153 -115 -181 199 117 -101 96 -33 112 -81 -240 217 100 -212 -92 -174 212 86 -68 66 39 -236 119 190 141 221 160 189 -85 -193 157 156 94 59 -163 31 -143 -40 76 87 243 54 234 -60 139 -77 -94 77 122 181 -13 192 106 -11 204 -221 248 -52 -80 -53 195 34 -4 182 108 -38 -172 41 -222 -90 -3 -12 57 -238 -152 21 -19 -173 -230 -129 33 135 186 -226 126 203 -93 52 -167 -198 -105 -188 -145 164 -190 -8 -243 -50 -203 83 -227 205 -23 -83 -199 129 -159 176 -228 -241 -219 225 105 -61 -70 140 231 -146 138 35 206 98 -120 -179 74 -185 -134 62 -245 -103 200 -161 
TEST 124 ARG:107 113 -137 97 24 -97 5 45 64 -78 104 -154 -130 -205 110 -76 -188 164 28 -12 -86 -124 -229 -15 141 -122 -123 123 -48 195 -53 33 -65 192 -70 181 1 -85 65 -149 143 -174 -23 39 70 21 -30 52 -1 -186 -42 173 -47 27 85 -54 117 25 0 -180 98 136 -59 -244 157 186 -191 115 -209 -33 -240 -192 -114 -56 -172 -88 118 145 -157 -87 18 176 212 191 102 -39 -237 -119 213 241 242 -245 237 -227 244 -96 -246 66 -64 151 202 -29 -61 -206 -143 175 76 200 -228 -32 78 218 137 211 -217 235 146 90 75 -73 -75 -220 41 -248 59 133 -60 -222 103 -115 101 -145 -242 -100 161 216 -166 36 -2 -153 -218 -156 238 -27 217 152 243 153 -22 15 -14 232 -93 -110 -103 -170 122 -238 203 58 -208 -241 10 -164 17 -138 -116 -165 206 -69 -28 -125 67 80 37 -198 -171 -177 -151 127 -117 -200 174 -134 219 140 -11 150 -66 -128 170 -81 -211 -8 225 155 46 -141 214 -82 -158 -55 -178 226 -129 -243 -36 23 -196 93 60 106 109 205 229 6 29 -17 -162 13 -182 48 -16 154 57 -74 183 -109 105 19 132 247 199 63 -150 56 178 -163 207 -204 -10 35 20 112 159 138 -235 196 167 124 -185 147 38 -197 163 234 -111 128 -46 -160 89 -169 95 -121 -6 -3 165 188 34 54 184 -34 190 114 177 -199 -221 88 -94 139 208 -62 71 -44 158 -219 -236 -107 -195 -101 120 -89 -67 -105 187 -144 -214 239 84 -58 -189 -139 -161 -9 162 61 119 -50 -225 -226 230 50 86 44 87 -131 224 30 -90 -35 -49 40 189 -19 231 201 172 68 193 92 -80 -5 73 74 -71 236 220 210 8 -232 -92 227 -132 -57 -133 94 12 55 31 -79 108 209 221 240 91 2 -181 -98 166 248 -40 62 -184 -142 169 -26 179 -63 -233 49 42 51 135 -213 -152 116 -223 182 -147 -210 -167 69 -127 -146 204 222 -37 -83 -231 -38 -173 -4 -201 -207 233 129 -239 -135 -45 -140 -104 4 72 -113 144 134 246 43 -51 14 228 111 -168 121 -20 -179 149 -24 198 -212 -202 -159 99 245 125 53 26 -187 -120 -118 11 148 126 -77 -230 83 -43 82 -84 -190 185 -193 100 -148 168 77 -203 194 -99 -215 -136 142 -155 -250 223 -18 -183 9 -91 249 81 16 197 -41 -52 -112 180 -95 -108 -106 -176 -175 -224 96 -72 -126 215 22 160 -25 -194 171 -68 -247 32 -21 -216 3 47 -7 -249 7 156 131 -13 79 -31 -102 -234 130 
TEST 125 ARG:64 -19 10 30 52 140 135 -247 168 126 -202 192 -65 60 -47 103 -158 74 218 -79 -204 -39 -147 13 -218 -167 102 -20 -42 -60 -96 -78 -67 72 80 78 -179 -109 -117 -155 199 -22 -232 -229 2 101 -160 -212 -206 100 195 -220 50 129 247 124 -116 -192 -153 18 5 -140 -114 -62 174 -31 -12 109 68 -53 130 -227 -209 3 -70 73 1 95 24 240 165 -240 203 205 31 -32 -26 -51 -222 116 184 -231 -13 133 -59 -130 -108 200 -245 177 164 204 112 232 -134 -193 -161 -97 -71 -156 -216 208 170 -4 207 -89 -176 -91 -171 -203 181 122 172 -103 90 -75 44 36 -9 -169 -102 121 157 -64 215 154 -190 244 -131 75 -123 17 -244 115 69 -25 -99 -182 179 -152 210 201 136 -136 84 151 -159 175 209 -18 -132 40 202 -157 -188 171 -40 -214 -35 197 -50 82 81 67 114 -198 -194 -82 -2 -37 -151 -80 145 14 212 -111 182 -46 58 -68 -45 55 -8 32 -191 94 -213 167 -235 155 -185 -135 77 22 156 -187 -55 -15 9 153 -43 162 -11 -174 -81 104 88 53 -48 29 123 225 -63 -233 -105 169 -126 178 227 65 -101 216 20 89 -41 -236 -92 83 -83 -172 -181 132 98 188 -52 185 -90 -112 41 -186 97 -94 246 -141 163 248 105 -106 -29 146 -30 76 -93 150 -139 -88 -127 -170 -144 190 -36 107 118 -164 25 79 -56 -58 -177 148 -1 239 -138 61 57 211 198 6 -239 -173 -189 142 71 -24 -87 23 -180 139 -128 -85 -120 -215 59 -100 -28 19 7 149 -110 141 193 42 -168 34 -10 131 -223 -207 -154 241 45 226 224 0 111 -205 -54 -241 138 -16 228 56 -237 -211 -33 -150 -73 26 -148 -21 92 245 70 217 -137 -84 -201 -74 4 11 -163 93 176 38 49 -208 27 158 -146 -249 85 -224 28 -98 186 125 -242 134 -184 -217 -226 223 117 8 -7 -76 187 -49 16 234 -119 -250 137 221 -145 -246 194 -113 143 91 120 180 -124 -6 147 220 96 63 87 -66 -69 43 -195 161 -230 -196 -3 48 189 -243 106 39 -210 113 -5 160 219 -142 -72 -178 -225 222 -234 -197 230 21 -34 236 -238 110 -133 183 15 -162 229 -107 -115 159 -121 127 -183 47 -199 -248 -95 144 -27 86 108 54 62 12 -221 128 51 -175 99 -86 166 -104 249 238 213 214 152 -143 -38 206 37 -125 -61 -14 231 191 -17 35 -165 196 242 -200 -122 -44 173 -57 33 -228 -219 66 -129 -149 46 -77 119 -23 235 -118 237 233 243 -166 
TEST 126 ARG:-76 60 -69 -147 128 165 137 166 170 -9 163 61 -115 -119 -74 231 153 141 -208 12 140 18 195 -188 -1 -186 23 129 138 -162 -185 -187 16 97 -171 219 -87 158 203 26 43 -137 64 -22 -230 -15 -155 71 -37 -81 -152 -70 -11 -104 131 -190 174 73 -106 37 -133 110 -193 -151 -99 132 -57 -19 -26 176 -90 -243 -84 -68 -195 180 -244 208 220 -122 38 22 -138 -177 -168 -145 14 102 -170 114 212 -59 96 -39 164 66 8 -7 -211 211 213 82 -245 214 -20 215 92 10 171 42 104 194 -233 177 240 -130 98 5 -95 -231 79 -58 -8 31 227 62 235 108 -201 -107 186 183 160 -197 -61 106 -36 -114 94 -17 -47 -52 -156 -228 -205 149 -65 -96 -239 -79 207 89 -248 179 2 -35 -41 -34 45 -140 36 -27 -92 85 -136 230 -226 228 19 -164 245 161 162 118 41 -158 63 101 150 58 -102 -167 -192 115 74 157 -124 -179 -86 -48 234 242 77 -250 249 229 -123 185 -46 -210 25 -246 -173 46 -23 -172 189 122 -4 197 -203 84 -146 -98 68 243 159 86 -64 -53 81 -174 83 -10 -43 172 -212 -219 100 237 154 -51 -225 239 -105 93 232 136 -200 47 241 80 -217 -223 -108 24 -109 -232 -103 202 187 126 103 53 78 -49 222 -149 -143 9 30 56 -241 226 67 151 13 -240 144 -94 -44 -150 95 33 246 -196 -28 218 233 -40 142 49 -67 107 34 69 -159 -112 204 111 72 -183 87 -116 -16 -14 -182 244 -25 199 -154 -125 -134 -12 125 -144 -82 196 -55 -42 248 192 -235 190 145 -128 -88 -127 55 -75 -166 90 -229 -60 -165 21 156 201 -56 168 -129 -85 3 112 221 -32 -31 -63 -6 116 148 27 -153 11 29 -132 127 152 155 -198 88 -100 15 -236 -38 -77 200 175 91 238 0 188 -222 -194 -29 17 50 -135 6 -142 -237 -216 -83 -160 -91 -71 -234 205 59 48 -224 -220 -148 -121 167 54 35 -169 191 -202 105 223 -206 120 7 -181 -247 -111 184 -207 135 65 -221 -78 32 52 -227 -80 -180 -54 4 -45 224 247 -97 40 -238 -157 -13 -209 146 -62 20 134 -66 -204 -21 139 109 133 -131 -184 -141 -89 210 117 -139 -73 -218 39 -30 -213 -191 -93 -161 130 -242 -249 -113 -3 -101 181 -18 44 70 178 -24 225 123 99 216 -120 -2 217 121 198 -176 -72 143 113 -118 -214 1 193 -178 182 75 -163 -110 147 -199 -175 206 -126 169 124 -215 173 236 -5 28 209 57 -50 76 51 -117 -189 -33 119 
TEST 127 ARG:226 222 121 -146 79 -60 16 196 -200 -237 -248 -116 -136 127 175 164 13 192 -93 216 -80 43 128 28 -63 194 118 -194 -95 -21 77 -153 -155 -25 -133 185 -65 -191 -210 -217 199 -75 -189 165 -100 -17 -156 215 -157 -28 240 -85 -71 -184 -203 -70 146 92 -132 49 31 -56 98 -168 137 123 -222 -12 -45 -245 0 -154 48 -117 203 6 63 -195 -178 3 5 -172 -49 -218 58 201 -99 -26 -124 -198 -88 -19 -67 -122 -82 -32 239 65 174 100 85 218 -238 -11 -97 236 -228 186 -115 -3 -175 35 139 151 104 114 248 -121 195 233 117 152 2 126 198 -166 -119 -77 44 190 -103 -240 162 51 88 -35 -158 -130 9 -151 96 232 -225 86 -102 -242 134 -29 33 -23 50 -232 177 -108 133 -142 122 -10 -179 206 -127 -147 -231 178 -129 -69 40 22 25 70 -98 90 -59 -123 -196 241 -90 94 -20 242 -165 237 1 -53 229 -107 176 171 205 -89 161 -214 -221 23 138 -72 125 217 27 221 -246 61 -50 102 -112 -190 131 -211 -13 36 208 -223 -249 219 -114 141 24 80 147 76 -167 200 18 -206 163 -113 -18 30 189 17 -161 8 -36 -118 -54 172 -174 -169 -42 47 -66 243 62 -1 60 75 -173 -163 113 -30 119 -185 -78 41 -46 -234 -104 45 213 -150 29 245 -171 249 -180 158 -143 142 191 -149 -244 193 89 157 34 68 -57 93 -176 -9 111 39 -208 12 -64 -239 -134 182 -183 143 144 -16 234 -38 71 -5 -182 106 224 115 91 -74 149 -213 -51 -202 188 46 247 101 64 181 42 -44 -55 -109 -81 -33 220 225 -41 112 -125 -177 -84 154 78 -152 130 -37 -201 81 -105 -181 214 150 84 -170 -220 209 -86 14 227 4 55 -4 132 -14 -144 19 105 67 54 107 103 -131 -186 -224 -212 -135 148 153 -96 -250 72 -229 -139 244 -8 -31 -83 83 202 -187 21 166 -138 -43 -110 -204 73 116 212 -145 -2 180 -91 -141 -92 108 135 223 211 -73 59 -215 -160 169 -219 -94 -137 -192 160 124 -128 87 -205 -22 136 -106 -140 -52 129 97 110 -207 -193 120 159 32 52 11 26 184 -48 -58 10 74 145 109 -188 -164 -197 168 57 228 82 -76 -34 -40 15 20 38 -235 238 -111 183 69 170 235 207 -87 -79 -199 -6 -61 210 -24 -209 -47 -159 66 -120 -236 95 -227 230 140 -243 -62 -27 -101 -126 173 -162 -226 -230 -247 -68 56 167 179 -216 155 -39 -15 37 -241 99 -233 246 156 231 -148 204 197 53 -7 7 187 
TEST 128 ARG:-95 121 -143 48 -138 -100 -205 -62 -1 -158 -119 -7 -219 206 -87 195 -129 116 -2 -48 -14 205 -92 15 245 -134 175 -30 56 -38 -208 231 61 -239 108 -147 -106 -136 -174 173 -182 -169 -10 -157 174 -140 -73 131 83 176 -151 155 12 -118 142 -204 -131 -29 -57 70 -250 87 19 -163 -237 -222 35 -241 147 166 152 -33 168 126 182 -11 -202 132 212 158 105 109 -133 -187 -240 46 -175 111 209 -59 122 -172 139 -153 169 52 10 -244 181 220 -224 -149 210 -64 167 -94 -160 -114 238 -41 -211 -209 -246 51 27 3 43 -12 -188 -193 143 -116 -213 -55 -15 191 114 146 62 -185 -47 -71 -45 -58 73 135 76 159 -196 -210 -137 119 226 33 -225 -69 -161 149 -23 148 63 34 29 80 204 230 190 214 -191 85 -19 95 91 86 -242 17 22 -112 -234 -18 -77 -49 106 144 42 102 -146 -218 225 -9 37 101 -54 -34 -227 154 -52 30 26 18 124 28 -199 -183 -3 -207 207 -115 -76 -35 223 118 151 -212 -110 -5 -162 78 -173 211 165 -99 103 79 247 240 -214 -201 6 164 54 -78 -122 -141 208 197 7 227 189 -120 234 82 99 -51 -215 199 112 -65 -177 179 96 203 140 -84 104 -159 141 -230 -93 184 -203 -247 -165 72 213 -125 192 -82 -21 -231 -221 137 60 32 -180 66 -104 -130 -195 -24 -248 219 -90 -121 -132 115 249 -124 194 150 198 -85 90 -80 77 187 -226 235 -96 38 -176 125 -186 -217 -117 71 -39 -235 -152 97 229 57 68 113 222 136 100 -139 178 -27 -74 -25 170 -156 183 -88 186 157 -22 40 -236 59 188 53 -53 -20 134 -164 117 -17 -32 50 -50 89 193 -4 -8 -66 -170 127 -192 -184 -228 -60 -229 92 -83 31 -154 -56 -150 -197 2 236 -238 65 228 16 -102 -198 242 8 -107 177 -44 215 201 -249 -123 93 218 110 -171 200 -128 145 75 -61 45 -216 20 -36 129 -145 153 5 88 -46 217 47 39 120 -101 -98 55 -178 202 -89 -70 -16 216 -31 64 -105 13 -109 -233 -111 -243 74 -232 11 1 -81 -13 -127 -26 -166 -223 -97 -155 180 -200 -206 221 -108 128 -67 -63 -28 98 156 -168 239 49 24 -75 138 25 -72 -181 -220 161 107 84 21 171 160 244 232 233 243 123 -79 -68 -148 69 -91 -189 241 -86 -43 -37 133 246 41 224 -40 -103 58 -142 9 -135 -167 -144 36 185 14 94 -6 -190 -194 67 163 4 81 -113 0 -42 44 248 237 130 23 196 -179 -245 162 172 -126 
TEST 129 ARG:85 -22 -221 -39 -172 -11 -248 -129 -149 -59 -31 -145 144 138 43 86 127 -26 -43 67 -41 124 200 -199 -48 101 203 -197 174 94 -246 -99 238 -2 -78 -79 -159 -119 184 -24 -164 -32 -29 132 126 -247 158 227 -148 109 247 191 -49 -84 113 188 -83 -206 -27 7 193 38 186 44 41 50 231 1 -207 -190 -80 -237 210 -120 74 -101 -240 90 37 162 21 -130 -45 114 20 -6 106 190 172 -68 -160 72 108 47 -104 -151 -113 -10 -150 -8 169 -200 -181 -213 148 122 204 182 -241 -193 -14 -25 -146 -133 -96 69 -95 -47 -223 -165 -91 61 -231 235 -5 93 40 128 130 116 160 -122 214 73 -153 0 107 166 -86 233 -238 58 -13 -220 155 218 -208 -60 8 -69 97 244 -114 -35 -183 232 156 -147 -64 -155 -85 -224 -126 -62 -81 56 63 -235 89 -141 103 -109 175 -97 242 -106 13 -157 46 -46 -142 223 164 119 206 -100 -225 22 -93 -192 -111 79 -72 -38 87 -243 -56 151 -123 -209 -57 49 -226 205 161 133 125 -210 -250 -215 -105 234 178 -166 -239 165 -17 -216 29 48 201 -110 179 39 243 27 -170 -117 32 237 -74 -227 -33 -89 -1 84 10 230 -236 -132 -168 -19 -191 224 -154 60 -90 -198 5 98 -234 115 -140 -249 154 4 118 -169 -189 -214 -73 157 -217 111 198 123 -242 -187 171 3 76 -212 -50 55 -40 33 19 83 -37 -161 -87 -66 -82 -244 -186 34 -185 167 -125 -112 -162 221 220 81 185 57 -184 -118 -115 -131 -188 -65 31 -176 -222 -71 -134 -44 -211 53 -218 112 2 -228 -173 -201 208 -143 236 -179 194 195 71 -163 -36 42 -195 -178 135 -20 -88 75 9 241 -15 -196 168 136 35 140 -121 -182 68 99 6 143 -158 -135 -18 82 -167 28 12 -7 183 131 246 95 222 -23 -194 15 -156 -16 134 -180 -175 62 18 216 -9 -203 -202 240 -28 -144 102 51 92 163 211 -42 14 77 219 45 213 80 -232 24 36 176 -75 -136 -124 228 -128 54 187 -76 100 -67 16 -12 70 245 -137 117 -54 137 -34 217 -233 -58 129 120 66 -21 229 -102 23 -3 226 30 -52 -177 150 78 96 145 181 159 225 59 173 -171 209 -205 249 -103 26 -152 -30 152 -230 121 105 -138 88 -127 110 -92 147 -55 212 177 170 239 25 -63 141 11 -61 -204 197 65 -108 -116 149 215 -174 -77 142 52 104 207 64 202 -51 192 -70 -94 248 139 -139 -229 146 -245 189 -219 91 196 -107 17 -98 153 -4 199 -53 180 
TEST 130 ARG:122 -155 -236 171 -36 -93 161 -44 174 -67 180 -66 -162 -184 -129 -40 -144 -81 -250 116 -124 -42 9 96 46 -89 -109 159 140 244 23 -222 -119 -35 235 -63 -168 182 151 164 -167 5 6 -45 -104 13 124 217 227 -243 -59 -73 181 155 43 -79 -238 -158 11 -51 -34 -228 -195 -68 -216 211 -7 89 -145 12 -21 -143 -110 -163 225 -224 37 78 118 167 -31 178 -98 32 -205 117 14 93 -69 -172 83 -240 -135 81 213 170 -43 -70 -194 -71 184 188 246 33 56 196 141 -94 201 65 53 -55 -241 -56 -10 -229 85 29 -154 -177 -57 -174 199 210 72 192 142 87 17 -105 62 -87 -213 162 -137 8 127 -171 -165 194 128 76 -84 -209 -127 -4 157 249 216 -164 -225 -139 -204 -187 19 80 102 176 113 106 77 -185 -1 45 -99 -175 -237 108 -116 215 -130 -131 -37 -78 228 -217 100 66 -92 24 131 -128 34 -235 -85 130 -232 -50 112 150 248 26 218 175 -157 -151 10 -101 139 220 -23 -62 -246 242 -18 -231 -138 154 -208 236 123 -215 -41 64 -179 172 -210 -169 -190 -75 -211 -226 -214 148 15 -218 -133 73 -122 -227 -191 156 245 -199 60 -111 -219 136 212 92 -90 -97 -20 239 177 -125 -2 121 71 158 39 -112 195 -234 -183 -249 -64 -176 132 204 -207 54 48 -146 -247 40 -14 -25 -221 -180 -186 105 91 110 -161 -22 149 -200 16 125 138 -117 -83 90 237 206 21 -52 67 147 -9 -148 -242 -166 -6 -82 103 111 -206 18 36 224 -58 -5 -182 88 97 -160 -212 -159 -203 -54 129 -8 -61 205 79 134 238 104 223 144 209 -198 168 165 3 -153 35 1 198 -220 219 25 186 99 -197 109 74 -142 145 -245 207 -38 -115 -80 143 -114 -91 -96 229 135 -150 47 -72 84 -188 -24 -49 75 169 226 -39 -60 191 52 -132 4 63 -46 49 57 166 -233 -134 95 -156 -3 -12 -136 -140 -88 187 233 190 30 -30 119 193 70 183 208 137 -118 -28 -33 -244 82 55 -126 -121 160 189 61 114 107 7 -108 58 222 -196 50 163 232 -77 -201 -32 115 231 -27 -230 221 203 214 86 22 240 -15 68 -76 94 126 133 -13 -120 234 -29 -170 -95 -147 -53 38 -16 -100 241 200 98 31 185 -74 173 230 -86 -141 243 197 -17 -178 44 -106 -19 -181 69 -239 -248 0 152 -193 -123 -103 -149 -65 247 27 -113 120 -47 179 -189 146 -107 -11 -152 -26 41 28 42 51 2 -223 -192 202 59 -173 -202 20 101 -48 -102 153 
TEST 131 ARG:189 -106 -76 239 95 44 -137 71 -62 -232 20 207 -57 -55 55 -221 -49 60 -237 -147 62 82 -82 28 39 -122 156 173 -208 -54 140 186 -39 162 116 -235 98 -229 6 -149 41 89 -205 -195 123 -247 88 161 -69 97 134 218 -46 13 -27 58 -29 51 -107 147 -10 227 31 -142 -222 40 122 -166 214 -188 -239 -217 -196 -183 -45 127 -172 -114 -191 159 -167 36 -244 -109 -133 142 -13 77 169 199 228 -89 -157 -74 -119 -61 -186 -4 152 197 -243 10 -130 170 29 -176 -180 -213 63 -132 195 99 153 -85 -71 141 120 85 206 -241 -134 -249 106 -215 220 -63 -153 -50 -102 -190 226 -230 -47 229 171 -178 -25 182 -170 57 -198 163 128 -91 148 -211 -9 247 -136 11 155 213 96 -226 -35 -238 -92 -11 -219 -17 107 90 208 48 217 160 -93 24 -131 -84 74 3 -8 181 -41 -156 -248 -159 9 200 -189 -66 109 121 -197 225 -234 -164 -201 -72 87 241 -141 27 -97 137 -185 246 -155 21 219 240 184 215 -148 179 233 209 194 -80 -187 -212 16 -139 -100 5 -36 76 112 178 158 245 -193 136 37 -12 131 -98 -163 93 -77 -111 139 236 42 -22 -168 164 -161 -146 -31 -192 -58 132 -65 -88 -199 192 -104 -203 75 -204 12 -18 -24 -209 67 232 -20 188 -246 -6 103 -140 -94 -42 126 -220 -138 19 102 -150 204 64 145 -21 143 81 105 176 94 65 154 124 235 180 -152 -37 7 49 80 53 4 -233 135 100 -228 201 117 50 -32 -224 32 198 -118 -128 129 183 -144 110 -48 -169 79 -158 -16 185 14 -78 234 91 -40 125 221 -23 25 190 -81 -127 68 231 83 -3 165 61 38 244 138 0 66 -95 -236 -124 193 -121 -67 54 249 -165 -216 224 238 2 -33 -182 -218 43 56 210 205 -26 -210 174 212 -70 -207 -14 -177 196 -34 -245 -83 -129 119 130 202 -19 30 -160 -38 -51 101 222 8 -108 118 108 -60 17 73 45 144 -64 -110 167 34 -1 -52 -200 151 -59 -2 -240 203 -116 -145 -143 -231 -223 26 115 168 -227 248 242 237 223 47 -184 -56 15 243 -175 -125 59 -79 -87 -181 46 -123 72 1 -115 -99 111 104 -15 177 -214 -225 -28 84 -75 22 52 -242 -105 -68 -162 172 -173 -202 23 -5 -151 -43 -126 92 -154 -112 -103 114 -117 -113 -53 166 -101 -174 211 -120 149 -194 191 35 -86 187 146 -30 -250 -135 69 -44 -96 133 -7 -171 70 -90 -73 216 113 86 -206 18 -179 150 157 33 230 175 78 
TEST 132 ARG:136 -194 -55 237 201 -249 -54 -45 216 -64 203 -66 -215 -221 65 33 -190 -248 -181 -52 -100 171 -91 41 234 -109 197 223 -87 95 -30 132 140 -250 -242 -9 -99 52 209 113 25 170 -230 66 -176 11 189 59 178 -43 -42 218 16 -228 29 -15 -227 92 219 81 82 -60 -217 205 -82 151 111 242 -76 -62 -157 -123 155 -32 -7 44 227 182 -11 -3 -114 -244 128 -1 191 -158 190 84 196 228 177 137 112 184 100 -179 -136 -58 131 -27 186 42 -22 -105 -122 -2 -108 229 -154 -185 -33 -164 114 -171 -146 -72 64 173 74 -50 77 17 9 -35 210 48 32 -80 28 -12 195 181 31 232 -210 -79 -159 -201 119 -88 53 127 -180 105 -107 240 -16 93 -70 -25 -74 -188 198 -20 71 -104 -28 89 -152 88 -128 -57 -59 -8 187 -19 206 78 -84 -202 118 -103 -142 -126 -241 207 141 -169 -151 24 101 -124 -92 -209 130 -139 -110 83 -173 60 -193 -39 80 72 148 222 62 18 115 8 121 96 -18 94 22 -95 126 2 97 -131 247 134 -67 -133 -235 68 87 -129 123 -200 246 -147 -187 -198 -166 192 163 -232 202 -89 -205 -150 73 -93 10 -222 214 -148 199 -155 217 -119 -24 -206 194 -73 164 165 15 -186 142 221 174 20 -231 -53 38 149 -78 -214 104 -106 -144 -101 -85 133 75 35 -10 159 -196 91 70 208 61 -208 120 110 -68 -229 -239 -175 -156 -246 213 -137 67 -44 3 244 -130 -23 -98 238 147 -116 -34 -56 -199 188 26 -204 -165 -211 212 -149 -65 49 193 162 -225 108 -90 -243 -163 -13 249 43 -51 -96 23 47 13 14 145 7 -14 45 117 179 -77 -69 -160 -174 -224 99 144 -141 -48 54 200 -191 -184 -5 102 183 236 -161 -182 175 166 185 -75 158 215 241 154 -118 -233 172 -132 161 211 143 -49 224 239 -140 27 103 85 50 -143 -178 -170 109 4 -117 -218 -47 98 243 235 135 -36 204 220 233 58 160 245 -120 40 -168 -236 56 0 -112 -125 169 -97 231 -71 176 79 -219 -237 51 -213 -41 107 -177 -46 248 -127 -38 86 -115 -223 -162 -134 -145 -192 -212 37 -153 63 -247 76 -81 -26 6 -216 21 -234 125 -17 -238 129 230 -183 -172 -37 -138 124 5 -29 138 -83 -113 -220 122 -4 -31 150 1 -167 153 36 180 19 90 -207 -135 -121 30 39 116 -189 -21 46 106 -40 225 157 -197 12 -240 -111 -63 -94 -195 156 -226 -86 -245 139 55 -6 34 167 226 57 -203 -61 152 146 -102 69 168 
TEST 133 ARG:-61 -189 113 -185 -46 37 27 193 146 -56 -212 -210 -85 26 233 127 -58 -116 67 -80 195 -196 -163 -206 21 -184 76 -22 -183 249 -136 187 59 121 119 -158 -176 232 220 160 -45 45 14 169 85 16 77 197 -137 -225 -76 -91 -69 -222 -87 -219 -244 -120 -123 -162 -148 -146 212 -186 -72 -49 50 44 -241 105 -105 199 -195 203 161 -114 164 214 -27 -126 -151 109 13 63 -201 -32 -141 -188 112 207 48 42 183 -83 38 -243 -26 -79 -203 -16 73 124 -165 -81 -180 151 46 -48 -131 168 133 245 8 -239 -145 -77 -70 -98 237 -13 216 -208 137 186 -71 60 72 -96 219 -234 184 108 -207 -44 -245 150 238 128 82 -7 34 -227 -235 -182 190 201 102 -129 -97 165 -9 247 -231 131 -217 97 54 -31 3 93 94 68 185 240 -99 171 -178 141 -11 -159 217 -202 17 -111 -1 236 -38 -242 157 243 -187 -152 11 170 115 -153 198 -221 -169 -164 47 204 -125 -223 -47 -25 98 29 -43 -226 -215 -59 156 129 39 138 2 221 -108 -34 25 -181 189 -52 -172 51 -107 194 132 118 -78 -101 -67 -74 -89 -121 7 88 -113 123 111 -230 -236 120 96 12 180 208 140 -18 -133 -41 -63 226 -174 -248 -127 18 147 173 -142 70 152 -35 -124 33 196 -95 235 -8 5 162 -12 200 -29 -39 114 -197 -93 191 -139 6 43 -157 -218 -15 -92 35 -54 -110 215 228 78 30 -128 222 31 -194 -17 84 148 -138 241 41 130 -102 107 145 -211 15 -33 0 149 -4 -23 -214 103 -204 75 -19 -51 223 -154 90 229 -249 -2 -60 -191 -14 110 74 -147 -156 181 -166 83 -179 -65 -173 28 -130 209 248 210 163 36 -10 177 174 234 213 49 52 230 4 239 -119 -132 -88 206 -200 -161 71 10 9 172 218 58 -20 99 117 -21 92 182 -5 100 153 -149 125 179 -237 -103 192 -233 143 -143 -94 -190 144 -55 -171 65 32 101 -104 40 142 -199 -100 154 89 188 -112 -209 20 -66 -6 69 -109 -198 178 55 224 -228 167 139 202 22 -205 79 -42 62 1 106 -64 66 -213 -28 24 -53 205 231 211 -170 122 166 -175 -106 56 158 135 155 -247 -134 23 -167 -177 -229 -62 104 -24 -3 176 -192 -216 134 -238 -73 81 -250 -37 175 -84 57 -57 -90 246 80 -160 -155 -115 -193 159 -168 136 242 -240 -224 -86 -140 -82 87 227 86 -144 -117 53 -232 -68 -135 -40 -30 91 -150 -246 19 116 244 64 61 -50 -75 126 -118 -220 225 -122 95 -36 
TEST 134 ARG:-43 3 -114 -150 248 64 -35 60 -139 -11 -47 242 -52 -14 -70 -120 117 40 -223 216 149 -79 125 222 162 159 -197 -117 -18 193 150 8 -102 -213 -243 143 -116 -31 -77 41 -5 -21 -160 -101 81 168 50 102 85 94 196 -187 -38 99 215 -108 -8 -95 205 -81 -74 -99 249 -63 112 -156 83 244 69 185 214 -220 -122 188 211 -188 -202 224 -128 7 -186 -96 243 -61 -207 230 187 200 212 78 170 57 199 186 -71 -235 132 100 -138 104 -30 -226 95 93 -46 161 -55 189 90 -91 115 2 -176 -177 -7 -115 -241 -228 240 -151 18 -32 15 231 -69 42 -58 -123 -136 180 -181 -104 71 -16 179 -169 166 218 190 -240 9 -83 126 206 -247 -24 164 -2 -185 49 194 74 122 229 -37 12 232 202 -167 -60 -214 -155 -224 -76 147 -124 -126 226 -100 -50 54 -137 -189 24 -225 86 -44 227 -49 174 160 167 110 -212 -183 -208 35 -86 -15 -13 191 -17 -168 -125 142 38 29 62 235 -12 -68 17 -48 -175 -166 80 65 -219 -40 -92 -141 -250 -127 -211 -199 140 63 -165 217 66 183 13 -191 -111 -204 96 -27 -158 87 -82 -239 -201 165 79 -67 178 -51 120 106 175 136 -245 118 -45 28 -34 148 -236 -22 46 98 208 -146 -172 89 -242 88 -105 68 -162 -248 84 146 1 113 -244 111 -87 201 207 -203 44 -9 -23 101 -28 75 14 -103 -152 21 -121 109 -222 59 -195 -80 108 -229 31 -113 -194 -107 -88 -230 91 -62 -196 -84 154 -170 -110 -90 151 45 -227 -6 134 76 -180 157 -10 -119 144 -153 -210 11 -39 -53 -75 -159 107 -190 203 210 -157 204 221 -174 53 23 -42 213 43 173 -182 153 197 -140 -78 16 -72 -216 145 -161 58 128 156 26 -25 138 19 -56 -3 184 -163 39 -209 130 116 -112 -221 247 -154 246 -173 48 176 -148 -66 -98 25 61 237 -193 20 192 177 -130 198 219 32 -231 105 72 -171 -234 -97 52 158 163 233 51 181 -73 -132 137 152 239 73 -164 -20 -179 -178 223 -1 -134 -57 -142 -118 133 169 155 -131 -200 171 238 123 -192 -129 -232 -215 -41 220 -26 -233 103 37 92 -135 77 172 228 -249 30 4 245 0 -36 209 -238 -143 -206 -54 67 124 -149 129 47 -147 -198 236 -109 139 -33 33 -237 6 70 -144 131 -89 27 -106 -85 36 114 141 55 127 -29 241 -4 5 -133 -205 -218 135 -93 -64 82 -19 195 121 -65 22 97 -184 10 -59 -145 225 -246 -217 119 234 182 34 -94 56 
TEST 135 ARG:33 -62 106 74 -165 -136 -87 226 -27 99 57 16 -204 164 77 42 68 247 79 102 17 165 -38 -244 -53 -171 88 207 228 169 -107 -124 -101 153 109 98 89 227 12 25 -174 -225 10 -236 172 -154 -115 223 -11 56 -71 142 66 -118 -100 -128 34 -77 44 112 -8 -143 71 -243 -122 -168 121 135 -2 -173 -222 191 162 -188 203 86 -209 -226 -23 61 -25 176 63 127 -86 -166 -56 15 -55 -35 171 87 -81 54 111 36 -158 179 168 46 84 65 -60 -99 -4 208 53 -130 -112 133 -198 48 -170 154 -93 -183 -85 -67 130 219 -152 -6 209 28 122 -32 -232 -220 117 -120 222 96 -207 206 136 241 175 -96 160 -66 -19 -187 90 201 -142 231 140 70 -131 137 64 32 239 236 3 -76 100 -167 170 -237 -125 -42 -189 -242 184 195 230 -195 73 78 -217 -49 177 126 -13 -22 197 229 -98 -7 93 -230 155 39 -80 158 -200 -197 -79 194 76 -103 -210 -186 -40 -21 110 -132 101 -12 94 -228 213 -114 -240 -185 24 -116 -69 35 -211 -15 -212 26 178 45 -148 -84 -150 -145 -83 244 -44 -1 -190 -89 198 -30 -50 -239 132 -155 -141 18 224 211 -178 -14 -117 52 -219 -16 -246 -97 -82 -163 92 114 -169 -10 182 22 -193 91 -221 -9 -108 183 -95 -105 -94 220 243 123 -151 -153 -59 138 139 -133 -46 -235 43 161 -73 245 107 216 -75 -161 233 -48 -92 -224 196 81 -64 -159 103 -74 193 7 246 -146 21 -248 124 235 205 225 69 134 120 -58 -137 -250 -111 151 14 -51 -126 -149 -180 -17 2 51 -135 -139 6 -43 -249 -231 180 -229 5 -199 214 1 -202 143 115 -214 -129 -90 41 -26 -127 -121 -138 118 83 159 -175 -194 -39 -192 156 -234 38 147 149 -247 82 80 181 60 128 192 -181 -36 -47 -184 167 237 -160 144 -182 -215 -88 13 -68 108 202 -106 163 -29 190 29 -216 -63 148 4 -164 113 -28 -18 -201 -34 -203 47 141 8 -45 -176 11 -41 104 95 -110 20 37 116 49 212 -37 -177 105 -147 217 234 72 -72 -119 -57 -245 -196 -3 -24 -31 157 -78 -206 221 -33 152 -140 40 -191 50 173 186 75 -54 -241 174 -61 145 -5 150 -205 166 85 97 -104 200 -208 -218 -162 -179 27 -123 59 55 -70 119 67 232 0 125 -156 30 189 -223 -157 -144 146 -213 131 -20 -227 249 187 240 -134 23 -172 -238 9 204 129 31 242 -113 62 248 -102 218 -91 188 -233 -109 185 19 238 58 -65 -52 215 210 199 
TEST 136 ARG:-26 -158 77 -217 -95 127 -220 -214 -29 173 111 -4 29 187 235 -100 -42 230 116 17 -131 -137 -35 9 -248 211 165 -38 -138 -78 67 231 82 154 -236 -111 93 86 -206 -191 147 -63 206 -114 -129 88 218 227 166 -181 177 74 -76 -245 214 16 -9 41 -106 175 186 238 -164 45 -196 -74 199 96 -51 -6 55 -98 -209 -204 -94 208 31 119 -41 -141 -194 11 -156 -223 -85 185 -36 -162 -140 -28 -112 -148 205 113 35 -226 197 -249 216 188 -81 97 -186 -203 -48 95 34 158 -208 98 198 -69 100 -101 -180 115 -12 90 182 -153 -65 -13 -34 -170 -118 21 4 19 248 -53 -241 242 -139 53 -212 122 -154 22 -90 -198 0 -188 -64 105 236 3 28 -239 52 -190 -142 -143 14 7 39 -232 -195 -246 120 -15 217 -229 -5 -150 232 240 92 155 204 179 -107 148 -93 -70 143 -201 -96 -109 228 -49 139 181 176 170 62 -50 -207 1 219 -88 -133 -242 33 108 -11 -159 54 -238 -79 104 -240 56 -2 -174 171 -144 -33 213 -222 58 -168 99 128 129 160 -18 -124 -57 233 189 -31 106 239 -135 6 -87 -62 -66 -219 -32 -120 -185 8 -152 133 -199 -23 -216 -20 83 117 107 -122 -46 180 -75 -179 -1 -8 -123 75 -40 -27 149 141 43 78 -127 126 -160 -39 -218 -210 -17 226 -86 223 -16 159 -84 245 152 162 153 27 144 48 145 -224 -167 44 136 225 184 59 101 -244 73 114 -77 156 -157 46 -14 -192 191 196 -73 -119 190 79 -146 94 72 118 47 84 -103 -230 -147 64 -130 121 203 -243 -231 -125 130 -173 63 -197 -151 247 36 -116 -43 -184 178 76 102 -176 -19 -161 -171 174 -178 -126 142 -52 -237 -30 -71 150 246 244 137 210 60 -215 5 80 30 32 168 -193 -80 124 -58 87 193 -183 85 -175 -24 -59 51 -163 123 -45 241 -44 -169 -25 221 169 -113 -110 -225 140 40 18 209 26 237 70 125 243 81 -22 112 89 -56 134 -61 -10 -182 -136 -89 157 -134 234 -7 -83 -102 229 24 -91 -3 131 57 -47 -60 -234 207 151 2 201 -108 20 -128 -92 163 192 91 -221 212 220 38 -105 183 -177 -104 135 69 -68 71 66 202 -37 23 249 -82 -54 37 -200 13 -172 -213 -132 -97 68 110 -189 -165 -121 138 -233 -227 25 -72 215 65 12 132 -187 195 200 -247 -228 164 109 224 194 -99 50 -211 -235 -202 -205 161 222 -166 61 -115 -155 49 10 103 -21 172 42 -250 167 146 -145 -55 -67 -117 -149 15 
TEST 137 ARG:-206 35 -88 -101 95 184 134 -24 47 189 246 -155 212 -218 -99 99 -83 -140 141 -54 68 -191 151 29 -41 -174 -50 -48 10 -195 -109 69 -144 -80 48 162 218 -42 -171 155 -137 89 -71 73 -142 90 115 -115 -35 -49 -40 103 -230 -238 135 27 -20 233 62 118 -22 197 8 238 -235 -159 -38 -161 26 74 130 22 38 241 -182 -213 -216 -90 172 -163 96 -202 -64 63 -81 -168 9 -31 230 170 -30 205 79 -63 240 -175 78 97 81 249 -134 -3 -121 -119 -7 193 -27 -145 -214 76 121 0 -205 -164 126 194 -89 -149 211 14 229 50 -13 248 57 -207 174 -152 -67 -146 -14 202 -87 85 80 181 191 -6 67 37 84 -52 -162 -61 20 152 221 -233 -72 132 -240 93 -110 -62 207 -221 -177 32 40 46 120 173 -131 -151 -43 -79 -126 231 108 -9 113 -165 -158 187 66 -189 183 -2 210 -130 -148 144 164 -34 137 157 139 -75 128 196 55 -91 41 219 -192 -97 -112 -204 -160 -197 192 -55 28 -194 129 -118 58 148 228 -188 -247 239 242 -122 -186 138 166 -153 33 -236 -10 -51 168 143 -125 190 226 112 -46 -103 -124 17 -117 127 -4 179 -201 102 -170 19 -66 -225 177 140 83 75 -154 3 -94 -157 25 -70 -86 61 -231 -104 70 208 2 21 -73 -138 -133 82 -143 163 117 42 -241 -167 -108 -193 -82 -8 -65 18 149 237 -47 -246 131 60 182 -18 -183 1 165 -39 13 -29 -210 65 -100 24 200 234 91 -217 -179 51 106 -102 -199 -77 171 -232 16 125 -196 -248 44 169 94 36 -106 -123 175 -5 -239 243 124 -184 15 110 -84 -169 217 -234 86 -95 -222 235 30 159 64 -32 -74 -113 -44 -185 5 34 -114 188 -105 -26 -178 204 -147 -1 -237 -56 109 72 178 206 -92 -59 167 114 -226 -45 -212 185 216 -150 213 224 -172 7 45 225 -58 -128 -116 -23 -36 43 31 -211 -229 147 -209 -135 245 156 -136 104 54 -166 12 -242 158 116 119 -220 -243 133 -25 244 -203 105 -69 -33 -245 -141 201 -107 -68 -139 -181 -250 -223 154 39 232 236 49 -219 4 142 -180 -187 -244 -198 199 -15 203 59 160 -96 -208 223 -60 -228 98 77 88 -28 176 71 222 -215 23 195 -227 186 209 146 -249 -111 -120 136 52 247 161 -57 227 -37 -85 11 111 -200 -132 -93 145 -76 220 -127 87 -11 214 6 -176 -53 -224 -78 -190 153 122 101 -16 -129 215 -12 -19 180 123 56 53 -173 198 150 107 -98 92 -17 100 -21 -156 
TEST 138 ARG:-236 -174 -10 -64 236 146 20 -155 133 -7 -220 -62 32 -19 -35 165 -20 221 184 -78 1 14 222 197 -17 -9 -247 28 -96 -23 -185 129 61 -158 67 128 25 144 -177 -41 -143 -181 -119 106 -56 -79 175 -43 107 104 178 180 -66 140 136 -172 -98 -77 232 117 125 57 115 80 74 59 -106 -67 -196 -159 -232 -110 -105 -198 -102 142 219 39 -241 137 -179 -164 215 -201 -186 -235 -40 203 -134 -126 -31 -249 21 -160 75 -34 233 242 -166 191 -37 166 118 86 73 148 97 -242 143 96 -75 -227 114 -55 -229 126 71 -22 -173 89 194 -117 185 -33 -63 93 -136 -50 -132 -72 -112 -38 26 -81 -100 150 17 -184 -118 -200 -53 -52 -90 -183 -113 11 84 -218 -128 -107 68 -153 -104 -151 172 168 113 -125 70 -4 -71 -122 36 29 108 -120 8 -187 42 -152 -13 -6 -170 124 195 110 10 171 -82 47 -204 -109 -203 -101 205 -93 -84 131 -188 -85 246 -76 -94 7 216 -182 -95 101 -133 38 -130 18 241 -83 200 139 159 192 9 190 -129 -11 147 -48 105 -5 -238 145 240 116 -243 -239 120 218 -150 209 72 -51 -97 -211 50 -73 169 230 -244 13 -147 30 238 212 156 85 -61 204 -240 -246 223 -205 98 213 162 -103 27 -87 15 182 151 152 214 52 -194 -14 201 37 58 60 65 237 51 174 -88 40 -171 -149 231 -145 229 206 -157 208 -225 177 -60 -99 -92 -154 188 -30 228 -208 -214 -233 56 -91 198 24 -86 41 78 -115 138 127 -206 -163 -69 -202 88 92 -189 -176 249 119 160 -209 95 -195 -26 -28 234 141 83 -190 79 23 -221 43 -245 -175 -207 243 -216 33 -42 -32 158 161 -18 2 -180 49 173 87 199 -29 -57 193 4 -36 69 245 164 244 -192 217 -124 239 -162 94 227 155 226 123 22 -47 -144 -89 167 -16 -199 -121 211 -191 -131 -223 -111 12 157 19 -46 54 76 170 -21 -12 -234 -224 -25 149 -212 -167 -123 -15 99 -80 64 -226 176 163 -127 -141 -108 247 -114 -142 -116 -8 62 153 34 181 66 -58 202 186 154 53 -140 248 135 -169 -178 90 6 -197 207 44 16 -68 63 -54 -65 77 -138 45 -39 -146 -237 183 235 91 82 3 81 189 -230 -213 -217 103 46 -3 35 -49 210 109 132 -139 -222 -2 55 225 0 122 121 -156 -219 5 -137 -148 -59 -215 -70 112 -74 -165 -248 31 -210 48 224 134 196 -45 179 -193 -1 111 -168 -250 -161 -228 -24 100 130 -44 187 -27 -231 220 -135 102 
TEST 139 ARG:-223 -221 -123 -73 -249 -60 38 -68 -164 27 77 144 246 66 121 30 -81 17 152 33 -216 0 226 -127 167 -248 -16 -100 -4 239 -37 169 192 -122 -28 -89 75 24 -157 -146 211 205 212 -15 -194 237 -128 204 221 -64 -113 -103 74 -19 -47 -141 -214 -245 240 177 233 42 -212 -27 98 -61 -193 18 -66 -240 171 -92 -112 -190 -79 7 -205 -21 -42 -209 -17 219 -125 -3 50 -20 59 138 -76 -211 -75 39 -202 -220 -36 -191 -234 236 26 -238 -173 -40 88 -166 -56 194 215 64 243 187 -41 -88 -121 -98 191 -222 -51 67 -7 199 -6 158 -250 140 -160 19 129 -54 -101 172 207 202 241 -94 147 -219 -178 73 -117 160 36 -110 -48 -62 44 235 -52 -185 -229 175 -45 115 -1 90 12 -208 -96 -171 -137 6 -170 23 232 -49 217 -108 89 149 198 105 13 -109 -83 -84 242 -244 249 -179 184 94 -63 145 151 -153 -107 29 -201 -168 28 124 139 206 -151 -58 131 -35 11 -242 -232 -187 -102 92 224 157 61 25 111 178 -38 -131 162 85 -8 -155 -207 65 -30 -239 214 -95 22 70 96 1 -31 228 91 -114 -235 -10 155 -106 14 234 -77 225 -143 166 -132 5 8 -34 -80 -46 -228 -126 197 -148 113 112 -210 -90 227 174 -225 245 125 154 193 -138 -189 195 185 114 79 -116 -140 -237 84 -169 -243 209 47 -184 186 223 -53 15 222 54 159 -12 216 107 -147 -233 -180 -181 32 189 -39 -183 238 -175 -167 -70 133 52 126 244 -26 -33 165 -130 31 -29 -217 132 60 -247 -118 -135 188 -145 87 180 248 143 -2 -156 -14 -152 58 -198 2 122 21 -22 196 -231 -57 -55 -9 -176 150 104 183 35 -227 168 -182 -50 102 72 80 -71 127 -91 -163 57 -188 128 -69 45 -154 -192 10 163 43 156 -82 -226 -86 201 -119 63 81 170 95 109 -115 -44 134 -134 -32 200 -124 203 -11 -246 137 78 -203 -136 -174 123 68 213 -23 -105 230 3 108 83 100 -195 62 -224 -78 -158 -59 -74 48 -200 -204 118 -162 -25 -159 146 40 231 -93 -177 -120 179 116 -213 135 56 -186 229 103 -144 136 76 117 41 -133 218 -5 -165 -111 16 -13 -72 141 119 -172 130 -104 71 -129 164 -87 220 -149 -236 -197 -18 -24 106 247 -97 176 110 34 20 -67 -99 -139 4 190 -161 148 82 -199 97 181 51 69 -241 -206 37 -43 -65 9 -230 49 -215 142 -150 -218 101 161 53 208 93 182 55 -196 -85 86 99 210 120 -142 173 153 46 
TEST 140 ARG:-1 -133 -79 21 -159 205 -138 -247 -164 -227 -5 -8 -110 -240 121 188 107 -231 -84 38 -14 -217 -140 106 27 203 -148 -194 79 49 178 -15 -86 245 -188 241 45 -158 181 -193 172 90 -30 80 -156 108 239 -248 111 -181 -185 43 -184 -13 -202 -51 175 24 244 127 -243 -31 -173 150 13 92 -207 37 151 -167 186 -32 163 28 204 -204 133 -225 -82 148 -70 -97 64 233 -157 115 83 -135 -221 -100 -244 14 218 -9 -147 190 138 -168 88 -246 -134 -170 41 200 -175 76 157 -162 -139 -115 236 -178 -55 17 -43 -25 52 -124 -85 215 -128 -57 -99 -103 -2 89 161 128 -117 6 -3 156 171 -190 110 -143 -6 125 243 -94 101 -101 183 208 -224 -235 -50 -144 199 -191 -136 -21 166 187 185 -239 42 51 114 -213 -142 -75 -201 93 -151 -113 197 81 -29 31 -89 234 -154 -195 226 -45 -77 -76 -206 182 153 168 -125 39 25 71 -229 -182 -236 -118 -198 -212 0 59 68 104 154 -37 -176 -123 20 -177 -160 -73 103 -80 -26 201 63 32 165 -219 237 -49 -114 217 -210 -90 58 -119 57 56 109 -226 219 86 159 -130 -12 26 96 206 229 180 -23 -211 123 -10 -127 173 -59 144 -109 -107 54 -93 191 232 129 -222 -132 -233 -92 -74 -41 69 -174 -245 249 62 -200 -36 -48 -165 164 -52 192 -88 -96 -163 -230 216 82 -33 -53 -152 -126 228 134 48 169 70 -35 189 222 -56 227 158 -241 16 100 -238 -105 95 117 155 213 160 -172 -7 91 -208 -40 -24 -102 -34 15 137 221 12 -187 -68 34 65 4 231 136 -39 84 8 -153 -120 248 194 214 179 212 -17 139 145 113 -196 -27 -54 23 -83 -250 -121 -108 210 147 -81 -67 140 61 -111 9 -203 -78 -44 116 55 1 -122 7 220 99 66 -150 -192 -155 36 176 -141 -171 223 193 132 -62 -58 102 242 29 118 -146 -186 -11 -38 -169 247 30 -220 46 211 -42 97 -180 120 -22 184 -116 -129 -242 -199 94 238 -228 -232 87 -131 -4 240 196 -98 -46 130 167 -112 98 11 142 44 77 -63 143 3 126 -18 53 5 50 -214 -64 -66 -161 -205 73 152 -189 -106 209 78 67 -65 -218 135 224 33 119 -16 74 -197 198 141 -166 -234 -87 149 -61 162 -71 -223 -19 105 2 177 -183 -216 246 122 235 -145 60 -72 19 124 40 225 174 -60 195 112 207 -149 -179 85 -91 22 -209 -215 -47 10 170 -95 -249 -104 47 -237 -28 131 230 35 146 75 -69 72 202 18 -20 -137 
TEST 141 ARG:-216 -173 -175 -191 75 247 140 -33 -169 -241 220 -22 54 167 -100 -246 43 154 69 -207 35 179 85 122 10 -85 -107 -235 116 -234 182 -69 37 -167 -48 -19 112 -121 -124 115 236 -35 231 84 22 -104 -128 146 -194 71 104 -2 -139 -172 126 -227 246 -204 -94 193 188 -43 142 134 160 213 -9 -80 15 59 -91 -67 244 219 -184 -79 -138 149 -127 -164 94 -166 185 -219 -29 168 171 248 180 47 -74 223 16 44 -245 152 72 -60 21 -81 165 25 -189 -7 175 101 -160 7 -180 -199 131 172 -123 233 107 200 169 40 -195 -192 174 186 136 -182 -34 -44 -206 -103 158 -140 -92 221 208 86 -45 -222 -78 33 81 65 -89 52 -161 222 99 -66 -63 -170 46 -202 153 92 -231 -159 89 -47 -37 -224 -112 -232 239 -178 189 166 109 -73 -82 130 114 -54 -36 121 -61 129 38 111 -119 79 73 76 108 -125 -57 -135 -248 211 -131 133 -6 184 -143 -148 -205 -20 -122 49 58 -77 -193 -12 195 -213 -38 141 209 56 -238 110 -24 -171 67 -26 170 26 95 -21 -59 106 150 -76 -118 50 -187 -146 -239 -163 91 227 187 190 2 -208 -3 105 13 -215 -126 1 183 28 -83 243 -25 -212 -41 224 -162 157 176 83 125 -18 128 -1 -51 232 144 -95 216 -15 132 143 -145 235 -87 -17 -105 -157 90 -75 -120 217 -109 242 66 148 117 210 98 202 -13 34 97 -151 -249 62 -97 198 -177 199 -229 212 -203 238 45 249 196 -102 -32 -226 -106 -211 -55 -30 -209 245 -111 -174 162 -116 48 12 9 -110 82 100 -86 -84 -62 -244 -16 177 191 206 -136 120 237 -28 197 6 -223 135 -233 218 -50 -72 214 -132 207 -52 96 14 -197 39 -155 29 161 53 63 -40 138 241 -90 -10 -183 78 -96 -154 -129 -65 32 -23 57 -27 113 192 -49 30 11 -64 205 181 68 -168 194 19 228 -71 127 -200 -185 -113 3 -153 230 124 -147 -243 61 178 -196 -114 8 -88 20 151 -214 -8 139 -115 41 215 -176 -56 164 -117 -198 -101 -133 145 234 -149 -150 70 93 42 -179 -242 102 17 27 -53 31 159 -250 -68 -130 77 -210 -156 -31 18 -236 -46 -228 24 -217 123 -11 103 -70 119 -144 155 -99 36 -240 -158 -39 203 -190 240 118 23 137 -201 -14 147 -108 0 163 80 -237 5 201 -134 -225 55 74 -141 60 229 -186 -181 173 204 -5 -218 -188 -152 -165 51 -4 88 156 -42 226 225 -247 -220 -98 -230 64 -58 -93 87 -142 4 -221 -137 
TEST 142 ARG:-31 239 158 211 -176 43 184 -41 -99 237 120 -95 -109 -61 183 -53 111 -15 114 -70 -196 -141 42 -217 -200 -59 157 -62 105 -241 -30 -249 -239 80 220 19 134 149 92 194 33 -161 176 -244 161 91 8 -219 -190 -43 14 -35 -153 210 -16 -11 150 192 -102 95 -56 -233 -150 180 73 72 -60 -248 123 87 26 78 -71 -76 32 -132 -106 -25 -212 191 -214 -98 60 -48 230 169 -147 -12 -159 -107 138 71 117 -140 -155 -22 -187 222 -45 -138 29 240 209 48 177 186 55 4 97 47 25 223 -220 9 241 -23 199 -223 38 162 1 30 -29 236 -28 243 99 -148 -171 -130 -74 217 -230 -137 -177 -111 59 -97 -75 137 182 -32 -79 -3 61 -127 67 -197 -173 -185 52 40 189 -192 216 -63 119 -91 122 142 -202 -21 196 86 -209 -144 205 -170 -129 141 127 219 -88 -85 45 6 -154 -24 24 -114 88 -225 -20 13 204 202 -103 140 83 -160 -158 -229 12 -37 -167 174 -240 -81 -232 27 130 121 79 34 234 102 198 -238 15 75 50 56 -58 -105 172 -6 -17 -211 -14 23 0 190 -189 -83 -19 -237 -194 227 -231 -123 -184 -119 -42 -182 62 -195 232 242 248 22 -149 101 165 -13 -118 245 231 17 164 -125 -10 -203 -243 76 -172 238 90 -38 -221 233 -4 178 -44 104 68 -27 -78 171 -222 -227 5 -156 229 148 -2 224 -175 131 -162 -82 46 247 11 -169 -40 -216 -235 20 226 57 -226 -133 44 -163 235 36 197 -64 -157 116 -247 218 28 37 206 -7 -168 77 109 -128 -145 89 -89 -49 98 -69 -178 100 53 225 -208 228 51 58 112 -179 -72 -180 -117 -242 107 -101 -151 -8 -77 -188 -116 -46 -68 -142 195 35 -181 188 85 103 -94 10 -93 203 213 -131 246 179 -92 200 115 207 -80 214 -100 -207 -152 143 139 -33 81 126 173 -66 -146 163 -54 -87 3 146 -165 94 208 66 65 -228 159 -122 135 -67 -124 249 -115 82 31 -26 74 144 118 -9 -135 54 -174 170 -36 181 -57 -143 70 -205 -245 -126 96 -121 18 -112 125 -215 -134 69 129 185 110 175 -210 -193 128 -18 244 -5 145 132 -213 -113 49 -136 7 63 -183 133 -246 167 187 -65 152 -236 136 -84 -47 160 193 93 -164 -86 124 -55 -218 113 108 -104 -96 -199 -206 -191 64 151 84 2 41 39 -166 -201 166 -51 168 16 155 -204 -50 -120 221 -73 -139 106 201 212 -34 -234 -108 -90 -110 154 -1 147 215 -198 -52 -250 -224 156 -39 153 -186 21 
TEST 143 ARG:-201 -128 -170 -243 -214 117 -225 74 -229 -70 -9 -178 -250 173 7 83 106 27 -194 148 -93 -181 -90 -43 -2 -143 39 15 -17 -37 -13 124 2 235 158 -49 -15 -139 -10 -205 247 232 -207 55 -72 78 69 -216 -65 186 82 151 -156 133 44 157 21 98 153 176 174 -96 -31 -218 8 -69 -217 135 192 197 144 87 195 -165 -112 191 -210 -85 156 18 219 222 -166 24 -145 -135 -154 -220 -81 189 -240 -226 -187 -157 76 141 43 -190 79 63 1 36 230 238 123 -103 225 -155 -141 -232 -200 -171 168 204 140 -24 146 -125 136 23 152 -18 31 -23 -152 212 129 -62 50 -106 116 -132 -238 25 13 -150 -66 -244 163 -231 114 149 60 28 -97 -247 -198 56 -197 -34 -177 -99 -148 190 210 132 187 -219 206 -59 166 -212 85 198 -151 201 47 223 205 112 -1 33 -228 -5 22 214 -144 203 245 -206 211 84 -92 -175 -241 -167 3 231 -211 -237 29 -29 131 175 248 -83 -4 108 -35 -202 0 138 51 121 -102 -116 -108 -126 188 221 227 -136 61 234 -235 -6 17 228 -127 139 -230 208 89 164 -163 -115 -12 125 -30 -123 -208 90 -176 -192 -122 -77 194 177 172 134 34 -71 -88 -3 45 -179 -221 -117 -153 -188 -79 97 -14 240 -185 -20 -73 -248 145 -98 242 -82 95 -21 -162 71 -164 155 102 80 -149 4 40 178 59 161 -11 -32 75 246 58 -56 -60 224 -236 226 -239 183 128 202 -182 -61 -146 -195 -129 -147 105 -78 -51 38 -189 111 179 218 199 159 -104 -94 -196 -222 -246 -87 -172 -48 99 -110 103 66 147 -45 -16 241 -57 109 -158 100 -44 10 200 185 42 -58 182 -40 46 -25 -224 -33 213 -124 -159 73 -137 -75 126 -42 -174 65 -161 -140 -131 -191 104 -95 -213 70 216 88 196 -227 137 26 -74 68 -180 -91 -53 -234 209 165 9 35 -52 -63 11 54 20 96 -113 249 -119 49 32 236 119 122 -39 181 -204 -114 -138 -7 72 92 -8 154 62 -242 -199 233 -22 -86 143 -245 107 243 115 -215 -80 93 -36 -142 -38 52 37 239 167 -101 -100 217 244 -47 -28 64 12 -111 -67 -130 169 -173 -19 48 -68 101 53 57 171 -134 180 19 67 -249 94 -183 162 30 86 184 -76 118 237 -133 -46 110 130 14 -107 -89 220 -54 207 120 127 -160 229 -64 41 -109 -209 -168 150 81 142 -41 113 -169 -120 170 -186 -203 -121 5 -55 -184 -84 -118 -105 16 6 160 215 -223 -27 -26 91 -50 77 -193 193 -233 
TEST 144 ARG:-240 -156 -45 -149 217 -109 -143 88 -173 -18 10 -152 -73 -249 -245 -244 144 240 178 159 132 -184 49 -127 176 41 163 -191 -51 28 222 -35 195 -87 6 -77 -23 208 249 145 -141 186 235 -126 13 105 -84 7 165 -82 77 229 -81 -175 -187 101 -44 -209 -121 -63 -3 19 60 207 -9 -204 247 160 189 197 118 239 -97 126 -144 -186 203 -228 -200 234 187 80 -114 -125 -160 230 -119 -47 -122 -27 166 171 241 115 -10 36 -88 -55 -219 37 146 92 -214 -171 -197 169 -115 181 26 12 -207 103 -46 -132 -52 -233 183 -123 -39 -129 20 -120 244 -224 -29 -31 236 -5 205 -113 -65 -118 -182 -34 226 -194 -70 221 -166 -213 122 140 -85 -36 -247 -12 -71 133 65 16 -157 172 188 218 -198 129 -162 15 -30 -1 44 138 87 -139 -93 85 14 192 215 -168 -199 -50 156 -242 190 -208 -177 56 -170 110 223 -37 116 -24 131 199 149 -74 90 75 -110 -180 137 184 -8 -134 -16 -159 79 -154 -17 83 202 136 -239 -91 231 154 69 -42 243 158 -165 -103 124 -179 -92 53 238 112 -62 162 -43 -222 -57 164 -136 180 30 42 135 29 -234 9 -95 -161 -67 32 121 74 179 -145 18 225 -76 33 174 -250 -185 -174 -223 -203 31 38 25 -202 51 -188 113 157 59 128 153 -230 182 91 93 -124 24 168 0 -183 -158 130 -217 73 50 -117 70 71 -225 3 -142 23 39 177 -227 107 143 -83 66 -181 -112 -11 -49 -13 -40 -238 114 -164 -94 194 54 193 17 200 -196 -78 -215 214 106 89 -206 242 -53 -155 -79 -15 -20 -72 40 -216 2 -241 -106 -100 -212 -33 99 -221 96 -218 63 216 -19 -98 -128 -99 191 46 108 55 -148 142 94 -107 109 237 -104 35 -153 167 102 100 173 -178 -195 134 -226 -137 -131 -237 196 -96 147 -101 -68 22 98 21 78 -75 -232 151 34 82 -111 141 -140 -28 220 -192 175 -231 111 72 -32 -210 48 -25 43 213 -60 201 -135 117 -130 210 152 104 -59 -146 227 161 45 -189 -56 -116 170 47 -133 -22 86 245 219 -193 211 -169 5 120 -229 -69 198 -14 52 -190 123 -163 97 -151 61 -86 224 150 -235 -80 233 -150 -61 228 84 248 -220 -58 155 -2 -41 -147 8 67 -138 -102 76 127 -205 57 209 -90 68 -246 -248 81 246 11 -7 -89 -243 -172 204 125 62 -167 -38 95 148 232 -236 -26 206 119 27 139 212 -54 -66 -105 -64 -201 185 -211 -4 -21 -108 -48 58 4 1 -6 -176 64 
TEST 145 ARG:93 -140 133 -89 -86 137 206 -156 95 21 -79 202 -62 -42 -17 91 -37 -100 -216 6 67 179 -64 -28 -120 83 -217 245 -23 -36 81 215 66 -134 152 -27 -76 -19 74 -129 -184 233 -211 52 70 -104 -108 219 -41 192 -54 -233 243 236 -199 -157 -163 31 -193 -190 -174 181 -50 33 -45 -25 84 -109 -118 208 -13 -239 -88 146 246 -119 142 -164 129 -61 -150 220 -214 118 -169 140 4 -53 232 -3 24 -16 -93 25 -166 -154 90 -136 42 153 213 109 -206 -155 47 231 -210 -60 -117 -46 89 53 100 -192 134 -181 -171 209 -51 -160 241 -35 182 121 -26 174 204 5 -63 41 123 -85 180 72 -152 46 203 99 27 -72 -250 19 -7 108 -116 36 -189 -158 23 122 183 -144 -73 10 -97 -65 -78 -114 115 -68 -95 216 -159 38 149 -187 -227 -10 -110 214 224 106 71 -96 -138 -77 -137 7 -132 -248 -218 -131 -113 221 85 11 -173 132 -82 2 -186 -209 -38 -128 -122 86 16 -139 0 -29 -1 -229 148 39 126 186 -102 207 -103 139 222 154 211 151 228 -230 101 127 -6 -107 117 107 -80 96 -115 -195 -161 150 164 173 35 -200 165 -84 -71 172 1 185 -67 -178 32 -111 158 -165 -125 -126 200 -241 -202 12 -222 82 -245 -149 -130 -145 -175 143 145 44 -168 -34 29 194 -8 37 -220 -21 -207 -188 -238 -24 184 -197 34 190 229 249 -43 -57 -148 -59 -221 59 -236 -215 197 239 -198 159 102 -249 -90 97 20 135 -247 -226 -201 -231 48 -39 58 156 247 161 157 199 205 -204 -237 -223 223 73 -246 63 -55 234 -172 103 -179 -47 -11 -9 171 -185 -124 54 -20 -44 -18 -234 78 -52 -74 217 120 167 -203 244 80 -196 -15 163 -4 162 -112 9 76 -147 3 227 196 -232 62 218 18 94 88 238 -121 -81 -98 -242 64 -22 50 98 51 210 201 -75 138 -123 111 43 178 45 61 116 26 168 235 56 176 -101 57 -30 225 -56 114 -31 -12 60 155 -99 212 77 112 92 -142 -240 105 -87 242 -106 14 -182 237 -143 -167 30 -225 79 130 -235 15 187 175 -141 -243 -105 226 -58 -176 119 -219 -40 -94 87 113 177 -66 195 65 -162 -170 -32 69 40 147 240 -205 -127 -48 -33 189 193 -70 8 -69 198 169 -133 144 -5 188 -135 28 17 -208 166 -49 131 68 -228 75 -151 -224 -91 230 128 -2 -146 22 136 141 170 248 191 -83 -14 160 -244 -183 110 -180 49 13 -153 -92 -212 124 -177 -213 125 104 55 -194 -191 
TEST 146 ARG:-220 160 117 -191 104 194 -103 -154 -107 184 -184 -71 243 -34 -240 -176 -22 -41 119 -70 106 199 -193 76 -215 7 -61 50 -160 216 -11 39 -243 122 56 -47 28 84 136 -234 118 73 -60 -231 -222 157 181 124 -30 123 -92 2 179 101 -75 -132 88 -196 -147 -183 -18 -69 -178 -213 153 -208 -116 -242 240 -26 -31 -226 121 25 182 233 -90 36 -2 -97 -133 132 145 -99 -237 -235 -55 -167 -138 83 74 12 108 222 -49 -51 198 195 208 -238 188 33 -123 230 223 162 185 -101 146 103 -142 92 -21 8 -144 -35 -245 45 -148 205 -32 150 -195 64 129 -228 -108 6 -96 236 -53 197 -105 24 -128 -5 87 -15 249 215 67 229 -157 -42 -63 242 77 26 -48 -115 -131 212 -230 154 -248 60 148 -16 -43 -221 69 -247 -124 -204 -86 -192 -181 144 19 -27 -74 97 -145 214 143 -229 -223 114 -87 99 -152 72 -125 113 225 -207 86 62 90 -203 20 14 53 217 206 -84 -111 -146 -199 61 -68 175 -202 -72 68 85 5 246 116 -156 -232 221 -29 57 49 15 -64 -28 -155 -113 156 169 177 -161 -168 -211 40 16 31 -218 196 109 -212 168 147 218 100 -14 -50 133 -162 -78 158 -206 141 -9 34 -80 176 -89 -94 -46 96 -143 21 163 51 9 127 140 131 -194 27 112 115 48 -77 -119 -37 219 -209 38 -100 170 -244 -127 -114 -36 165 -40 235 -150 209 22 226 -82 -172 186 -120 -139 -98 18 191 71 -19 189 13 95 207 -153 180 -173 -3 -185 -10 -158 232 -171 -210 -187 46 -66 -241 167 98 -141 -182 142 105 -67 -4 166 -166 11 -57 111 -198 -249 190 178 -23 -140 134 1 -59 -12 -106 -189 -180 -151 138 54 183 187 244 192 -33 79 55 -118 -134 -174 4 23 37 135 -104 139 -1 159 128 -44 137 203 -73 -62 247 151 -250 10 -200 -177 -170 237 -205 -39 63 -38 238 -190 201 174 44 -239 -188 -95 102 -91 -149 -126 200 65 -85 -81 -219 -236 47 149 120 126 -175 32 -163 59 -56 -83 245 152 -20 75 94 130 -227 -137 42 -164 -121 -93 -110 -129 231 234 -8 224 80 -186 213 193 204 -7 -135 -58 82 227 211 -76 -225 -112 171 -88 220 -6 -169 125 -65 70 43 239 -136 -201 -246 -79 -165 -179 164 -25 -54 91 -24 110 202 -224 -117 -217 66 93 228 52 -52 -214 -13 -233 248 3 155 89 161 35 41 210 -109 -17 172 -45 -102 81 -130 -197 30 17 107 78 0 241 -122 58 173 -216 -159 29 
TEST 147 ARG:-34 -64 45 42 149 165 -42 -184 225 -140 152 -149 -17 -73 -139 158 -137 231 194 124 -204 191 -15 240 19 176 97 -163 190 29 192 -31 115 -199 -51 118 -106 -192 -118 -119 -58 4 32 -124 107 -32 -92 128 -79 -116 135 -225 219 88 -113 87 197 -208 43 -231 125 51 93 -1 -33 85 12 -131 -25 150 -102 -7 133 -164 -247 76 111 -132 -111 187 223 193 242 -5 -217 55 -72 166 -219 -27 78 -104 -238 140 163 -110 -38 -232 -220 169 -228 -143 -62 -156 -66 -83 -157 -18 184 -63 -48 -82 -241 48 186 30 94 -4 -226 -250 113 35 -243 77 -53 -126 -26 112 217 -168 215 -130 -70 -43 13 -90 -244 49 1 -222 -115 173 58 -182 26 200 -123 -205 144 -8 164 -75 69 68 -248 -88 -95 132 -201 105 238 -134 -158 199 -85 -19 -13 -138 -121 -11 -249 120 74 65 210 134 117 82 167 189 -2 236 130 -165 248 -213 -190 226 110 53 -194 96 6 -114 145 -237 11 -200 218 245 -86 -60 247 -78 -16 -154 8 172 -212 109 80 5 -81 54 -120 95 162 50 -181 139 -24 -166 98 206 -3 106 60 185 -103 -39 -141 156 114 62 159 -223 37 22 -117 171 -101 241 -12 -136 116 7 -97 73 100 209 66 213 75 -133 -229 57 -6 198 249 229 211 -109 -202 -178 207 147 -180 182 -187 -161 -197 -214 -239 -100 -186 -188 56 -153 91 34 18 -71 -9 20 -183 -173 -69 36 136 -155 183 102 -172 44 122 155 104 -14 123 -47 0 -150 47 -235 -224 -175 -28 -203 138 126 -128 237 177 -67 24 52 -198 -227 81 201 -36 -46 146 -211 202 -10 61 72 -91 -94 39 221 14 -107 64 -56 -152 -176 28 -144 224 208 -245 -49 -179 180 127 -191 -147 10 46 -127 -146 -93 -151 -89 179 196 -177 137 33 16 67 -174 40 195 121 -145 23 21 38 -76 -108 -206 27 -207 -196 243 153 -80 -87 174 9 -135 168 -41 227 143 2 108 -185 -171 232 -30 -50 -246 -162 -142 -234 89 -216 63 -35 -98 141 230 -210 234 -195 -37 17 -68 -55 178 15 -189 -122 235 -233 -215 -230 -240 -29 59 244 246 -40 -61 181 -99 160 -193 228 25 -105 -74 -209 233 79 -170 204 103 -96 -242 71 -221 70 157 148 220 90 84 170 203 31 -236 -65 119 216 -54 222 154 -20 -125 212 -57 83 -129 -59 41 -112 92 142 -77 -21 -84 -159 -23 86 101 -52 99 -218 175 161 -169 -44 214 -22 205 151 3 -45 129 -167 131 -148 239 188 -160 
TEST 148 ARG:9 -87 -154 -29 129 35 -114 -93 -236 68 229 60 43 0 6 162 182 -59 120 -145 -166 -73 -88 -14 78 111 -214 -238 52 -20 215 -163 -99 92 175 -5 -140 -144 -169 -110 -197 26 66 -224 -83 126 65 -188 47 -180 -10 40 -25 -101 138 -195 103 -49 -16 82 54 42 37 -217 -100 30 85 -31 167 179 207 208 102 41 221 155 -206 249 -156 -218 -171 69 107 -202 246 -187 198 -136 75 -152 -226 136 134 191 -116 242 -18 19 236 -81 112 -200 -113 -185 62 -47 -184 -245 -209 -121 -42 -186 -74 -203 76 -21 118 188 -97 231 122 248 -130 244 23 95 -182 226 185 230 -23 -109 -228 -135 234 -128 238 183 16 235 220 -227 141 -170 -22 -223 -133 98 25 108 28 17 -174 -147 223 -221 -165 -52 -27 125 224 187 195 29 -157 -104 10 -192 219 -168 3 -194 184 7 -129 -232 -7 160 -62 163 -50 -3 15 186 156 -90 239 210 237 115 200 -105 -204 -95 87 -72 114 -159 -106 -137 -53 73 74 -96 83 133 159 -201 192 12 -160 -244 -122 63 27 -61 227 8 154 100 -80 -161 -56 247 203 -190 -43 -125 -54 -131 -89 142 177 -67 206 -85 119 132 233 -205 -198 127 34 -44 245 222 49 -70 -126 211 59 197 -172 -222 88 90 -2 209 -26 -149 -65 113 -19 91 128 -15 31 -57 180 20 -173 105 170 -143 149 232 137 24 -212 -115 -30 -207 -242 -28 -247 -179 53 -17 50 -191 -239 -153 -1 11 -84 -158 116 -58 110 -215 152 -6 190 101 -64 -123 -9 -117 161 131 -250 -46 -177 -164 -35 -210 -183 204 -181 176 48 201 -4 123 -66 -13 -124 -32 -108 -102 181 -208 61 143 -229 -37 -141 70 58 79 64 39 -189 -193 32 71 218 -249 -33 -77 165 99 -151 -233 -211 214 86 146 -146 169 -45 -71 -12 51 -134 5 172 166 213 -148 174 130 -240 -24 -216 -36 121 -132 178 104 228 -68 153 2 -34 -230 -178 13 1 -199 96 139 -219 144 124 140 243 -118 -8 196 157 145 -162 205 -111 109 193 -220 -142 33 216 -63 117 147 -55 171 55 -139 -176 -86 -231 -235 38 194 -76 -92 67 225 -112 -167 18 202 -246 212 -225 189 -120 199 72 81 -38 97 -39 -237 -78 36 -234 158 21 -127 -60 -248 150 14 94 151 -75 -196 -94 93 89 -40 217 -82 241 -48 -241 -79 22 46 -119 -11 -41 -138 164 44 -213 -155 -107 148 -51 56 -243 -98 -103 4 -69 135 168 -150 80 45 240 -175 -91 106 84 77 57 173 
TEST 149 ARG:-173 -11 -86 -201 -160 -13 48 186 159 -159 39 -245 -64 -149 -127 -2 100 65 -133 98 -110 -250 47 17 148 212 -90 222 -194 230 -29 24 -217 -220 204 66 60 -23 -145 241 224 95 37 -59 147 236 64 -78 -27 -185 -16 120 -111 9 43 28 -242 13 -25 153 90 -55 -98 -219 -131 205 -188 178 52 176 -44 195 -221 93 -47 172 -53 -233 -45 216 -38 99 119 239 -96 -238 200 26 -124 -180 -62 214 -130 -162 116 7 183 -7 -216 -192 124 -103 174 1 -193 220 -142 201 138 -91 35 -129 103 146 234 -223 45 11 145 0 31 155 -63 -4 49 126 -211 -232 169 -199 41 -218 -118 232 -85 -113 -24 226 -72 77 161 -169 189 -77 -65 208 110 -234 233 -171 151 88 -54 -202 133 104 -205 18 229 -204 185 -89 -186 130 53 -144 -121 -222 -18 -167 -147 135 -166 -214 175 -126 -15 -41 231 4 -164 137 -153 102 164 -50 8 21 56 -179 191 114 221 -152 -88 -51 -42 -174 213 12 -177 129 -195 -122 -246 210 -39 -100 92 50 -49 -97 209 -56 170 61 -71 165 171 143 -74 235 -40 -52 -178 -116 -241 -132 -140 -36 188 -82 -68 -79 -155 238 67 -125 225 243 -215 -139 -107 -5 144 -3 55 -236 247 -136 -94 -117 -75 -189 -168 -208 -203 74 108 -20 -225 149 27 107 113 -182 -76 -31 -228 244 112 68 168 160 156 240 179 87 70 57 194 223 237 123 -12 14 10 192 140 -102 -14 -226 15 38 -181 83 -196 -19 246 -237 128 -240 -66 162 -210 101 58 81 -249 -87 -191 -60 122 -67 -106 -28 154 207 242 -154 -163 -187 42 -227 3 -33 206 158 -112 -48 -151 -37 228 -243 -104 132 -156 217 -128 62 51 111 -229 -9 202 72 46 34 -81 -26 227 -32 -141 84 -115 -158 91 181 40 -213 163 -46 125 79 -172 180 -22 -83 142 33 248 -157 29 -150 -146 -69 177 89 32 16 -34 -175 -35 167 117 -248 -161 97 203 -183 -95 198 59 -247 152 -197 73 76 -200 -135 -114 182 23 166 245 215 173 63 2 -10 96 -92 -165 5 75 121 25 -61 -99 -134 249 -170 196 211 109 -239 -184 86 44 85 -80 -224 -6 -17 94 193 -120 197 -148 -109 -235 -176 -108 82 -93 -198 -30 -138 -244 -105 134 131 -231 219 150 -207 139 118 190 -190 218 19 -123 -58 -230 141 36 199 69 -101 -137 22 184 -1 106 105 -143 -206 80 71 -212 136 -57 -209 -8 -70 -21 6 127 -73 157 78 30 -43 115 20 54 -119 -84 187 
TEST 150 ARG:32 -63 28 -134 -45 144 111 83 154 145 230 168 -92 -101 -123 -156 117 227 -205 243 233 1 -122 -172 77 65 100 116 -170 185 189 -179 -67 -102 -237 -203 -199 -19 -84 141 -51 -135 -211 -90 -9 15 176 218 -194 -66 -70 236 124 -114 64 249 -36 204 4 -230 -152 197 152 118 21 246 -234 71 -100 232 66 9 -140 -108 62 -169 -81 219 -182 97 90 -69 -236 26 193 194 -243 139 -44 96 -190 -165 -61 -225 39 200 -43 -55 -17 -206 -29 44 -91 223 -154 -244 23 -157 203 -161 235 177 -13 -94 16 240 50 159 103 -204 -27 -189 -233 74 180 41 57 110 215 -112 29 82 226 89 201 13 -167 -226 -116 209 93 237 80 -22 33 -99 87 -132 248 -217 -250 241 -128 -73 -39 -198 -208 -164 3 -126 147 -119 -58 69 108 -23 -127 -193 -143 -137 228 18 -176 -14 70 -185 -26 -162 -104 -183 -173 178 -219 -82 158 134 55 -47 -202 19 61 -59 -40 -42 -16 -242 -201 184 106 34 36 -246 229 163 -222 49 -85 35 -71 -200 122 -139 -11 138 -98 -168 -166 -120 -103 88 -232 -141 73 27 76 -57 -227 244 104 -49 182 99 6 155 207 -210 -118 112 -65 247 58 -153 234 120 239 -195 -60 212 -76 -37 107 -88 -48 -213 133 -5 72 198 231 0 225 78 151 -142 -7 160 -148 60 -147 -186 -177 -214 165 -150 -4 -31 -28 48 -10 20 14 -240 86 -238 224 -180 167 -115 -192 131 -80 105 -109 238 161 -149 140 -8 10 -221 -78 213 -124 -187 -188 173 164 94 7 -56 199 129 -171 -86 -34 -131 -97 -160 195 -83 -25 -239 -32 188 242 245 128 183 -18 214 -248 68 54 -54 2 -52 45 -175 -125 -38 -174 -87 181 -20 -178 -229 -41 -220 -129 11 91 47 52 -212 -207 220 137 175 157 84 -75 -223 37 146 25 192 -184 8 -158 -1 156 -224 171 113 -113 -21 51 -110 -197 -111 67 -106 53 -215 -35 169 -209 12 -228 -159 -133 -79 -136 24 30 208 79 -241 -64 -6 -89 -33 63 125 210 56 -245 -107 172 85 -130 130 98 123 38 -145 202 -191 170 75 22 17 -68 115 31 -144 142 -15 -105 -163 114 119 190 -30 -117 162 43 59 42 221 92 46 174 -138 101 211 -247 -12 143 5 -95 166 -77 153 -121 187 -218 222 -53 95 -2 -24 102 217 148 81 206 135 205 127 -146 -50 109 150 179 216 196 -181 186 40 -3 -231 -46 126 -155 121 191 -216 136 -151 -235 -196 -96 -72 132 149 -74 -62 -93 -249 
TEST 151 ARG:-25 -110 56 101 -104 20 148 81 -65 -80 238 -159 -52 -205 182 76 -241 22 -132 138 -150 -40 120 157 -115 50 -197 234 -74 -35 74 -234 1 30 6 -215 -214 -243 -23 184 -47 -232 67 -172 108 161 -22 179 -155 178 85 -213 -210 -144 181 -139 249 216 46 24 99 -1 -245 -134 -135 40 -19 199 208 183 55 -21 197 -160 26 137 -4 -100 -30 -15 -192 -63 28 -27 -16 -224 0 -66 -39 -164 -242 213 43 117 -231 25 175 -50 -77 215 -141 -120 70 -46 -142 -75 -58 -176 -185 190 -149 212 244 -68 -117 -247 71 132 158 232 177 -71 139 97 -212 -145 -170 -161 -236 12 211 217 -31 155 -143 -73 66 242 -207 107 -146 221 196 69 96 228 -171 241 49 226 222 104 -133 65 231 154 125 200 -119 -182 32 14 230 59 -34 -111 39 29 78 -136 -131 -37 -94 -5 115 191 5 229 176 94 -123 -83 -13 62 180 201 -230 240 -165 -178 48 53 143 214 -85 235 -101 -62 -217 57 2 105 -122 44 195 220 -228 243 -6 -26 -44 -82 -248 103 -173 -99 135 156 61 -216 -181 80 -206 -70 -109 -179 -86 -193 51 163 15 -189 -116 236 233 209 225 109 -56 84 168 -246 -127 136 247 18 9 207 173 7 -229 126 73 -38 8 3 -184 -194 227 -151 -188 -218 246 204 35 -102 140 41 102 -88 -61 -235 -195 90 224 98 72 -225 -93 88 -18 60 -84 -167 187 164 -69 185 -42 87 -91 116 16 -28 193 -153 95 160 188 83 -81 36 54 162 -8 -244 -202 -36 4 -177 -237 -163 146 27 -97 106 -147 141 -221 -55 169 -201 -226 -43 -140 142 159 -48 58 239 -12 17 -72 89 -67 205 149 203 174 92 -10 -198 -129 -126 63 123 -138 -174 -157 110 -89 111 112 -121 118 -211 -54 -154 -92 -98 79 -107 248 -53 -57 -227 -220 31 131 152 -112 77 119 -49 45 194 165 -41 -7 33 206 -169 37 93 100 -183 -20 -60 -240 -203 144 145 -45 121 189 21 237 -208 -24 127 124 167 13 186 -3 -17 -175 171 -108 -124 -59 -137 -186 -130 166 -90 64 82 -152 223 -87 -103 68 134 -2 11 -187 -209 198 202 245 -96 -158 -64 -238 -76 -222 -51 -204 23 192 86 -118 210 -223 153 -239 219 172 -105 -33 75 38 -233 -79 -113 -11 -114 -180 -32 -191 130 -9 42 -106 -190 -199 133 -125 -95 -250 -14 170 147 218 129 128 -128 -156 -78 -162 -249 -168 47 -196 150 -148 52 19 122 -166 113 151 114 10 -219 -200 91 -29 34 
TEST 152 ARG:49 71 -115 138 190 100 -237 189 35 -238 -175 -1 -90 -14 22 217 -6 -122 152 -123 201 -186 -94 -247 113 27 -50 123 -225 0 -158 -106 -202 205 -60 -177 232 131 231 -226 60 -101 127 -65 8 -99 -206 157 -28 83 -103 26 106 118 -178 -227 221 -62 128 204 202 174 93 58 9 -174 -192 -221 -100 86 -182 -126 -93 235 -74 -111 167 -20 -212 101 126 154 -78 199 -130 41 -117 -109 224 80 -55 -19 -188 -88 147 -201 -32 -128 66 -155 -44 -196 13 160 25 -209 72 98 -77 -89 31 121 -151 230 -39 38 192 -98 53 -116 171 -246 55 -18 37 -66 -118 140 208 -120 222 -169 234 -86 -232 170 -57 -137 76 120 92 143 74 -219 -47 188 -141 237 -152 -67 20 -208 243 210 134 246 164 -244 209 -218 -135 24 -58 -147 184 -203 -216 207 108 -215 238 -11 130 -8 -173 57 -83 139 -156 -176 -240 -52 -46 110 45 219 176 240 63 -107 -29 -51 203 179 64 -129 -33 -153 -190 17 226 148 -34 -69 -3 -243 59 -172 213 3 -42 -26 -220 -24 40 177 -184 -194 -183 -236 206 -37 216 115 -49 -81 -2 78 -223 182 141 5 -242 193 107 241 132 -154 183 10 -144 97 168 249 191 14 -207 19 56 32 91 102 186 -114 44 -138 54 -38 -181 -102 -148 159 156 87 -250 -170 153 -56 -245 -185 116 212 229 68 -31 195 -187 180 248 51 36 -79 -104 227 -27 173 117 111 -171 85 218 16 155 33 50 -139 -150 -30 47 165 -125 -82 39 -124 52 -166 215 172 -119 169 -160 79 -12 -68 -179 -75 65 -53 -136 178 109 48 30 -9 244 -95 -35 -45 7 129 -189 166 -5 -71 -41 185 -84 28 23 125 -16 -168 -217 -17 -229 -59 -199 -231 -234 223 -63 18 -36 -180 -149 228 -210 -157 -197 -121 73 15 -70 -193 245 29 61 -113 -142 -76 -205 -96 -195 89 2 -241 -48 -97 46 198 145 -249 67 133 99 -222 -224 247 112 142 104 -7 -161 -191 137 -213 -235 34 158 -164 -13 162 90 163 242 84 43 -132 -25 225 -211 75 -167 12 196 -80 136 144 200 -91 -72 -112 -248 -40 1 6 236 119 -4 194 -239 88 -165 21 42 70 -233 77 124 -21 151 -200 11 -64 181 -228 -105 -85 -145 161 -23 4 146 -198 -108 114 96 -22 94 -162 -15 82 -73 81 -133 -204 -61 -230 197 187 -146 105 -110 149 211 -92 175 103 -134 -159 -54 122 -214 -143 135 214 233 -163 -10 -43 -140 95 239 -127 220 -131 150 69 -87 62 
TEST 153 ARG:189 -187 229 156 -181 73 -219 -98 53 208 243 68 152 -7 155 75 -234 -201 -162 -152 -44 245 -216 -136 -115 -129 128 -192 191 101 -210 111 216 -142 214 -96 -236 55 -43 146 -198 -211 215 81 -3 -13 187 157 -200 28 -180 -150 -79 125 120 185 240 27 -168 -11 42 39 -155 -42 10 -147 62 -55 -235 154 -2 76 -84 202 -22 19 193 147 234 26 160 131 89 -17 223 196 -113 -246 18 -178 -36 -228 -125 -53 40 -143 -196 134 136 -39 7 130 233 -18 -151 -66 150 242 51 222 -72 -134 166 194 -177 -28 137 228 -159 121 -14 -230 172 -109 -90 213 -119 93 -149 119 22 -120 -123 33 -27 -16 -29 225 -206 -112 -46 -30 -204 129 220 205 52 -190 1 117 44 98 127 -19 -15 207 -54 32 174 -107 109 -170 11 -182 122 78 -1 -4 -114 -70 -195 -184 -179 -167 61 -78 209 197 -241 -207 -82 -47 -208 218 -163 206 221 -92 231 177 -185 158 70 41 227 -68 29 -209 15 84 -34 -37 -8 -76 179 -214 249 86 126 -127 46 30 238 -189 -64 -40 -95 -52 -118 148 90 43 -202 14 80 -63 91 47 74 -31 4 -38 167 175 -106 -58 226 -217 16 -32 -193 102 -244 -183 163 -194 -153 -225 -156 151 -146 -199 -51 -215 -212 -77 -56 210 141 82 123 -23 6 -94 184 181 237 -117 142 -49 165 118 -48 110 49 96 -41 -33 -60 -249 -220 63 116 183 3 -231 -10 164 85 17 246 173 239 -121 145 170 104 34 -100 203 25 57 168 97 -24 59 -81 87 219 -116 -111 54 -197 236 -130 -139 195 199 -137 -80 94 -186 -59 -75 67 140 159 -110 65 -45 -141 -104 -124 230 -65 -229 232 -226 161 -99 -6 60 -93 149 244 -71 217 190 -138 -188 180 103 -85 112 114 -25 88 79 -86 -242 -102 -166 204 -97 9 -135 -62 92 24 -101 235 -248 -12 -131 66 -35 -173 -237 -20 38 171 48 -238 176 -232 124 58 -122 -132 132 12 -205 -126 -223 21 0 -165 -171 13 20 72 153 -26 -203 113 5 69 -83 -161 77 -103 105 45 64 36 -73 241 -87 -133 -91 139 -222 -108 -89 200 169 -221 -172 106 -145 50 -227 -57 224 -154 -176 -61 -164 201 100 -21 -213 178 247 56 186 -247 211 192 99 144 -239 -218 -9 -5 83 -169 162 -158 188 143 -174 71 133 2 -148 138 -191 -160 -157 31 108 -140 107 -67 212 198 95 -245 35 -128 -105 8 -250 115 -240 135 -233 -175 -144 -243 -224 37 -88 182 -69 23 -50 248 -74 
TEST 154 ARG:-81 -210 187 169 9 -164 147 -220 -131 160 2 -53 -181 35 74 137 -126 228 -195 -82 -150 49 66 73 -65 -66 138 222 -235 25 -1 -192 -170 -249 -103 174 -149 233 117 -139 -125 227 -31 -172 -145 -198 -148 245 -140 41 -96 39 -11 172 -117 -180 -217 94 -166 235 -6 75 -233 -238 149 -185 -236 -24 7 242 221 -72 91 152 70 -109 -50 -230 141 -86 -240 -132 -187 -95 29 191 105 34 168 -90 93 28 -146 -69 129 -43 -160 -124 -30 178 -32 216 -3 -216 -155 186 18 89 69 -169 116 -17 55 -2 -74 0 -203 207 -76 236 23 165 126 157 -247 181 -25 98 -62 -4 47 -229 132 -243 103 59 -219 100 -87 -156 107 -245 155 158 -85 22 -45 210 -202 -135 -205 -113 -71 -37 176 -191 205 20 71 226 244 -41 124 -175 -78 -16 -174 151 144 101 -246 -206 84 15 63 40 -121 203 -112 -13 61 5 -120 -94 92 -23 -83 -201 -48 -107 27 24 -9 197 241 -18 243 248 88 -99 -200 -102 -8 -61 121 190 108 -42 163 97 224 -20 209 -193 220 -232 223 -57 -137 48 -184 127 139 -209 43 113 76 -178 200 199 4 80 -129 -34 140 -84 180 196 32 -49 122 68 60 -242 219 -75 1 -177 -105 213 173 237 -161 -188 -183 182 192 -154 193 67 -136 -141 -237 -223 183 44 -143 30 198 -204 -197 148 -213 115 -77 123 79 -122 -106 -151 166 95 -101 54 26 -189 238 -163 -108 -111 -89 -123 -127 -44 -15 -38 -98 125 -119 19 -227 -91 -14 119 -92 177 45 37 -64 -176 217 51 -63 14 185 -73 230 13 64 -244 87 225 -222 -226 167 -157 246 247 231 -36 33 156 58 128 232 104 150 -88 195 -54 -5 234 -207 65 6 31 131 21 -12 136 -67 -130 11 -239 -211 83 -19 201 -208 8 208 -221 218 110 -158 146 -58 -97 188 -115 -147 -52 99 -68 134 -179 -171 -225 109 -173 -144 189 -199 -21 -212 38 -224 96 62 -55 72 -28 161 162 -33 -80 3 154 145 206 82 -168 -194 46 56 214 77 184 -133 -128 12 -218 -51 112 -59 -196 -152 -165 102 17 171 120 -39 179 249 -56 -104 -214 114 53 86 52 133 -40 -186 -167 -47 -79 90 16 142 -118 42 50 10 202 106 -162 -29 36 175 204 -46 229 -234 164 85 -248 78 -22 -114 -110 239 215 -250 -182 135 240 194 -138 -228 -215 57 -231 118 -142 159 143 -26 -241 212 153 81 -159 -134 170 111 -93 130 -60 -190 -27 -70 -153 -116 -100 -10 -7 211 -35 
TEST 155 ARG:-123 223 -52 -160 -127 114 182 -37 39 -194 26 -136 115 3 -197 105 155 211 177 94 67 -213 -204 -27 213 -25 119 64 -72 174 -237 -192 81 179 132 91 -125 62 -209 -32 -112 -212 37 198 -102 -217 -94 234 -89 11 134 142 -203 242 -80 -22 -158 71 130 -106 8 -86 84 193 -142 1 86 -114 -93 -148 210 -119 160 -110 143 144 244 -59 -230 21 249 -48 101 51 -223 15 -90 -14 -115 229 -163 96 -9 100 -96 43 203 214 -111 -41 167 194 243 55 -63 -133 233 169 117 53 -20 74 247 227 135 -107 -81 -77 -75 -28 -231 -19 54 28 -98 -21 -233 111 126 90 35 -126 240 89 -193 69 -184 156 79 -186 206 181 224 158 231 176 -69 -171 75 2 232 47 129 88 138 -168 -54 -99 124 73 162 -161 19 147 -1 -189 -76 -200 -108 -53 146 164 -143 -55 -40 -78 -226 -61 221 -117 -135 -248 24 -176 237 -30 -56 173 -42 7 -85 165 17 95 -153 161 -130 4 112 -150 -239 241 -146 -181 192 180 -35 -220 -232 -10 78 150 163 65 9 226 38 -57 -26 92 217 -84 202 236 52 151 -83 60 149 -228 -134 199 145 208 -174 49 219 133 -208 -236 -47 -60 -178 -249 83 -149 157 50 128 118 -167 -95 -15 76 -195 140 191 42 -16 61 -120 -207 -74 14 123 -121 110 108 68 -138 87 -141 170 -216 12 -224 18 -206 -8 -177 230 148 -210 -240 -17 107 -11 -12 -91 103 -191 175 29 -188 106 -157 63 80 -62 -122 -166 235 44 216 -170 -165 -139 -235 25 -79 137 125 -151 -49 -113 -109 -244 -185 -73 -238 -241 -50 225 -202 172 -159 245 82 248 -103 -4 -66 59 -183 45 -132 -214 196 -105 -242 -101 56 -147 -88 -29 141 122 184 5 -199 -70 57 23 -68 190 -43 41 98 -118 120 30 -225 238 -219 154 77 246 131 72 66 168 -140 -23 -222 -13 166 116 40 187 186 209 -97 -154 121 -152 239 10 -67 -82 -215 -247 222 127 205 -137 -205 93 -36 -45 -65 215 -7 -234 -18 99 85 22 34 -169 -173 -104 152 -196 -5 -145 -51 -24 -34 -198 -250 -175 6 -243 -131 -180 -221 -100 46 -164 185 -129 -246 13 104 20 -172 -182 136 109 36 27 -87 -190 32 -38 -33 220 218 -92 207 -227 16 189 -156 -58 159 31 201 0 102 -187 -162 228 -31 -2 -245 70 197 -144 48 -6 -179 178 183 -44 97 195 -46 -218 188 139 -64 -116 58 -71 212 200 -201 -155 171 -39 -229 -211 33 153 -128 -124 -3 113 204 
TEST 156 ARG:158 -80 239 192 -91 -58 -191 -57 -179 -103 -102 140 -133 146 -73 -27 107 54 87 132 114 -235 -131 191 -86 -143 -234 174 -198 -20 117 -17 104 50 -141 10 -229 97 -19 164 74 -228 98 235 70 163 -241 -105 189 181 -217 67 -84 199 -38 -139 -2 18 115 105 -167 95 153 -64 -176 -53 225 -134 201 -63 -66 175 2 -224 106 -169 33 148 126 138 222 -205 43 -142 -18 40 167 49 93 -41 52 124 230 -226 -237 -223 -144 -129 -88 -120 15 141 -71 57 215 44 103 36 -127 -23 -90 -153 -140 -186 243 -72 112 -195 151 185 -9 186 55 38 -185 223 145 -182 203 58 -209 -123 134 76 -175 -245 -117 39 -89 69 66 198 -108 -5 133 210 45 96 238 149 130 -128 177 -187 196 0 118 -62 -222 -35 -236 68 46 166 -29 -49 -243 200 56 78 -208 229 -244 150 -115 240 120 205 24 -135 90 193 -192 206 218 6 3 -202 -188 -240 -95 241 -32 154 226 -181 34 63 48 -37 -24 65 249 244 168 13 -48 176 179 28 -218 216 -31 171 202 236 -232 -60 220 169 -211 -165 -101 1 -166 -163 -216 -147 122 61 214 91 59 -97 -121 -110 -111 -113 -177 -46 -242 180 -248 157 -149 108 -146 64 -215 -233 217 190 19 213 31 82 -196 -170 -174 -214 -56 -4 -230 7 -94 -7 86 -158 80 -227 -119 -161 211 -106 242 -67 121 -28 162 231 161 -10 -148 -43 -136 -178 -25 116 221 123 -30 -172 -76 -225 -155 -238 -109 -11 75 183 188 212 -61 207 -36 17 142 160 -130 -212 85 77 -132 -213 -15 -51 -189 209 -6 72 247 -183 83 -159 -107 99 228 208 -50 88 144 -138 -162 -124 100 -68 246 -54 53 -22 -59 -239 89 51 -98 21 -157 224 12 195 62 204 -93 -44 23 111 159 -81 -79 27 -193 79 -246 -160 29 -220 -184 60 173 170 47 -150 -200 136 143 -197 14 -168 102 -112 -199 94 30 8 -219 -55 11 -8 81 152 -69 -52 -151 -78 113 -126 110 -26 -74 233 -221 16 -3 -47 -75 -231 -45 -21 -82 26 -210 -65 -39 73 -100 248 -12 4 165 -156 -118 -204 -137 178 5 22 -203 -99 119 127 -13 125 245 -33 -114 -180 9 41 232 -154 -173 -1 -201 32 -116 84 -125 -92 -83 -16 -164 -40 25 194 -171 37 -34 -122 197 227 -249 155 128 135 -190 109 172 219 -104 156 101 35 137 139 -14 -207 -42 184 147 -152 42 -70 -87 -194 -85 71 237 -247 92 -250 -77 20 129 -96 -206 182 131 187 -145 234 
TEST 157 ARG:-223 -70 137 -1 -135 -149 -106 138 39 94 -138 31 54 231 -114 -226 -19 -37 82 28 -169 -78 146 64 207 18 -8 170 78 -228 -159 87 77 -99 -92 41 247 -83 -45 -6 -153 156 86 -32 150 23 174 246 244 -103 57 175 -164 84 -158 -126 208 -86 -131 118 -18 -147 -186 -219 67 -165 27 172 13 215 -60 133 230 131 -213 -143 -42 -50 209 49 -178 -20 -72 60 -244 239 -61 -120 16 -214 1 -151 184 2 -239 -197 177 43 66 80 232 -113 -235 205 58 -48 -105 -136 -193 -167 -245 -170 115 -207 163 169 190 34 46 -55 -222 -227 144 139 -247 152 -68 160 -44 -5 214 228 220 -129 -250 -65 -168 -198 106 142 -47 96 -201 -57 -84 -157 229 159 -132 -163 -211 -56 -107 69 -41 191 248 122 -212 44 -217 235 -115 -194 -205 -4 -150 85 19 143 -236 196 -17 197 -180 238 194 153 91 -215 -237 88 -97 -76 15 -234 83 165 179 -22 -102 -238 33 99 -248 107 45 75 -116 -148 -34 200 126 -224 104 21 -35 125 98 225 -225 187 -88 178 161 -242 -100 65 -139 -24 -54 55 -112 81 -122 26 -185 -192 38 -69 -36 -28 -187 73 237 -188 95 -156 206 -29 189 -189 90 -3 -121 -59 35 243 222 113 -21 112 211 -202 5 157 -162 37 74 212 240 171 -66 101 62 -210 -98 224 -95 11 117 -9 186 -79 -118 154 -145 89 233 24 93 -195 155 -62 -144 22 -53 29 17 -101 -11 -196 -249 -73 105 185 -108 103 173 181 195 114 221 213 -58 -14 129 -171 -134 -177 123 108 56 -154 61 -140 -209 -25 -175 47 -130 164 59 -184 241 20 -166 -176 216 50 8 -230 -117 217 -87 32 -110 -183 30 -75 226 -90 -204 182 -146 -82 -93 -71 218 180 202 -231 188 -85 198 -199 -40 10 76 199 -109 210 53 -229 92 -203 79 201 -33 149 -190 -179 -51 -216 -77 63 158 111 12 236 -30 9 135 -233 -7 -46 -174 71 -208 234 245 128 223 36 102 -74 167 -13 -39 -133 -182 151 4 7 219 116 183 -246 136 -94 -220 -16 121 -200 -104 -124 -152 -240 -38 127 242 -111 227 68 166 -52 110 -137 249 -206 6 145 -128 192 109 -67 -123 100 -23 -10 -241 0 141 -160 -243 119 -2 -80 -91 -141 -173 -27 -181 147 70 42 40 72 -191 168 51 -221 -155 -96 97 134 140 -172 148 -218 -43 120 130 -125 132 -127 -89 -63 162 48 -31 52 193 -161 25 204 -232 14 -119 203 124 -12 -49 176 -142 -64 -81 -26 -15 3 
TEST 158 ARG:127 -57 -200 -194 -176 59 -53 -181 197 135 141 -232 26 -2 -238 29 88 -248 -70 139 25 85 -175 -67 -123 56 12 237 -7 47 116 -131 -4 -145 112 -201 225 -172 146 -50 199 86 57 172 51 -60 -199 -14 227 103 201 219 193 198 -212 -136 -228 134 -208 -187 -83 -17 243 -157 19 210 45 13 211 154 167 124 238 76 -3 160 -94 209 168 -13 94 -217 236 217 240 -101 230 5 -75 -218 -142 -71 -137 -28 -76 221 -104 43 -128 -159 122 83 138 -74 229 32 -102 128 36 -66 203 -160 153 17 -214 -227 -103 64 159 -188 170 232 136 157 -105 20 98 52 -111 27 23 49 -154 -90 -18 207 -38 200 -20 -211 41 -9 -106 -77 66 223 -225 -185 202 -8 224 147 166 183 -223 118 -56 67 93 222 -47 -171 -197 -16 1 24 151 214 69 -241 115 150 -220 54 152 -110 -196 8 -48 -126 164 -116 -195 192 142 133 -1 143 140 21 213 184 165 -141 125 3 73 91 100 -117 -144 -82 79 -115 -192 89 175 -84 -44 22 -93 -108 245 -203 61 -191 109 -85 44 72 -182 -143 187 -183 212 189 34 -242 -158 -209 182 87 80 -87 188 -33 -114 -109 37 55 -244 246 107 -146 226 28 185 205 -166 121 95 58 -234 -222 -226 196 -25 -161 -224 -81 -149 190 -132 -221 194 179 120 71 155 96 68 195 228 2 -54 -112 -230 215 -155 -246 -98 104 248 -92 -150 -237 -22 77 -250 132 0 106 -153 -107 -165 -64 117 -125 -29 -96 16 242 -129 -58 113 -198 -62 186 -190 181 -36 235 -119 -120 216 31 177 208 -243 -140 -61 84 -127 -122 -24 220 -10 130 -65 -43 74 114 6 206 -151 62 -235 -121 244 -202 -35 180 129 -100 -236 -162 119 -213 -240 -133 -97 -49 249 241 -51 -178 -215 126 78 -21 178 42 -207 -52 -247 102 -210 65 48 145 -174 -135 -68 158 -205 169 -164 148 -179 -184 38 -113 137 -170 -173 -216 -23 -231 -73 171 123 -41 -168 -95 -72 -11 -27 -139 -26 -32 -118 -206 149 105 -249 9 -229 111 7 -134 -147 75 -91 92 231 162 -42 30 -130 -6 -193 -89 144 176 -152 -138 -204 -46 247 -19 50 15 239 -15 -45 233 204 -12 -99 -55 82 11 -156 40 35 18 156 -63 191 -245 81 -180 99 33 97 -239 70 -186 -59 -37 -169 -40 -124 -69 -177 -79 -78 53 163 -219 131 -163 60 63 -39 39 46 14 4 -31 -30 173 174 90 -233 -86 -148 234 -5 10 -88 218 101 110 -167 -80 -34 -189 161 108 
TEST 159 ARG:-207 -180 205 41 -94 -150 116 16 -52 -108 -42 154 -33 -242 181 182 125 -170 99 117 45 -114 -205 -90 -233 -34 -132 25 -221 -139 -215 -237 -190 2 -76 42 -36 214 113 199 -227 -104 101 -57 186 -97 -208 0 -182 4 -131 -191 93 -112 40 103 -163 44 80 100 -199 -159 -109 -152 -118 -24 68 -157 196 -179 -178 142 -167 221 153 -23 -238 141 -181 -155 -55 232 137 29 62 -223 -82 248 111 -27 37 -73 169 183 -174 151 170 216 70 227 -138 120 -209 97 17 -30 -183 108 218 -210 94 -248 -44 203 96 155 240 66 138 -161 -241 -216 8 193 -100 160 47 -194 -140 -123 -235 -62 21 -65 52 -168 -133 -41 192 -156 31 15 -164 83 -8 150 33 -66 175 -185 46 187 92 200 130 136 32 230 184 -226 109 28 -105 174 -40 -128 77 -39 224 -11 234 51 245 30 105 87 211 -134 75 133 49 -72 -196 -184 -127 -80 -169 -91 235 110 -84 -142 143 210 67 -249 -228 -5 190 -83 -95 6 -175 20 14 -1 149 -171 -77 191 132 79 135 -137 23 19 -106 -92 134 231 -247 -86 -218 178 -31 179 157 -75 188 65 146 -87 -22 -246 -141 -102 -187 -224 -16 24 -230 72 -60 81 144 90 -147 -28 206 56 243 95 -12 -35 121 159 84 -7 -88 215 -188 -200 -162 -61 219 -85 -111 -74 71 -70 -239 -125 -15 -113 11 -26 -29 -124 122 86 85 -50 212 -68 -99 -122 -245 166 -143 9 -116 247 -48 63 -63 158 -130 7 -17 -172 -160 12 156 176 -101 140 244 61 -232 -135 -14 22 -64 -117 177 -212 -231 -98 229 -119 139 82 -38 -244 238 165 107 -129 64 201 173 88 -234 189 -47 -45 -19 -81 126 204 -186 -229 -67 -37 -32 168 36 -211 -6 43 -201 -110 -51 185 -148 104 118 249 -192 73 127 -78 -204 207 197 -25 209 39 55 145 -107 148 241 -103 112 -46 10 -217 18 -13 -225 -177 -243 -206 246 228 -2 -222 -213 5 223 3 195 -10 54 172 34 58 57 -146 162 -20 239 114 225 -79 164 208 220 -195 242 237 -220 -120 -126 -158 1 -58 -202 74 27 -89 26 -121 -189 202 163 -96 -9 222 60 106 -136 128 -56 -53 -250 -173 -54 -165 123 161 171 102 115 119 -43 -69 198 69 124 -21 76 59 78 147 -154 -59 53 35 48 -198 -115 91 -49 -166 38 -214 167 129 -149 -71 236 98 194 -145 152 13 -236 217 213 -144 -4 -153 89 131 -93 180 -18 -240 50 -193 233 -219 -203 -176 -3 -151 -197 226 
TEST 160 ARG:-215 -47 123 79 33 -104 -226 -136 129 34 208 -88 -87 57 -112 3 107 -41 244 200 111 -179 -131 -108 61 24 223 -234 -105 -114 -43 245 139 -125 -65 -74 -154 86 157 -77 -199 -149 50 -171 225 69 -239 166 222 -214 -169 128 246 -237 49 -233 -180 -20 -195 -75 235 -21 -3 187 105 160 -178 229 209 -238 -22 -137 -27 240 188 152 -172 -213 195 131 11 217 -220 -37 87 207 -230 -54 -56 13 -86 -42 25 212 110 -61 148 -11 -128 -50 5 -203 165 -106 -8 -152 189 186 -183 54 -29 88 53 143 4 125 184 161 132 144 -103 17 224 -138 -176 -36 211 -18 94 -15 -146 -210 238 -218 -224 158 -212 -209 80 98 72 183 193 213 -243 -45 112 -64 76 -144 140 -51 168 -192 41 -151 -130 -109 180 -101 -196 -9 -126 -98 -187 -6 171 -157 92 64 -123 -26 190 91 135 -13 -59 42 127 176 59 215 -79 10 182 126 185 178 32 65 -174 164 -89 66 -248 -121 -231 -247 191 218 -124 -111 247 37 74 -83 -168 -155 -165 26 22 82 155 -76 95 -80 70 -7 101 -221 60 -211 167 -17 19 179 83 103 -99 163 -193 -93 -70 116 113 -31 181 -81 -46 106 -55 -181 44 172 45 15 122 175 120 -200 63 71 -207 -235 221 233 228 58 36 -12 -132 38 -23 -19 170 194 -162 -72 -85 -24 20 -141 -34 -170 133 -228 149 -160 203 104 234 -159 -63 -95 -166 -223 142 -156 -185 243 248 14 -68 55 -194 35 -148 219 9 -158 -227 -90 -97 -182 56 -62 136 -91 134 -35 -198 109 -175 100 -129 -120 -242 -184 8 96 -66 -40 21 51 159 75 138 23 -205 48 -189 -44 -122 117 108 137 204 154 27 196 216 -82 -16 -25 -119 -4 -177 29 73 121 -28 -167 46 -133 -140 169 153 -186 -1 -78 28 -39 210 2 226 130 -118 205 -164 -53 -33 241 -244 -49 -10 -173 -84 85 141 16 -191 237 -202 -188 147 -57 0 -30 114 -147 -2 115 232 -135 146 -107 -60 239 173 67 -201 -229 -217 206 -143 -190 90 -232 97 -150 62 162 77 -100 236 6 -117 7 -197 151 -208 -113 199 -246 -58 -38 -241 -245 -236 231 214 99 -153 -134 -14 -249 12 -92 -52 249 -115 -5 84 1 150 -250 -32 177 81 43 -161 242 174 -110 -116 102 -206 -48 89 31 -142 124 -71 30 192 201 119 -240 -216 93 -225 -204 -163 78 -69 -73 -222 -96 230 145 156 -219 -67 202 220 52 227 197 47 -102 118 -139 -127 -94 39 68 18 198 40 -145 
TEST 161 ARG:123 -200 -125 32 -51 178 2 -58 -83 222 173 -233 241 85 61 -146 -130 230 197 -171 -164 -120 235 132 59 -75 109 146 139 -156 115 -99 -229 -127 248 36 -56 179 -78 -198 181 -238 -213 -97 -47 -57 199 16 -244 207 28 65 144 106 -123 167 -32 -44 96 -72 104 -30 138 -90 159 128 29 242 -169 -15 67 -80 107 162 -163 -201 -64 -218 -82 57 -151 -159 137 34 -206 -103 -104 -205 98 11 234 -248 24 -202 -95 -108 -76 -143 -240 -105 -209 -65 -21 -69 -74 91 165 -217 -6 203 243 136 -134 -112 68 193 208 -126 3 217 -106 -25 -128 -138 -19 201 53 -179 111 -139 -115 50 12 100 -185 -121 -62 74 -197 -20 246 -245 21 202 -91 -216 87 -61 185 37 -29 -234 -224 81 20 -88 190 184 175 224 245 55 1 126 129 -10 102 233 17 -68 -129 39 -137 151 110 52 -59 -85 -67 101 23 -219 239 -18 -145 -250 -158 75 156 154 147 -228 -223 -81 -23 44 -96 -246 63 125 -27 161 4 103 214 -237 176 -36 -40 212 -14 223 -142 225 78 205 -212 195 46 35 -113 170 -225 163 -194 244 -176 114 -4 -13 -181 38 -94 -49 -132 216 120 186 -89 -42 9 140 -107 135 -227 79 -204 -2 180 -71 221 -109 10 189 25 -232 -12 157 143 -178 171 49 73 -215 108 43 -34 -79 -8 -187 -247 15 -189 26 47 226 220 118 142 -11 -93 -87 121 -117 -144 -101 228 -3 -191 -52 40 -173 -43 27 -207 227 198 127 -230 5 172 206 -160 -149 183 -5 -168 -48 -226 -147 33 -39 112 148 -165 -24 119 -222 -214 -242 94 -33 168 -172 145 231 -177 177 116 83 45 -235 204 -196 153 69 160 232 -152 82 -220 -236 -16 -119 249 209 -98 -84 54 90 192 133 -73 18 182 -38 -174 97 -231 -102 -241 124 89 -161 229 -135 213 6 -131 -239 86 -35 19 80 -26 215 -193 188 238 105 -167 70 30 -166 174 150 -140 -28 77 200 -114 62 7 99 -153 -9 247 155 -1 -53 -86 -55 -17 -186 -243 -249 22 -22 211 -208 -221 -118 -162 191 -175 -183 76 117 130 194 -199 196 141 -77 -60 210 -110 -70 -63 8 48 -210 -7 169 164 13 -203 -116 41 -46 -190 149 -141 -192 166 113 -111 58 31 -124 71 -155 -50 72 -37 66 -184 -157 -133 236 237 -148 131 -100 122 -180 218 -41 152 -136 134 93 92 -31 -54 -150 84 -188 60 219 -170 -92 14 51 -122 -211 -66 -182 -195 0 -154 240 64 158 -45 56 88 42 95 187 
TEST 162 ARG:12 25 190 -22 -106 216 -161 -172 -84 31 89 -30 -115 -159 183 -109 -111 -199 -144 84 43 -227 -130 226 -232 29 0 -220 -142 -246 -208 38 -91 247 -209 114 234 133 -150 -46 33 -21 91 -163 90 -235 44 104 116 6 101 63 58 3 -29 75 -61 159 -60 -149 -244 -245 221 -124 -224 232 -20 -155 -97 192 -94 -164 86 -6 -113 -225 28 72 -200 -81 94 210 111 -112 93 -65 174 -102 -79 -12 240 129 246 -154 -51 -85 -156 -166 205 211 11 -71 2 -187 172 -52 249 -75 -17 71 -241 -77 37 98 137 182 -185 -213 83 161 15 -105 -125 -194 184 -182 208 -222 233 140 1 54 156 237 228 122 -4 -173 202 -114 123 -189 -110 158 195 -177 200 198 150 -7 -18 -129 186 242 10 -248 177 -205 27 155 -137 -28 -16 117 80 187 -135 -131 189 -53 46 70 -72 -88 -39 119 -217 196 -67 -181 -233 -237 120 113 56 69 88 103 74 -41 40 164 13 136 -216 -126 -186 -117 -37 215 115 24 244 -54 -148 -56 -87 236 26 146 -78 -44 -147 169 -66 76 -238 248 170 245 -121 73 -211 154 219 -192 -180 -123 45 175 -43 -138 157 14 153 188 201 -128 62 134 125 -231 77 126 -179 -96 -174 -23 176 -116 23 -234 79 239 -58 32 206 131 106 -243 -210 17 -103 -188 223 -92 -101 -140 -93 143 -160 173 -55 128 -250 -226 -26 214 7 -10 -201 -118 -120 197 -13 5 -191 -170 213 -203 -240 -145 -171 230 147 -31 145 -153 229 -69 -63 -221 19 132 -33 87 -167 -42 -190 85 -215 168 -104 241 -122 163 121 -35 231 -175 64 212 167 124 -230 -134 42 112 209 -157 50 61 92 -204 199 203 -158 -45 118 18 -47 166 110 99 144 -206 135 -8 22 127 55 20 -107 217 -152 -100 107 -162 -89 -219 218 -19 160 67 -184 165 -50 181 -62 -108 -49 -74 -247 96 162 142 227 171 179 -86 39 68 -82 148 -202 66 108 -178 -218 -99 -83 151 35 178 -95 -151 -223 243 -183 -34 109 57 -40 -1 -239 -198 -212 -176 -133 21 204 100 149 194 130 207 -195 -119 -249 -127 -14 -32 59 4 -214 81 152 138 -146 -141 78 -242 -64 -11 -36 -229 -70 222 16 141 -169 -38 -136 -57 52 -98 48 -228 53 65 235 -73 -193 -236 -3 49 224 82 139 -165 95 8 -68 105 60 97 -168 238 -15 47 -132 -90 220 102 -24 -196 193 30 51 -139 -5 -76 -48 -2 185 -207 -59 -143 36 -197 34 -9 191 -25 41 -27 -80 9 225 180 
TEST 163 ARG:-157 -68 -116 -178 -211 -250 82 70 -242 -41 165 16 -239 44 -133 232 194 -167 234 -18 -1 200 207 -246 -213 201 -151 197 6 -206 -63 -176 78 17 124 158 -155 -154 -129 -204 -243 -85 75 109 -60 90 8 -245 -9 -181 58 -209 23 -6 -103 40 -198 49 133 157 -79 -84 203 87 -210 -93 -216 -24 248 -55 -228 225 222 0 151 -184 13 46 -247 -61 118 -22 -237 -190 45 18 -109 229 -173 -56 134 66 247 199 204 -69 86 119 47 -50 -73 -67 -235 -223 -15 28 231 154 84 -48 85 -23 223 -217 -94 177 233 195 -110 -241 74 -54 -244 -238 -208 -16 98 62 162 -30 169 -108 215 116 140 126 178 127 81 -196 -76 -102 -28 97 -236 -197 -185 -99 131 147 22 51 102 115 -134 -10 227 216 12 -175 132 208 -179 171 30 108 150 -202 -117 76 -38 -224 35 -165 -97 72 5 -191 67 -96 -121 -144 112 -98 -40 117 185 -147 -156 -5 167 93 -21 -166 144 -249 187 69 -193 38 101 -205 -186 -105 -123 210 -111 182 -11 77 -106 -163 -128 -12 103 -101 -78 152 -230 -91 164 -49 -13 36 155 181 -29 -4 -131 122 -139 -107 -80 -92 -77 56 106 -57 -44 212 91 193 121 220 -100 120 -221 236 -225 176 -8 -240 143 83 -222 -64 205 32 -75 224 180 130 -90 141 -132 -168 3 240 -218 107 52 242 218 94 -42 79 -39 71 -215 -140 114 139 129 -142 100 -89 -183 -112 -227 34 202 -58 -120 64 111 -189 65 73 -182 -88 -158 43 -115 10 55 24 159 -145 60 217 -220 -143 -66 -135 92 96 -164 145 243 211 -192 89 54 221 213 -20 -153 246 237 -125 57 -118 -122 -87 148 -219 -138 20 105 -34 125 214 -229 -45 -59 -207 -226 209 -195 -2 -47 48 -31 -70 -169 -126 198 -170 149 -86 -19 50 191 238 190 -214 -114 -146 168 -71 135 -130 -149 -72 7 -65 -233 -37 -26 14 25 -43 161 -150 61 -136 -232 -62 -53 33 15 42 -141 192 183 -194 196 249 136 206 172 63 228 -32 166 -27 160 -7 -124 -171 59 -25 21 226 186 -160 245 39 -36 9 -187 128 95 173 -119 219 -104 11 -172 184 -46 153 -159 179 29 189 -17 138 -148 123 239 235 -3 41 174 110 142 137 170 -203 -212 80 156 -201 -188 68 175 -231 -248 -74 230 -95 99 88 -137 -113 1 146 -180 104 -14 244 19 -127 -52 -51 241 31 -200 -33 113 163 -81 37 -161 26 -152 27 4 2 -82 -234 -199 188 -35 -83 -177 53 -162 -174 
TEST 164 ARG:49 181 92 25 -49 -60 62 55 144 140 -119 83 117 -177 -218 241 -183 -239 -188 -227 -210 -56 170 -202 148 61 -21 47 221 -28 224 105 -166 -52 -136 126 -158 -91 -96 63 -243 -180 215 -10 -59 16 249 141 190 22 -187 64 -151 216 111 119 41 143 -15 114 -81 -244 -201 -80 -26 -157 66 196 -51 -174 -153 91 -29 -79 -17 77 6 -94 234 75 42 -40 -74 -83 -22 218 67 106 127 165 112 237 -191 -229 -37 -184 129 44 12 8 205 158 167 118 30 -102 -175 -6 -87 185 236 -154 -89 7 198 -33 244 -9 -110 132 -65 40 178 113 59 68 174 -169 -100 84 -47 -128 -213 173 74 180 223 104 161 48 -27 -156 -63 -115 99 70 131 169 248 -25 -148 -82 -185 -159 226 -147 171 162 -95 57 208 -101 95 103 -42 -186 -193 124 245 73 -61 -38 -117 -7 220 -190 191 -71 32 29 -137 -67 -182 154 135 34 71 212 228 -238 -236 -155 195 17 -39 -24 -230 232 213 151 231 100 225 39 43 -78 108 76 172 175 179 14 -8 -88 53 -162 -122 -138 -181 149 202 78 -173 36 86 101 199 -64 82 123 -57 -98 79 -106 -143 -228 -232 217 -41 -165 -127 -44 -70 51 -12 -195 109 20 31 88 93 -225 24 37 116 214 152 -194 120 107 10 23 -217 -131 85 -73 89 98 56 -108 -145 246 -121 -231 90 72 -139 46 -90 192 97 222 -32 -207 2 134 -77 80 -223 150 -75 -211 210 142 -203 -198 200 -250 147 -247 -30 11 -196 -209 -178 1 -97 122 189 -48 -233 -126 -46 -92 145 182 238 201 -146 -200 -116 -160 -54 -246 -5 219 3 -103 87 -4 110 -216 52 -45 -168 -235 -93 -99 -69 155 166 28 229 183 50 -50 -62 184 163 13 -237 81 136 188 -212 -149 -3 -84 -248 203 186 -43 45 -36 128 -197 -172 19 -134 9 -53 -125 0 139 -85 -124 102 -221 -206 247 -135 187 -224 -222 21 -179 -34 230 -113 -23 -1 133 26 137 207 242 60 -242 38 -66 -58 160 177 -13 194 125 69 -132 33 5 -234 156 -18 4 -249 58 -14 -16 15 193 -68 115 121 130 -107 -205 -72 -20 138 -105 18 -199 164 240 159 -86 65 94 -114 168 239 -141 -150 233 -112 -111 -140 211 35 96 -163 -204 -189 -118 -208 -152 -123 -109 -164 157 -171 -133 -161 -104 -129 -220 -2 -245 176 197 -219 -35 -170 -130 -176 209 227 -241 235 146 -144 -192 153 -31 -240 206 -167 -19 54 -142 -55 204 27 -120 -11 -76 -214 243 -215 -226 
TEST 165 ARG:78 50 123 77 143 -124 130 97 195 164 188 -33 151 197 247 -4 -22 -43 144 -199 68 -248 -26 -61 -237 -187 -183 -5 194 -152 -12 222 -173 -209 132 244 -190 -133 165 233 16 -163 -48 -194 -231 -134 33 202 -246 206 -234 29 192 -40 175 232 65 243 -72 207 -129 -188 79 234 209 -208 196 -217 183 172 -178 -32 199 60 -151 113 249 11 -79 -165 19 -207 -93 51 -23 162 -240 -9 87 220 -99 -172 -238 -50 -136 213 -222 -148 -132 -200 158 27 -202 -59 42 -225 133 -155 70 161 -42 -156 -52 149 115 204 231 -125 181 184 178 -71 9 7 -250 -203 -89 -171 217 -123 -232 -78 80 157 48 -144 -130 -95 -228 -37 -205 40 90 -184 -161 -176 91 -166 146 64 -143 96 2 -75 -21 174 190 66 137 14 21 -121 -36 17 154 62 13 112 106 4 -180 -7 139 -195 167 -174 59 117 -236 111 145 138 -243 163 -206 -31 -117 208 5 116 -115 171 37 169 -212 67 237 46 75 -110 -141 235 125 -77 230 52 131 -84 225 -14 88 119 -56 -170 110 -186 118 223 99 -215 89 135 242 -224 -213 168 218 136 105 -64 -54 -218 92 83 73 205 -65 240 25 -226 -122 -192 -20 93 -39 215 -105 -86 -82 248 -157 127 -69 -68 -8 -76 31 -16 238 -175 228 -53 -27 -3 198 226 -241 26 246 156 72 221 109 -191 -182 -6 8 -229 124 -116 -211 -19 216 56 -245 55 -57 44 -114 -118 32 61 126 185 12 -70 86 -227 10 49 58 -91 177 -103 -219 -149 160 -220 57 -108 22 -24 15 -159 -28 35 -196 -146 -101 -109 128 -164 82 85 147 140 219 6 229 103 236 -18 -128 -179 -221 -13 120 -58 214 -131 -35 -67 -38 -90 -11 -111 -167 -112 -145 141 -201 -66 -235 114 -46 -100 211 -139 -249 -120 108 39 -51 -80 74 159 -88 -83 104 -210 -74 -55 -153 -135 -214 -25 -97 -185 -239 241 212 98 203 -177 -10 155 -62 150 121 0 210 69 -168 43 -119 -247 -45 -137 -169 -102 -113 176 45 -29 -107 107 47 41 -216 3 -154 84 122 -233 152 -63 -60 -44 -34 -230 134 23 -147 54 180 36 -49 166 94 -96 239 53 -162 20 100 -197 -104 -15 102 148 30 -140 193 81 -81 -198 224 170 101 -158 -126 245 -41 -181 63 142 -85 -92 186 227 179 18 -189 187 -98 -138 191 76 129 -47 -193 1 -244 173 24 189 -94 -150 -106 -2 28 201 -242 38 71 34 -1 182 -160 -87 95 -73 -204 200 -142 -127 -17 153 -30 -223 
TEST 166 ARG:125 -10 -225 183 -92 -224 -24 36 226 -169 -7 -247 177 -9 147 -197 -69 -13 145 -217 214 -90 21 175 113 199 -207 160 152 146 -23 20 204 244 201 150 157 166 60 -243 178 -112 218 -162 210 -214 169 -94 110 31 215 -206 -18 68 245 -100 -104 137 -175 43 -185 -204 -184 -188 -107 -114 91 40 212 -32 25 -155 134 -63 206 8 -97 76 -37 -205 39 -2 -14 -131 197 26 248 173 24 -79 -60 94 -5 -173 237 -158 117 -29 71 -106 57 236 89 -213 229 -84 -89 -181 161 -176 15 23 247 163 142 -56 223 38 -77 211 -223 -78 -167 51 -244 -182 4 141 -123 -67 -83 -138 -193 -140 -137 -129 181 -42 -111 97 84 95 -219 234 213 -44 140 -49 -4 9 50 235 -141 67 18 -55 116 115 165 37 -161 98 -178 227 -113 -149 131 29 -195 90 49 -128 176 53 -201 -86 -199 44 -249 -53 64 207 74 65 -245 216 224 34 55 47 -35 -230 -160 101 -191 88 62 108 -48 -145 69 -95 205 83 119 -133 -250 61 162 -148 -122 -110 221 -237 -93 -170 -168 -71 -88 -127 191 -34 -15 105 -157 -180 28 164 -62 148 149 126 -101 168 -64 -229 136 -233 174 121 188 -234 96 -61 -20 -238 32 -134 70 0 -190 -194 -6 7 -109 -246 198 135 77 -227 100 -45 -68 156 -17 243 -143 -41 -28 -126 -147 -115 -142 10 219 17 -210 -183 -231 -211 12 170 -151 144 -220 -163 -248 80 2 151 185 -139 225 -8 -144 -232 -98 242 -52 231 120 -40 -242 153 -74 103 -215 104 192 154 106 -12 -65 -43 -218 -130 127 240 228 -57 -87 -21 -51 124 118 238 139 -152 133 -154 -132 -38 13 -174 81 72 -165 19 -31 -212 172 130 190 -99 -26 129 -189 246 -146 -236 66 249 75 -66 -39 52 112 159 114 239 16 -228 -202 -85 203 -172 59 -200 -150 -1 93 86 33 -159 -58 -73 -116 -166 -27 196 87 -135 209 167 -96 -136 232 -3 -72 241 58 -235 107 222 217 -70 -124 -192 5 122 -240 -25 182 -80 -103 30 180 233 -241 -119 -76 -187 6 78 -91 155 -30 -117 48 -179 11 85 -118 208 -171 -222 -198 -203 -226 194 -81 171 3 184 -102 -239 -82 -196 -19 200 123 92 22 -156 179 46 99 -186 -54 158 195 -59 -216 -46 -11 102 -221 35 27 -36 79 -120 -47 -164 1 -108 220 230 189 82 -16 -33 132 54 41 128 42 -75 56 -208 -22 186 -177 -50 14 -105 63 45 111 -121 109 73 143 -125 193 138 -209 187 -153 202 
TEST 167 ARG:218 68 24 170 21 -81 26 245 -238 167 135 -87 158 -126 248 87 -7 -224 -124 91 37 34 209 -145 78 97 196 113 -54 207 22 -57 -31 128 31 -210 205 -249 103 232 132 -13 239 -201 8 30 -155 -242 -65 45 77 115 -214 15 -40 -12 -248 -84 -11 36 219 43 19 -75 -119 148 247 -32 -154 -90 -198 -118 -174 35 237 -163 -25 -160 65 60 -24 83 70 191 48 -172 -240 249 -189 -15 -128 -59 220 17 -55 85 72 -182 -100 -161 100 -86 -42 -10 42 129 -134 105 -122 46 5 -139 -169 -106 -44 -223 198 -30 231 195 -49 213 99 -204 -72 81 238 149 -103 155 -232 176 117 -168 9 244 120 -188 -202 86 -216 4 -195 118 95 136 186 183 159 -190 217 -1 122 102 92 177 54 123 -16 180 121 -43 114 110 0 -83 -237 199 -239 25 229 -129 -147 -231 -70 194 -114 10 -221 169 -45 140 -215 -191 190 144 173 -197 -19 -179 222 241 -209 -77 -50 -185 104 88 193 59 -14 -39 240 204 -117 -170 -33 -135 -108 -20 141 246 157 -89 -34 64 174 -166 44 131 127 -56 2 -164 171 -6 -222 -193 27 84 161 230 -203 101 214 160 -186 228 93 -107 47 -226 -136 -2 -22 -227 215 -149 119 -157 58 51 185 -229 63 -80 216 212 -131 -228 -217 55 -36 -110 -101 -68 -48 56 -181 184 -18 -95 40 242 201 69 200 74 223 -250 -142 -146 -104 116 139 -244 -97 -79 134 33 -73 -35 53 -74 150 163 -113 235 -178 -152 -199 -60 -208 -177 -196 179 41 -105 96 -21 -5 -52 6 164 -63 -88 233 138 20 -133 156 -205 62 57 -183 50 -3 -246 202 108 -51 208 -144 236 -207 73 189 -62 -234 -245 147 3 -115 -9 -94 -173 -53 13 76 226 162 67 -99 133 -233 90 188 142 172 23 154 -162 38 -213 206 -130 -236 181 -93 -140 14 79 210 -98 -17 49 -116 152 -66 234 126 -61 -212 -28 -171 -26 -200 71 1 -225 -76 -247 39 178 -4 -151 125 137 -167 187 130 -123 -8 -38 82 -27 -29 -91 175 -241 -132 124 -46 98 197 -159 -127 221 -41 -121 89 75 -150 80 29 -243 192 106 -47 -111 61 153 -67 227 -187 225 32 18 -175 -184 -102 -180 -82 -143 -138 52 146 107 -141 143 -137 168 151 -120 -23 -109 -158 -125 -156 -58 -69 211 111 -71 182 -211 -235 66 -148 7 28 -230 -192 -96 -176 -78 -64 166 12 -206 -37 165 -112 -92 145 -218 -165 -194 94 16 112 -153 11 -219 109 224 203 243 -85 -220 
TEST 168 ARG:135 -222 -138 -163 72 -244 56 -221 55 3 124 -216 4 42 -231 76 -125 234 186 63 -227 0 219 -10 -36 -162 15 69 -66 92 -77 -127 -217 204 -112 -15 -103 -70 -200 65 -202 177 201 -20 -23 119 -191 105 249 -226 -130 -41 -237 -116 -147 160 222 -38 -178 144 182 -82 -129 -182 -57 -143 96 94 -86 -183 -133 36 -1 -48 -160 -124 32 179 -24 184 194 -88 -161 -240 211 46 -188 -249 -186 -113 21 157 -174 -248 123 -140 82 -95 129 -238 -40 -13 103 -204 34 -123 80 -99 150 244 -195 113 236 -185 39 -119 -6 -114 223 -168 -170 -141 208 -94 -166 188 -101 86 -214 25 218 84 77 215 185 -121 180 -207 -35 142 178 -65 28 -29 -19 -154 -72 -165 -69 -122 -215 203 14 100 112 -209 163 136 -81 143 206 -206 213 -144 57 242 -151 -172 -76 166 -98 -71 -232 -109 -33 -196 85 -120 -47 192 98 225 -117 -158 104 217 -148 -228 90 93 83 -159 -8 -157 197 27 -89 -179 191 -171 -87 231 66 -137 -64 61 198 -167 -18 170 2 -219 110 -199 101 -102 -173 12 111 235 -105 -61 -75 -156 -92 31 68 -63 88 189 117 54 238 -12 121 -32 -7 -245 183 -146 147 107 -164 11 -31 -2 245 75 9 102 151 -67 138 19 22 -176 241 -37 -213 -136 -142 -104 30 -150 -79 -11 24 10 -229 248 37 115 126 16 49 40 -224 -5 -220 130 169 -62 155 -177 -58 145 -110 -34 247 -44 -210 70 58 41 -111 35 -17 50 -208 -194 134 -187 227 95 176 214 -241 -131 148 164 91 230 -26 99 -225 158 29 -4 239 -39 -93 -56 -153 -9 -115 -181 59 209 -149 64 -230 137 205 -211 165 -189 -247 48 120 78 -43 74 233 -106 -42 -242 17 67 1 175 6 -45 53 -250 -46 43 -97 229 -68 -193 106 199 -3 13 -134 33 -198 5 47 125 -51 -243 -53 202 -201 52 -128 133 127 -28 -135 156 71 26 187 114 -169 -60 195 246 45 -197 -145 -212 -118 -180 -155 44 97 141 -16 -218 -184 237 171 -175 181 243 -22 -235 -85 -239 161 196 -107 -96 -236 38 207 -190 221 -54 212 -27 -90 190 87 -139 -30 131 -49 20 193 232 108 -50 -246 89 -152 146 116 109 -234 62 -14 220 200 -83 -78 153 -21 173 226 -52 -205 -223 168 -126 -74 -233 18 132 79 -55 -73 -91 60 122 128 -25 224 174 167 118 139 172 23 81 -80 154 -192 51 73 152 140 216 228 -59 8 149 -203 7 -132 -84 159 -108 162 240 -100 210 
TEST 169 ARG:-232 -150 119 175 67 -233 229 -58 201 -222 -223 -213 -13 158 -195 -152 -209 -174 66 -142 -247 222 78 219 -14 -48 39 9 160 245 244 25 72 -43 -136 91 -218 76 143 -220 -205 77 -36 -173 -210 -235 4 101 -216 -100 -133 -23 -93 137 6 246 -246 149 -244 -67 -104 159 -84 64 -236 -20 -127 -32 117 -4 179 -65 -217 -110 -141 213 -185 36 -10 73 89 -44 -200 118 115 200 177 162 -60 5 71 202 -214 -108 18 7 -224 112 -194 -165 126 57 -147 -183 211 22 193 -207 -82 132 129 68 -42 107 -239 -85 58 94 -129 135 167 -196 -97 -248 -50 15 75 60 -30 -21 -155 184 -1 -169 215 37 -35 -149 -18 103 185 196 -31 55 249 11 -6 188 93 -90 -221 98 46 -66 -105 -12 -250 163 240 216 233 -164 104 -76 113 -106 237 -112 -63 -53 183 32 105 -117 173 99 125 -49 -40 -168 195 165 -19 -135 -138 156 -186 29 -181 221 -51 51 74 171 207 -15 -234 -161 -146 -212 -81 -116 198 109 -118 186 -151 -72 -159 -123 30 -17 -166 242 -52 88 -94 -2 220 -211 -115 -130 -176 -206 -158 70 79 136 197 -153 168 90 -121 -119 151 -59 -74 141 189 10 -156 -182 2 44 -126 131 123 -240 172 -26 56 -57 -128 -37 -55 -69 17 -172 -242 -241 49 85 204 228 -86 84 -73 -89 -5 -54 42 -64 230 54 128 170 59 199 -111 52 14 -71 -47 111 -191 21 205 -125 45 -25 178 -187 134 224 26 231 -140 -231 -91 102 -143 -28 -122 -107 -62 -99 80 -230 -208 -124 238 24 -27 -160 43 28 176 -190 -120 227 166 174 161 -171 34 48 -80 208 120 139 181 -197 153 82 -114 127 -202 27 13 164 121 47 226 63 144 61 -193 69 -38 -178 243 191 23 50 97 152 122 157 190 -9 -163 138 -113 -16 -179 96 -225 65 -56 83 33 41 -137 223 -77 -175 -92 -237 16 19 -243 187 -87 -249 206 -227 155 -29 100 130 -24 241 92 38 -192 8 -96 0 -228 -245 -70 -39 1 -154 146 239 -78 -46 -180 -198 -88 31 -162 -189 -131 -41 -33 -226 -83 145 -109 217 86 194 3 -22 87 203 -45 210 -68 -204 -101 53 -134 106 -170 -61 -215 248 12 110 232 214 -201 225 148 -148 -203 154 -34 180 -139 235 142 -98 -75 234 62 -188 182 140 124 -145 212 -7 -132 -219 114 116 -199 -11 192 35 -229 81 -184 -167 133 -177 -79 209 -157 40 247 20 147 236 -3 -102 -144 -95 150 108 169 -238 -8 95 218 -103 
TEST 170 ARG:73 -94 -200 191 157 -30 -202 43 -133 -247 76 -70 236 114 231 -84 4 249 -11 -53 87 111 -14 -162 -32 224 -51 -233 112 -87 -182 -16 -67 -207 176 -174 -93 228 150 35 99 -109 -115 -176 -3 -42 -165 -58 -8 -73 -166 -37 -160 -147 -206 -135 -74 158 247 -159 25 -83 24 -27 145 -97 2 19 185 52 65 135 71 186 237 -111 9 -114 3 -243 -1 192 173 -107 -212 -106 -82 -117 -7 109 -116 -170 -89 119 0 138 74 -177 108 -60 -29 41 -246 -15 130 183 -113 -110 -78 -238 62 63 195 174 -223 148 78 206 -244 -239 26 201 248 152 241 -50 110 66 -161 -121 -149 94 240 165 -192 -178 137 -187 208 -108 40 -137 21 149 -26 -102 -48 82 211 -180 -123 200 88 -150 -38 198 210 166 96 -54 42 -128 69 -250 54 187 -57 10 -127 160 227 -64 196 106 -181 -21 126 -209 142 199 64 -230 97 -46 163 55 13 125 203 -2 -5 -19 61 -126 132 170 -136 51 -211 -225 50 -237 -142 12 -164 122 -65 11 -172 129 36 246 86 215 77 -112 -188 197 -227 -90 83 184 1 -96 92 -18 58 48 -167 232 79 -24 16 -189 5 -12 178 -204 20 29 -158 91 -45 182 -88 222 238 -79 235 -232 226 53 -171 -43 -6 147 221 -75 207 -156 -205 -173 -145 -23 156 214 -98 -168 80 -91 -130 -234 57 -99 -33 202 -221 -203 225 133 -20 105 -249 38 39 -59 -22 -213 134 -194 -86 101 164 -52 -222 6 8 -101 -226 -201 23 -198 205 161 -191 193 -235 -153 131 -34 -134 -131 -100 -55 -9 -44 22 213 -120 -197 181 -155 136 -163 -184 33 56 -179 59 -118 102 -220 242 189 116 190 143 140 -190 -224 153 37 47 -228 220 32 75 -40 124 123 -129 -72 -219 -66 95 -124 -138 168 68 -76 -175 18 159 -185 155 188 -236 7 -31 -140 239 -195 -216 98 72 -103 103 -229 -63 117 180 -186 128 -4 81 90 14 167 85 -81 171 217 93 -13 89 146 162 -61 179 -39 -28 223 233 28 27 -218 34 212 -85 -248 -25 -242 -196 -80 -183 127 -36 115 -214 118 104 -169 -193 172 -199 175 70 -151 -245 49 244 107 -71 -92 194 234 -47 -139 218 -148 -154 113 17 139 30 -68 120 -132 -95 46 -49 230 -146 -143 -240 204 31 -215 -125 45 -56 141 -35 -10 -152 67 -217 -122 60 154 144 -231 44 121 -41 177 209 -157 -105 -141 15 -119 100 216 84 229 -62 -17 245 -77 243 -69 169 -210 -144 151 -241 -208 -104 219 
TEST 171 ARG:81 68 -8 -207 -186 -205 222 -18 238 118 -101 -250 -87 -228 47 -27 216 -193 74 -96 183 -170 141 185 16 -42 247 -232 165 -90 -25 71 -19 227 241 2 90 -195 116 -238 -144 138 130 208 91 249 -125 57 -227 -107 192 -230 -236 46 -197 -66 22 40 -114 -56 -86 111 235 -156 125 -91 -247 -221 -83 -40 -110 -136 -81 214 -157 75 210 10 220 -82 54 -214 131 205 201 140 109 114 -242 175 163 224 -165 39 -47 -54 -31 -112 25 202 115 -69 -78 -124 -145 -212 -63 -29 -65 -39 -149 -234 -122 -68 164 233 -190 152 -4 237 -222 -187 85 -177 187 43 193 226 231 -100 -22 -164 -233 123 184 170 173 77 144 49 38 44 -209 -168 -6 53 26 153 72 161 143 9 -95 7 -172 70 82 -185 180 50 67 -188 -120 -160 169 97 178 86 166 -248 182 -80 198 -94 73 145 -44 -147 212 151 -117 -3 -128 -104 -105 172 29 -169 -200 142 -139 127 203 132 213 139 4 -84 -20 149 232 -37 189 -38 -102 108 -28 195 147 -10 58 -88 137 -9 -23 98 -116 24 -158 -163 -106 -7 -123 -108 190 171 -33 -32 65 206 27 -142 -206 -12 -99 176 209 23 -34 -199 -11 -115 -184 -61 96 28 -150 225 -181 64 -45 154 168 -119 105 -137 20 -213 110 -204 -26 55 248 -208 -131 1 -1 31 -17 196 -71 245 6 -103 -249 -216 200 199 92 218 -198 -15 -130 78 -201 -194 188 122 181 -202 12 246 -62 179 -57 45 69 204 99 -154 80 236 -127 -174 -98 -179 112 124 148 -70 17 88 106 -126 -129 217 -97 -241 21 -178 156 -74 -140 -243 119 -52 -218 -141 -182 -217 155 240 194 -14 -60 211 -77 -220 -153 104 117 177 -133 -196 37 -16 242 -146 19 36 -246 -229 93 191 42 52 -189 228 61 -21 -192 133 207 136 30 -191 -48 -43 62 -176 243 128 -226 197 -35 121 -121 219 102 -210 167 157 101 158 41 8 -92 18 -245 -231 56 34 -240 11 159 -244 60 113 -24 95 186 229 -49 100 -41 -118 -13 -85 -173 -59 -46 -166 87 174 -239 -53 84 -111 83 -225 -171 -143 -175 -138 -72 135 126 -75 -135 129 134 -51 -152 -219 13 -89 63 -183 5 89 -73 -167 -159 76 234 -132 -162 -215 -113 79 -5 -180 -64 -76 -50 3 48 -223 -211 -155 107 -58 14 51 -67 230 -224 146 215 94 -151 -109 244 162 -79 -30 223 -203 -55 -2 103 -237 -235 33 32 66 221 120 0 -36 59 239 150 -134 15 -148 160 35 -93 -161 
TEST 172 ARG:67 240 153 133 10 30 -45 -76 -209 -173 233 -146 161 -74 -143 186 -91 -56 -158 184 -183 60 20 -137 227 -241 116 -140 -231 -212 -100 -54 234 146 187 -193 -202 18 212 -94 165 201 -138 -192 -194 17 154 -153 -83 -88 -234 68 -191 209 140 -157 -98 -148 124 -248 28 65 -28 -219 -106 -199 159 81 183 -52 173 -59 104 -36 -65 -63 -111 -161 -159 175 190 -7 -244 22 -132 -220 -50 211 151 93 199 111 -22 -64 -89 -249 -21 -245 49 -73 109 -70 200 11 92 56 98 -117 229 91 -80 -123 -210 -114 179 152 150 -112 83 90 -149 117 69 -17 -43 -97 219 36 118 -243 -78 -218 -215 14 54 -177 182 197 84 19 188 -107 196 139 -48 230 135 194 -204 -147 -116 24 -214 8 160 -237 -44 -46 103 181 -67 -39 147 -176 -69 -104 137 -178 -85 71 193 -9 1 -247 195 25 -16 -20 -185 9 115 -250 -188 5 -124 -235 -121 32 -180 241 48 -246 39 -31 16 -230 129 141 74 158 -156 174 26 -30 189 -86 122 -228 58 -200 -13 -222 123 213 -226 86 -25 37 -113 3 -42 214 -196 100 143 206 -128 101 75 -136 -53 -213 157 -165 -19 -211 -167 -23 -4 -18 185 238 80 87 -119 34 96 164 -49 119 -96 88 -232 -61 125 13 -95 -233 170 128 57 180 47 -242 191 -229 -170 -135 244 63 167 -141 -189 82 66 53 204 -47 106 218 -131 -35 -103 239 -198 -108 114 -77 76 72 208 -174 -72 -115 -171 -55 -134 166 -68 -207 -2 -236 156 -150 15 -51 -223 -201 78 -105 -14 42 178 -225 224 -240 62 120 -154 -57 52 -160 -197 35 -84 -40 242 21 148 105 31 -26 217 225 130 246 -217 -87 -127 -126 -92 -118 249 -181 -8 -168 -239 79 41 89 -90 231 -41 4 126 149 -60 210 85 162 207 -190 163 55 -179 237 27 77 121 95 243 247 127 -10 215 -34 -162 131 -24 -166 -110 59 -79 -227 -169 51 177 -216 226 -133 -33 29 -81 216 203 -142 -187 138 -6 -38 -32 -203 -175 23 -102 50 -120 -109 -163 -224 45 235 -93 64 -151 -82 61 -12 144 94 -155 -221 236 198 222 -99 12 -238 245 73 136 -164 168 -62 46 192 -130 -182 102 -208 44 -122 248 38 43 -1 -101 110 169 -27 -186 172 2 -172 -152 108 205 -184 134 145 -145 7 -206 -144 -195 97 -139 112 -71 -5 -75 -37 228 221 220 202 -11 -58 155 113 70 -3 107 223 99 -29 176 33 6 171 40 -125 132 -129 -15 142 -205 0 -66 232 
TEST 173 ARG:-171 151 195 199 212 248 113 -151 -1 116 49 -118 190 -6 -51 -122 -34 -114 245 -142 -213 -155 -82 -31 -198 99 -178 -209 58 -17 94 213 -164 -137 71 242 53 -4 -36 -246 -157 -120 -174 -76 -182 85 35 -78 23 18 231 -227 37 -30 -180 235 -65 238 61 -134 -81 109 -140 124 -71 -201 158 156 36 -185 -240 57 4 62 -217 -232 93 95 66 -146 -220 206 -152 30 -188 13 -245 -216 182 -32 -241 -72 -96 -97 137 140 -206 102 236 183 232 6 -58 176 11 -129 -44 164 -35 -200 86 -79 -33 -43 -154 -218 41 -177 -56 -13 136 89 -150 10 -230 129 188 114 87 218 150 96 205 134 42 -18 -194 25 43 -67 44 15 -179 -214 110 52 59 160 -211 -158 -124 155 -144 -183 67 98 132 34 108 100 -54 -248 -113 -249 -26 -132 126 45 173 28 -193 -186 76 -100 -77 -130 -172 26 21 2 -55 -49 161 -73 -27 -25 111 -2 131 227 230 -101 138 -83 -47 -226 207 167 -173 48 -250 33 -64 -62 -89 -143 -234 69 -91 82 145 -238 80 135 20 22 -221 -135 193 175 32 -127 -162 -94 38 0 -41 221 73 -63 63 -57 -112 77 -70 -98 101 -88 97 -175 -187 153 179 139 14 147 220 -107 -199 -169 79 -106 -22 130 91 196 -184 142 241 170 -95 -204 -181 -5 -148 -93 174 -110 203 122 -147 -242 226 -167 -108 -8 -145 1 24 -136 224 -39 -52 -190 -244 194 12 -69 -205 -74 -166 -102 -160 -243 17 46 123 -59 -61 191 118 -192 -119 -233 243 198 222 -115 239 56 51 -223 70 -53 84 -191 -210 144 16 -105 -176 -104 -11 78 -103 40 217 -66 81 31 -131 229 163 -23 216 185 29 5 88 181 27 233 8 157 187 -141 -111 106 54 186 240 -37 146 -231 -195 -99 -153 60 74 -196 -159 -128 112 -165 -75 -125 -68 -24 50 171 -139 168 -12 201 -203 -10 184 -29 -212 228 -3 105 209 -116 -84 -161 215 180 -16 -121 -237 -170 -14 -46 -19 128 103 208 189 154 192 -149 127 117 9 -208 -50 200 119 -28 -86 115 -40 247 19 -90 159 219 92 141 -163 152 234 -189 178 -123 166 -247 -126 249 -85 -7 -80 -48 210 223 -225 133 -197 39 169 -202 177 237 3 120 68 104 162 -236 125 90 121 -20 -9 -60 -224 -207 165 -239 -117 -229 197 246 64 148 -133 47 -38 -168 7 -15 202 214 172 149 75 -222 107 -45 65 225 211 -138 143 244 -87 55 -42 -156 -109 72 -219 83 -235 204 -92 -228 -21 -215 
TEST 174 ARG:-43 218 -30 132 234 -91 178 -217 240 -50 33 24 -67 139 128 124 49 94 201 20 -53 228 166 145 108 109 -71 248 -250 70 32 192 -168 173 47 -193 -162 -197 -122 -4 -89 197 34 -121 121 -212 29 194 156 -142 26 18 -52 -165 -235 138 180 148 -35 59 67 149 -13 82 -148 -51 35 -184 185 -201 -219 97 -183 -166 -90 45 63 153 36 -192 162 210 83 30 -175 71 37 129 -38 73 -10 -206 160 99 1 -97 -78 -164 -76 112 224 -34 -195 -187 242 176 -143 41 -64 182 211 -6 60 247 111 237 10 134 23 216 -199 200 229 -2 -47 181 -139 -191 -209 -242 -138 17 -92 -174 -85 188 -186 -27 -37 179 -132 68 -75 -120 -249 12 5 -119 163 103 -140 -237 209 171 40 85 -181 19 -42 -44 214 213 -23 -61 151 44 -103 -240 91 -126 126 144 130 -248 -69 -151 140 -19 236 -66 167 -156 -74 89 195 72 172 -141 -129 -218 66 230 -231 74 -149 158 219 -203 -117 -220 -244 -116 221 -232 -22 157 196 202 249 54 -106 -124 -16 -150 -228 -180 206 152 -82 -15 -115 -60 -107 -133 169 -95 53 -56 43 -130 -88 -158 146 -155 165 -86 -229 -207 110 101 241 0 -55 -25 92 80 -48 -127 -84 204 -169 -189 58 -226 3 -3 -239 -185 246 -14 -236 226 -125 -80 -20 212 81 -134 -247 190 93 -28 -167 232 27 -179 175 -62 8 61 -147 120 -111 215 -93 -36 -98 -208 22 183 -188 -243 -205 -65 137 52 161 106 -112 147 233 -135 -202 231 115 198 235 -173 -145 186 131 -39 -137 -204 -77 48 -131 117 154 2 -214 174 42 75 -238 -32 123 -159 55 -182 220 -102 -105 51 243 -109 86 199 -194 -152 141 222 -57 98 -224 69 -17 -171 159 -7 64 -49 -100 77 107 -223 78 -1 133 -161 -96 155 38 -54 -222 -163 -123 -241 -18 -215 -196 -210 -31 -176 -128 -213 118 -59 -94 -233 102 -190 -114 -33 113 177 -110 -160 50 -153 -246 227 -118 39 170 -40 184 -104 11 223 -81 245 -211 116 -230 205 168 -245 -72 217 -234 -113 150 -154 13 -12 -136 -45 -108 125 -172 -83 244 -46 -227 21 -200 114 87 189 -41 15 -144 28 -5 -29 96 135 100 143 9 -101 95 119 56 136 -87 238 84 -221 6 104 187 -225 -63 88 -58 -9 193 127 122 -70 -146 79 105 31 -8 -157 57 90 239 -178 -73 203 16 4 -99 -177 207 -24 -170 225 46 25 -68 -79 -26 14 164 62 142 208 -21 76 191 -216 -198 -11 65 7 
TEST 175 ARG:-87 24 -101 205 -221 90 47 -147 92 0 -237 -209 43 195 130 -167 97 54 -48 209 84 -2 98 -191 133 -54 211 -102 -40 -79 124 82 -197 37 167 64 158 -181 -51 -204 -160 22 -38 102 117 -57 156 59 -202 -139 -158 -47 245 -108 226 -132 220 -163 -109 223 -5 -106 -83 20 -210 103 -226 -27 193 79 -18 135 53 87 -188 -248 75 80 181 173 13 89 -246 18 -119 -187 55 -180 -16 126 93 125 166 -223 210 227 136 -151 39 -123 25 66 155 100 -105 -244 8 -146 190 -153 164 -206 60 -95 -176 184 -104 -13 -213 -26 -164 236 73 -15 -212 -80 -93 -94 -29 42 221 240 213 -103 65 -69 -179 -185 29 199 182 -214 -82 40 -56 -58 175 -39 57 -233 -149 -227 -192 -19 -145 -3 -25 -99 -245 -23 -156 -88 14 -178 -113 208 -232 -110 51 62 21 -7 -157 -114 -141 197 -144 -60 5 244 -175 -208 214 -216 -74 26 -186 12 -9 -127 231 150 110 88 -84 -67 142 -234 -14 -107 202 163 -71 -121 -81 114 146 -122 129 127 207 212 138 180 215 -247 -143 -239 -165 -169 165 -135 -136 -28 34 91 134 61 106 228 -97 76 145 71 170 -195 248 206 249 196 -183 -12 108 -231 -8 -150 -78 -89 -155 -92 161 -90 105 -177 -43 96 -134 141 -42 147 191 -96 176 224 -30 67 -200 -250 74 157 15 -68 153 123 -1 171 -76 178 111 -70 189 -220 83 -64 63 -199 225 -17 107 17 243 172 -170 -31 139 95 -100 11 33 203 94 10 49 198 -217 -59 -20 113 -72 -166 229 116 247 -222 -229 -225 -37 192 41 -45 109 230 218 -148 -65 -22 179 85 128 216 68 69 -85 9 -238 28 -243 -33 7 -207 -66 122 -46 -133 246 77 -218 144 -211 104 -117 -34 72 4 52 -10 -241 -198 -137 -116 -128 -129 31 46 -203 -184 -171 -172 50 -152 101 -228 -11 235 6 -236 222 -125 3 131 36 38 81 183 239 217 2 242 -173 -130 -138 -162 132 160 -52 -50 78 -224 -111 -41 -55 -21 -242 -73 30 -124 27 -77 151 -154 187 -140 185 -230 152 115 56 -201 -194 -49 32 -182 186 -4 -112 177 35 86 -91 194 -174 112 -62 58 45 232 -86 -6 154 -24 1 219 -61 -131 -240 168 23 121 238 -190 44 19 -215 -53 -75 241 -36 162 233 -161 -118 201 -219 -98 234 -159 -120 99 159 -126 -35 148 -115 16 120 204 143 -142 70 149 -44 237 137 140 -205 -63 119 174 118 200 -168 -189 169 -196 188 -249 -193 -235 -32 48 
TEST 176 ARG:10 -90 22 -4 20 175 -183 -135 173 154 28 70 191 -12 99 23 4 -115 -168 107 -236 -75 -24 25 -8 140 132 -212 14 24 -80 -175 177 1 -119 77 68 -105 90 -91 -188 51 -118 -65 205 -209 -5 -17 143 236 84 -162 60 -221 -160 111 180 -10 -97 -26 -215 87 -55 149 -147 182 -200 156 55 212 -27 193 139 152 7 -111 -151 -31 -148 -87 157 -170 -71 -228 -235 -177 -56 120 128 -57 -143 -42 -16 167 233 145 228 -207 36 30 100 158 164 -109 -226 -195 119 243 64 216 54 -81 222 11 225 -174 -103 -59 -100 248 94 19 -246 40 -106 133 89 34 38 142 98 -123 85 -14 -210 -45 -172 -239 -159 174 -190 9 -154 -1 -176 -125 73 -78 -121 153 -60 56 -133 81 -197 -64 -112 227 -157 -85 48 126 -126 69 26 -84 -30 -72 -203 -86 245 5 -213 -201 194 -161 218 -74 35 -163 171 -237 -120 135 32 165 146 -185 -167 211 147 134 -15 -155 -223 208 -227 -110 -131 -92 136 -40 75 13 -61 -192 -69 -139 197 198 -39 -43 196 -38 -191 -41 18 -114 -169 -206 141 125 127 71 61 185 104 -232 129 -95 176 -32 108 15 -6 -189 151 66 -93 -51 -20 -211 58 144 92 88 112 -241 221 -13 -204 210 -104 -3 -231 49 166 -77 -70 -83 200 76 114 220 192 43 240 -208 148 238 -218 -179 27 -214 96 190 -7 -217 -76 -108 -158 -222 207 -117 187 -184 -198 80 137 95 179 160 201 -66 -9 -68 213 -63 91 -18 249 -113 -166 -178 -127 -230 -216 -193 -224 -96 50 116 195 83 41 -182 -180 -52 -99 181 -186 -156 93 155 -19 -36 118 199 16 -35 -122 42 -181 65 224 122 -173 159 -136 12 117 186 72 209 -94 -21 -11 -194 172 -25 -233 124 -129 188 162 168 -67 -248 170 44 -202 -219 -145 150 8 -37 47 21 183 -149 37 -150 131 39 -116 242 78 189 63 -144 6 -138 -58 206 163 -47 3 -132 110 2 -141 -88 59 -23 -134 -98 -142 103 -50 105 -205 223 123 67 46 -79 29 -171 -128 -146 -242 -243 230 101 -229 106 204 -187 241 -28 -250 -165 232 -225 -73 219 -22 -234 -244 178 -196 235 -164 -46 -249 17 229 138 57 -44 -107 0 -247 215 -82 -124 52 109 79 237 -62 -54 169 239 -48 -34 74 -130 202 231 53 -220 -238 244 31 247 184 45 115 -53 121 -245 62 246 -2 217 -199 130 -101 -137 -140 -153 -240 161 203 -49 97 -33 -102 -29 102 113 82 -152 33 226 86 -89 214 234 
TEST 177 ARG:-182 44 185 22 -244 175 -192 -216 62 53 -83 28 -152 -86 88 -157 128 122 -17 -89 -29 212 215 92 -200 66 -2 -35 -123 -243 -51 38 -21 -1 94 -229 -173 -121 219 -97 12 -226 104 -210 -228 70 -57 206 32 -47 -116 -238 201 -162 103 -126 -172 -142 -54 39 230 123 -52 97 67 217 -85 115 107 -118 -81 -220 -150 -189 150 -171 -240 -111 -99 -91 -132 -169 41 129 -124 -217 -76 10 -208 -130 177 91 -31 50 86 -133 234 222 1 -65 -180 96 183 157 -212 3 -194 101 -12 -74 135 163 235 -34 -93 -230 -112 -78 205 -28 75 245 223 -7 143 47 153 90 155 0 156 180 233 19 221 -45 48 -231 147 -178 -66 -156 24 -147 218 71 152 -221 -115 -79 -55 -122 -49 -41 69 -209 238 65 167 -248 -170 -135 -154 194 -188 -176 -58 124 170 207 -202 246 158 68 239 80 -232 -30 131 -195 -160 182 -23 31 184 4 176 243 119 -6 112 -27 74 213 -134 -206 -80 139 -125 5 132 -109 159 60 125 148 -224 -16 -37 -196 171 -10 -5 -166 -69 72 -203 -11 -75 197 -219 -247 141 -159 35 -167 -73 52 121 -72 -225 134 37 45 -43 216 -148 105 -131 23 34 -19 -108 -218 -211 -18 -120 -42 -70 -98 -106 85 133 244 116 6 61 64 137 227 -163 -237 247 190 -40 93 146 -46 -9 -84 -191 140 -68 -50 208 144 8 -144 241 79 -233 -71 -117 120 -222 51 -67 -4 225 -94 240 -177 174 231 -140 46 211 110 193 89 224 -13 242 -102 -61 -14 -33 111 -175 -246 -110 -249 -26 15 -236 -136 43 -146 -48 -185 166 20 98 -241 -186 36 -199 -15 102 179 -100 -25 -207 161 168 -22 30 77 78 195 7 87 -104 -87 -158 83 198 -161 109 100 76 -103 -32 -198 95 138 14 59 -137 40 118 27 -164 -181 200 -8 126 186 -205 -24 -128 -77 -149 57 -113 -56 -38 248 -145 -183 142 -204 196 42 58 49 -20 -107 -187 173 -63 209 220 -234 -129 17 136 -62 249 -235 -193 -250 -119 210 18 181 2 -201 -223 169 -36 202 -190 99 -155 -44 -168 11 -245 191 -105 145 -96 26 -101 16 -92 -53 113 232 55 -143 -59 204 114 -197 -151 165 -114 189 -88 33 -82 9 -64 228 -95 -153 -214 106 81 82 203 25 -127 -215 56 -179 237 226 199 187 -3 162 13 -174 84 214 -227 172 192 -184 164 149 108 160 -39 21 -90 -242 -141 54 130 154 -60 -239 151 -213 188 236 178 73 229 -138 117 127 -139 63 29 -165 
TEST 178 ARG:-248 162 -188 215 -148 -232 -130 -101 230 -159 -77 171 -144 -123 221 -212 -100 -183 128 -33 -175 -167 79 -23 195 2 46 5 204 -128 185 -92 1 -152 -30 43 -158 98 142 -151 170 227 -169 -52 198 169 77 -139 74 -172 21 -108 153 135 105 206 27 239 201 -82 9 68 -116 192 75 -231 -25 -201 26 216 -181 163 212 177 99 -134 -46 -190 187 -223 -118 29 -80 -140 -53 -36 -112 -66 -234 100 145 156 237 58 101 203 199 64 45 60 15 214 196 125 -210 -247 92 -97 -143 140 -186 20 -104 231 179 188 161 -37 25 -32 107 -22 -174 86 38 -120 102 -57 80 42 -12 -185 213 -211 113 -107 11 73 0 33 47 155 -67 181 -9 -162 -200 14 -176 90 208 -250 59 -3 -198 -42 54 -218 109 23 -68 224 -239 87 94 165 219 211 150 149 -86 124 127 178 -19 117 120 69 -242 12 -55 -229 -129 -94 186 -192 17 -105 108 -69 -60 41 174 130 -110 238 184 244 -226 82 158 -48 50 22 -89 -208 -216 -240 71 -215 -28 -160 31 70 -180 247 -24 167 18 168 -153 13 48 -78 183 -173 -44 -197 240 218 249 -63 114 -40 -20 172 193 -136 -10 -194 180 159 141 -154 -227 242 83 -74 197 -193 -206 106 91 176 194 44 63 -76 -202 65 -81 -73 -191 8 -178 -117 -131 -7 154 -214 -96 104 -21 -13 -171 40 116 -230 -4 -141 -54 -155 151 -149 -41 56 -168 -56 126 -43 95 -238 233 173 -16 35 -135 115 -62 -91 -204 235 -35 -237 -217 24 -127 -93 67 -102 97 -113 -243 217 -122 76 -224 -39 -34 147 84 139 -147 157 -49 -18 123 189 -145 209 -65 -15 -83 -132 -85 30 225 226 -17 223 222 -195 -29 61 248 -166 -26 -11 -133 66 -75 -99 103 -115 246 -106 -209 243 -187 -196 229 19 146 37 -157 121 -27 200 110 -1 32 53 -150 -213 88 55 -225 144 202 -142 160 -59 -177 -207 -45 -121 28 205 -95 -31 78 -137 -246 207 -241 -119 -205 -221 -184 136 62 131 191 232 -84 -161 -51 138 148 -182 -64 -124 228 164 -72 81 129 152 85 236 93 118 39 89 -6 122 -189 241 -245 -61 -222 111 52 -87 -114 6 -233 16 -199 -126 -71 -156 220 -2 -8 72 -203 -165 34 137 51 -70 -90 -163 -103 57 182 -138 -38 234 134 -170 10 166 -58 210 -219 3 -228 133 -88 -47 -235 36 49 4 245 -146 -109 -111 -125 -14 190 -164 175 -5 7 -244 132 119 -50 96 -220 -179 112 143 -249 -79 -236 -98 
TEST 179 ARG:-153 -123 234 -31 -221 11 169 -243 215 -106 34 64 -247 163 190 55 76 -102 -215 239 -24 58 -97 -11 187 128 -61 -155 -227 129 181 201 122 200 -80 -69 -248 65 -139 -127 174 -204 52 -103 -74 86 233 -142 -82 189 54 162 119 205 66 139 116 -166 235 -10 170 216 -4 -151 134 -27 6 152 -48 -18 8 36 -187 155 -217 73 179 -148 -156 -192 193 27 61 -43 -131 78 154 -1 118 -211 -64 230 -149 -191 136 248 -210 37 -232 -19 -237 -132 17 0 -230 -176 -88 130 -34 94 -83 -40 1 133 159 165 -126 125 217 -159 -55 -150 -89 -105 142 203 -234 -138 -85 -100 161 -3 80 184 194 185 236 140 110 -54 -171 -222 -65 39 -32 53 96 -167 -30 -8 -68 31 -59 95 245 115 47 188 -162 -249 -188 -190 -77 -71 109 -160 138 -49 -23 182 -146 219 -200 204 9 221 93 -44 -175 224 -41 -21 -194 71 -75 149 105 -37 -15 238 227 -196 -178 -125 -5 -12 135 -93 -122 28 -58 -184 -90 153 84 -17 213 210 -140 -207 -116 33 -63 158 176 12 44 38 5 18 180 150 -157 196 209 -145 -199 48 -208 -137 10 -57 127 -202 -195 -108 -220 -198 19 -134 -16 186 90 106 113 -124 225 49 242 198 -193 208 -115 -73 202 146 -182 212 43 -241 91 126 15 -218 -223 -130 156 29 111 223 -52 147 63 -28 24 -29 74 -136 -189 100 -13 -70 -173 -203 -172 -179 -147 160 226 77 104 -236 -118 -197 -214 57 220 -169 117 -180 16 -141 218 157 148 -6 -113 121 171 228 -158 -35 -209 114 -183 -121 13 -229 -99 195 -250 -2 131 -91 22 -128 -60 -154 -231 51 123 -78 -206 183 -47 229 72 240 -101 173 -120 108 246 -205 97 172 -224 241 -242 41 20 -38 -96 -225 101 75 4 167 -95 -110 199 99 144 207 124 2 -245 14 107 143 -109 -238 -152 30 -235 50 -62 132 -186 -165 21 244 232 137 -53 62 -87 -84 42 -239 164 -163 -174 -111 -164 -244 -46 -119 70 69 237 102 151 -233 249 -185 112 214 92 -177 -66 211 -76 -133 79 -94 -51 68 -7 177 -20 166 -135 222 -104 98 -161 -112 206 -240 243 -246 82 85 -67 56 32 -226 168 141 45 178 231 -39 67 191 -170 23 -168 -181 192 175 197 -22 -33 35 -9 -107 -45 120 46 -14 83 -81 -86 25 -212 60 87 59 -72 -228 88 -144 -201 -114 -117 -129 247 7 -42 89 -79 -50 -216 -56 3 103 -219 -36 26 -25 -143 -98 145 81 -92 -26 -213 40 
TEST 180 ARG:-85 48 50 11 -239 -154 -194 -220 -15 128 -235 -45 189 220 -58 32 78 -47 -224 54 160 -70 -89 -233 149 5 181 116 -173 55 -182 0 -43 -75 -5 -137 210 85 194 217 84 168 60 -17 -241 164 186 25 130 -111 -132 -77 90 -19 -103 2 -50 68 -1 174 -180 -37 159 161 -197 -22 -57 72 -119 97 -209 69 190 94 -207 246 -100 156 -156 -36 19 -227 1 -243 -234 -106 121 -162 29 77 191 -78 221 197 118 -60 125 -10 222 -33 -167 -12 173 18 -170 195 -134 240 -249 -4 73 65 215 -55 170 234 -155 196 -198 -205 -226 -195 -244 193 74 -72 -174 -110 223 -107 126 177 -115 -201 16 -54 -247 -51 58 133 95 244 -92 -191 176 -18 -129 31 111 67 165 171 -231 -87 -66 -76 233 119 -81 89 -30 -90 124 105 -7 59 -98 -117 -113 -124 -41 249 -175 76 -91 -104 -141 225 -211 110 -73 34 -218 152 199 162 -232 -38 -217 -94 -192 22 115 201 -27 52 155 -190 113 -49 4 172 71 -28 -67 237 -42 -181 142 153 219 -62 -222 -95 -240 38 -183 92 -196 -140 -21 114 -184 13 146 -64 129 -24 213 24 27 131 -133 211 -223 -144 145 49 -127 21 30 -158 -168 -139 -185 57 -14 230 158 -136 23 204 -176 -109 -143 -59 -93 209 87 207 104 -69 235 40 -135 187 -29 -210 79 -63 -32 214 100 -9 224 218 -118 212 80 -213 -16 -150 -46 17 -157 35 -238 132 6 -13 -250 75 53 -188 140 -225 -11 120 9 247 135 -236 82 151 93 -177 -138 -80 112 66 10 127 192 -163 -96 -148 231 20 108 143 101 -68 167 37 139 -121 216 -65 123 148 144 175 -31 -125 -172 -108 -237 -102 -179 -112 -215 14 229 228 184 -216 226 -88 -120 200 150 117 -171 102 163 -101 61 -26 -34 -44 242 -189 -164 227 -25 -52 248 -219 -203 -39 51 137 -206 91 96 169 -228 81 -20 -23 -105 241 8 -204 -245 -153 232 -145 47 -6 157 64 180 202 88 154 26 -160 -123 43 -221 166 39 -169 83 -122 178 -99 138 46 103 -48 86 198 185 -53 -114 245 7 -97 182 122 208 -130 -193 33 206 63 42 36 -3 -202 -230 -208 147 99 -242 239 -116 -187 41 -2 98 -40 -128 -229 -131 -71 106 179 -165 -79 -166 -178 -214 15 -8 236 205 -74 141 -246 -152 -147 3 243 12 136 -146 -200 -199 -212 183 203 107 -84 -159 -86 -248 -35 -161 -82 56 -151 70 188 134 -56 45 238 -83 44 -149 28 -61 -126 62 -142 -186 109 
TEST 181 ARG:-217 -98 165 29 -74 -157 181 -147 60 200 -123 59 -121 191 140 -239 -41 -100 -197 51 -30 -66 243 82 27 -63 87 -4 -159 -86 -111 210 -169 -96 89 135 -119 201 -237 -50 -104 -36 -152 123 -102 98 83 -94 -8 162 209 -72 -128 -164 -173 -65 -182 202 137 72 239 64 248 -193 -97 -73 102 3 106 230 -174 186 -153 4 -213 0 -139 119 84 199 -82 131 227 -194 104 -235 95 -24 112 -118 -215 113 105 -27 134 76 194 -58 100 74 50 37 22 49 -158 213 91 -54 21 176 192 -57 -209 88 94 179 172 19 -89 17 52 30 11 146 159 -247 -221 183 -189 63 90 246 16 231 222 -5 20 -70 25 77 -22 153 -19 233 -16 249 -114 111 -132 46 247 -140 -37 234 -28 2 238 58 142 -228 -47 118 -224 184 225 -125 73 187 224 226 -29 133 -186 -91 -181 -183 -95 143 108 -126 96 193 -88 85 54 -150 -242 214 -108 107 -3 188 -249 -212 -133 -199 -35 -87 -203 81 -144 -233 -236 -80 -142 130 15 -112 -244 -115 -61 101 14 93 -84 -33 223 -12 198 245 -246 -76 70 -163 -188 237 127 228 40 55 12 65 -245 -39 -220 216 99 122 -167 69 23 240 45 -46 -201 -243 -52 -162 80 66 34 144 -208 -60 -172 182 -85 -205 -14 103 -34 -178 -77 -241 -232 -168 10 170 -79 -149 -53 -48 117 -32 -143 115 109 -59 171 -204 -18 41 -198 114 161 164 163 -67 110 -107 -223 -6 -130 -75 -180 -93 -179 -38 -175 -176 -40 -145 7 151 132 -122 125 124 -1 221 -156 147 -55 -222 -231 219 -117 78 -49 -226 242 67 -170 220 -43 -250 24 244 1 -11 -99 -13 196 -106 26 -154 -214 -184 116 -68 -177 173 -191 -90 18 -138 -23 -81 43 -71 -202 156 180 -131 -136 56 206 -230 152 -31 -207 -26 141 -83 -234 -129 -15 205 -238 9 232 149 -229 28 155 97 -17 -42 -25 -124 208 -206 212 -171 145 -120 129 169 154 178 38 -137 -7 -160 -185 -192 -187 -105 -44 157 -166 47 48 139 177 204 -127 -103 150 86 -225 31 158 42 235 189 61 211 -116 68 -56 32 -92 8 -195 -64 -78 -248 -196 33 79 -227 53 62 13 -148 -240 203 174 6 -151 -21 136 195 190 217 207 241 -45 35 -10 -219 -165 -9 39 -2 197 5 167 75 229 -200 -211 175 236 120 57 92 215 166 -101 218 -134 36 121 -155 -109 -141 -69 -62 -210 -110 128 44 -20 138 168 -51 71 -146 -190 -218 126 148 185 -161 -113 160 -216 -135 
TEST 182 ARG:174 -9 170 -235 60 -247 -54 96 209 -80 191 -233 74 143 49 -6 -91 37 29 -118 247 -239 79 -47 218 78 224 3 -155 -187 -63 132 -29 73 -58 -178 -73 12 -240 -88 -137 146 131 28 -93 205 155 59 -180 -86 -66 4 -34 5 228 -126 81 14 -134 168 -250 201 -202 -61 -109 150 -8 206 65 161 -83 133 -117 184 -92 -107 -25 187 141 -193 0 142 -220 -22 222 -13 -185 -166 221 219 186 -140 -230 210 23 -84 -30 -7 -113 -68 -94 -234 156 -3 231 69 72 113 117 137 152 22 243 -236 -223 149 75 -163 27 227 -20 213 -181 41 -131 -64 101 211 19 -164 40 134 -15 -204 196 103 100 -129 237 -194 -189 -238 -159 -23 -39 36 153 66 -160 -244 239 112 -221 -46 53 89 208 -85 35 -226 -207 -24 -51 -18 86 -95 58 177 24 8 -169 -228 197 167 1 -52 110 50 -123 -172 -103 102 55 18 -12 -111 249 127 -42 -132 -241 -246 136 107 -197 -65 -16 -2 -203 238 -138 47 64 -145 -237 192 90 220 207 91 16 46 -112 -229 -89 99 -19 -72 -188 42 -165 166 31 -43 200 -217 -67 139 225 -53 92 -49 183 -170 180 -27 13 95 -212 82 -81 -208 212 232 105 -40 -210 -74 -167 20 -173 -11 -50 -158 176 163 45 83 -31 234 84 -71 76 98 -245 -62 87 -174 -216 242 217 -110 203 71 -17 56 -5 -219 -125 151 -146 -59 -141 188 169 34 118 -82 182 204 44 2 -104 -1 -177 26 -183 159 175 -209 -175 -121 106 123 -38 116 -14 129 -45 121 -143 -115 171 241 33 124 -225 -69 158 195 223 -156 -124 -116 -142 248 194 -96 -205 38 -60 -139 9 -215 119 -199 -231 -76 233 164 229 -41 199 -114 51 245 -98 -136 7 -176 -44 -242 244 -99 -168 144 214 97 -144 215 190 39 80 138 54 -106 43 189 93 -55 -227 226 67 -21 181 -87 -161 -56 122 240 157 -192 -97 -105 48 -196 -248 -28 198 -108 -119 -214 -48 109 147 236 -222 -120 -190 -77 -184 -90 -149 -153 -198 -36 -162 140 77 -154 -75 179 -100 165 85 25 -195 57 130 30 -133 -186 -171 94 62 145 -157 115 70 162 15 63 -57 -128 -201 -10 154 -102 202 17 -200 160 246 -26 108 -35 -127 61 11 -182 125 -33 -70 114 -218 10 -152 -150 193 68 -135 -101 -179 -151 104 -4 -249 120 6 178 -224 -213 32 173 126 -130 -147 172 230 185 111 -37 128 -32 -148 -232 52 135 -243 88 -79 -122 -211 21 216 -206 148 -191 235 -78 
TEST 183 ARG:-152 -54 -11 32 43 152 122 -62 -75 -36 -135 -83 89 135 -245 -166 190 -13 93 99 -207 57 -16 -192 164 113 58 180 210 -125 187 215 -223 158 222 -146 -53 40 167 -27 14 -197 73 -23 176 54 -154 -58 153 -235 -43 -136 184 34 115 -144 79 218 69 204 30 -249 22 199 -26 120 240 -225 246 -126 66 230 -89 -68 -84 92 -139 -226 248 -78 -104 -181 -128 -114 -212 140 -45 -22 -30 -171 119 53 -155 -20 -70 118 -211 128 -44 -33 -31 -134 127 -185 104 243 -176 201 -41 145 16 -160 147 -234 178 -130 -50 -224 96 -178 -230 159 105 -244 156 86 75 -243 -93 226 112 -40 -107 -169 200 111 -213 83 -247 -106 -162 -216 110 20 -143 -99 18 -90 -133 -121 -180 234 225 -77 -79 -153 -193 -177 -74 78 -189 -182 64 -199 -170 -55 -220 -202 107 -102 -112 -28 -201 -167 -248 -110 6 -88 -81 -7 -48 -51 56 31 -1 38 85 -157 -184 182 237 -147 102 -118 -140 -228 -204 68 -24 212 -232 192 155 149 177 67 188 216 39 219 0 -241 -227 233 -179 108 -239 -186 -59 -190 117 205 10 81 29 235 51 -3 -71 -236 -72 -80 23 194 -214 27 61 13 -38 121 203 -210 -161 -66 -109 231 7 -17 -46 -101 241 232 197 143 19 3 -116 -37 -222 50 206 -183 196 211 84 -64 47 2 162 221 -172 223 -200 154 62 202 1 125 161 52 193 -250 171 -131 146 -14 175 123 76 26 -19 195 24 114 239 -156 249 170 33 179 -215 35 25 163 208 136 -97 160 -237 -32 106 -8 116 98 139 -165 -117 11 -49 41 94 44 87 244 144 198 21 131 168 186 77 28 157 141 72 -150 -187 100 97 -69 -115 134 -25 -194 -56 -168 -145 -163 -65 95 214 245 91 -242 -98 183 103 220 -132 -164 173 -217 15 247 -158 -188 -2 138 -4 -76 -96 55 -57 -63 133 -122 -61 -100 -60 -148 -105 -231 -9 -138 -91 109 -52 238 80 -191 209 224 150 -113 17 -120 8 -174 124 -218 -175 -12 65 -238 -124 -206 169 -21 -42 -47 -195 -18 -119 -67 -196 -142 -6 -208 181 -15 88 12 90 36 49 70 137 -203 48 228 217 -229 -87 -35 71 -137 -123 -173 -233 207 4 151 -149 -151 166 46 -86 132 101 227 82 165 174 142 -141 -221 -198 185 -85 242 229 -240 172 -108 -103 60 -95 -127 -29 42 45 -246 5 -94 -219 -10 -129 -73 59 63 -111 -34 -82 -159 -39 -209 -5 189 -92 213 9 74 236 191 126 37 148 -205 130 129 
TEST 184 ARG:-231 -62 11 66 239 -242 -37 -63 132 16 -191 96 -73 192 111 31 -207 137 97 -230 203 40 -36 85 -111 230 172 -12 170 -239 95 -95 184 126 100 25 -187 -209 -18 80 -143 28 143 249 -138 -68 159 186 -185 13 52 -69 64 -194 -11 158 -233 -197 116 59 30 -201 9 -240 48 180 -136 5 109 217 -203 -90 69 -103 247 75 134 19 -15 -16 4 207 148 21 -220 -29 83 68 130 -148 117 -51 -20 -97 -142 -132 -133 -124 -170 176 -5 214 -100 1 -249 234 -156 -137 -164 -247 -157 -215 14 -122 -214 141 123 -175 -200 140 -225 23 -177 -192 3 -223 237 212 -46 -93 -218 -55 -126 146 -176 -181 166 133 38 -243 101 -79 222 -45 107 -67 122 -74 103 -204 73 191 61 187 -48 201 -234 227 129 -75 -151 -184 -26 190 -123 -129 -196 155 45 24 -42 156 57 -167 -238 -226 -106 188 -224 -89 226 -221 -150 18 -149 -131 182 41 149 81 71 63 6 -199 119 -161 164 228 35 213 -190 62 82 194 215 -172 -163 8 -10 218 -146 235 -119 -64 -91 56 54 -195 -47 -99 243 208 128 -19 51 138 -14 165 -244 -86 147 -152 238 -83 -3 -211 178 153 -24 -127 174 248 -39 -165 -139 -105 -232 115 -77 94 -82 -65 -217 -186 -125 233 179 -54 112 -210 15 -213 27 -107 -147 -9 144 220 -171 150 -112 76 86 -84 -120 -115 -40 -140 -168 -128 200 60 70 -208 -219 154 99 -17 131 -59 78 2 53 204 151 -205 210 -49 102 181 -23 -188 88 -183 199 223 161 -110 -108 -1 -109 -155 -88 -44 -222 124 34 136 -8 -241 -114 -160 7 22 -61 29 -56 175 242 189 -28 198 -116 26 219 -235 -66 -159 -60 -4 -174 -58 -117 58 90 -22 50 89 49 -154 -229 -202 120 -81 -31 37 32 -193 135 221 17 -104 -57 169 162 224 173 0 -135 65 72 -80 -245 231 12 -189 -118 216 36 -248 -35 236 206 -158 -101 -53 -98 74 197 -85 -145 196 -121 -52 -236 -169 93 246 -34 225 33 -206 -246 44 240 -113 -13 47 127 -198 205 145 55 195 -43 92 10 229 -144 -38 -72 -237 -27 -92 -33 42 142 87 -162 152 98 -134 245 185 -102 114 46 104 39 -178 -153 -78 125 168 167 -141 -87 121 171 -182 -76 -25 -180 91 -2 -21 67 -50 -30 232 209 -166 -32 108 139 211 244 163 -96 -179 -212 43 -228 -41 -94 241 77 110 20 -227 -7 -173 -70 118 113 -130 202 106 -6 105 84 183 177 193 157 -216 79 -71 160 -250 
TEST 185 ARG:211 -4 -219 -121 99 -180 218 -122 -161 -14 109 156 -104 -132 81 31 -68 -70 -142 108 131 -109 68 197 -123 113 -206 -97 168 129 198 -189 -57 13 229 -149 185 -162 160 52 1 152 -111 -169 -9 -1 72 -190 -48 179 215 145 220 -117 248 -226 149 -73 103 194 107 217 117 136 118 -247 90 -233 -114 -248 -7 -105 40 -37 -41 188 62 -81 41 -31 -35 178 -65 -184 -223 -216 158 222 247 124 146 -192 241 47 -80 166 -11 159 65 203 34 -99 167 -202 33 -22 43 -203 -79 93 -165 -53 121 221 177 162 -58 201 186 191 110 138 80 -137 128 -40 171 -168 23 246 -18 181 122 59 -96 18 -175 -106 66 -29 235 -89 139 135 216 -71 -100 -140 -176 85 49 192 -188 153 170 -197 -201 206 -191 -186 106 15 -42 -249 -113 -120 96 -8 -224 94 -170 -28 -151 116 -95 -220 53 -46 -152 228 -32 -199 -230 44 -238 -127 84 -63 -143 -55 16 87 225 -177 88 111 -183 -234 -239 133 10 -76 -185 142 -164 223 27 -91 -144 -110 -69 -147 -12 -119 208 -204 29 22 204 119 30 243 -218 14 61 -101 240 55 -210 28 -135 209 214 205 51 -74 12 -232 -60 77 48 -107 -195 -205 -30 -33 -112 125 64 144 126 -84 -160 70 83 176 244 2 200 -139 224 234 249 39 148 -237 -15 57 233 -187 189 -227 -36 -13 -178 245 154 127 9 71 -83 172 -43 -92 -172 -130 -250 -133 -26 -61 -38 195 7 -159 102 21 -182 -115 -125 140 -171 -45 169 187 207 -240 -173 76 -214 165 -98 112 74 -67 -44 -77 -179 0 231 190 150 37 -126 -66 73 -193 54 -231 -200 -246 -87 19 242 -20 -167 -244 -228 193 -51 -62 -145 -198 -93 -90 196 17 -64 46 137 3 -25 227 -54 98 -196 -212 -215 -86 -194 -157 -243 237 -23 134 104 -17 -181 69 36 -129 4 -103 151 -56 -34 -16 42 184 -131 -225 -124 -217 174 143 97 105 -3 8 175 -128 -85 -166 45 -211 -150 183 -88 -116 -146 100 67 180 -72 -148 120 91 -24 -138 -118 -241 63 212 89 -102 50 -39 239 157 173 141 -82 95 -155 5 -163 26 -5 -27 -19 202 -221 182 236 -242 219 35 -52 -134 82 11 6 -208 -235 -222 -153 -158 238 147 226 -141 -156 -245 132 114 -10 155 -229 -207 161 92 -108 78 -94 -75 -209 -21 56 32 -6 -47 25 58 -50 -2 86 230 123 75 79 38 130 -174 24 210 213 199 -136 -78 232 20 163 60 -236 101 -154 115 -59 -213 -49 164 
TEST 186 ARG:-19 -216 -46 -6 81 20 125 44 -249 -2 88 176 -40 -59 159 -64 -168 -82 91 99 -74 -161 -100 157 73 22 219 126 -70 131 151 231 66 101 0 184 -223 40 -220 64 239 -217 158 78 -7 -143 -122 -49 79 -50 225 -18 -16 -206 240 113 -55 199 51 -211 -115 -41 76 -142 36 188 232 146 142 13 -221 -84 144 205 -195 -137 182 -63 248 222 -215 109 130 -197 195 -8 -4 246 166 243 23 -240 177 -53 -196 -203 122 -250 136 181 -126 -213 210 -135 -123 112 35 -107 154 147 171 207 45 -120 -210 15 -15 190 -171 -47 -244 -170 -42 115 -229 227 100 230 -37 -14 -131 97 -222 143 -219 55 -202 107 87 -27 26 70 75 -139 140 229 28 -165 145 104 203 -73 -98 95 -157 187 48 -154 -75 46 14 -145 -198 -117 34 90 -10 206 236 -105 6 -78 -91 -187 196 -186 234 -199 244 85 -148 89 -114 -134 218 202 -101 -184 52 -242 132 -212 -5 -160 -77 98 -72 57 38 220 -129 -11 -12 201 -95 67 -96 -61 -152 -68 141 -110 -86 96 -35 -155 -204 186 149 153 114 -234 -125 105 -38 54 60 -158 -13 -97 -99 213 209 -209 124 -185 189 -17 -30 161 12 -112 -136 120 194 -235 62 94 -66 -226 -103 31 235 242 108 92 -138 192 -214 128 53 -164 133 -71 179 -9 -106 -83 155 -147 175 39 237 -24 123 -141 -52 174 -23 -193 -31 249 -32 -81 150 -22 -28 59 63 37 -167 47 106 -127 -48 -191 -20 148 -121 41 163 42 191 -208 -144 160 -189 -218 -169 152 121 -80 -102 -231 -163 -3 -54 -92 -188 16 -65 24 173 -21 3 178 7 9 -130 215 5 139 32 -128 27 223 -88 -201 -94 82 -236 -116 129 -89 83 -183 -132 -26 127 119 162 -109 -174 -85 69 -111 168 74 33 200 80 -124 -151 116 19 110 117 224 245 -181 -207 228 -93 216 212 -166 84 -149 -1 180 -51 -190 138 183 61 11 -192 102 -150 103 197 -39 -153 4 -228 118 -225 29 211 164 -230 185 -246 -140 -76 -36 -34 -177 25 8 -44 -104 58 -79 -245 -146 233 -119 65 137 -156 -248 208 71 -108 -200 1 86 238 43 -239 -243 10 -57 -175 221 -194 -180 134 -45 198 172 241 50 -29 -237 167 135 -90 204 -224 -233 49 226 -113 169 -56 17 -227 165 193 77 -176 -178 -172 21 -159 -43 -58 -241 -67 18 2 -162 -25 -205 68 214 -133 156 -60 -118 -173 72 -87 247 -69 170 -238 -62 56 93 217 -247 -182 -33 30 111 -232 -179 
TEST 187 ARG:236 53 -159 -109 72 -195 -67 -233 -94 -107 -153 197 -199 -91 -145 70 -15 101 130 -50 -142 71 143 8 28 75 -37 -16 -90 -77 158 61 -244 131 110 -104 -49 170 145 19 215 -128 -175 128 37 -246 87 -230 231 139 166 86 -158 -206 -102 228 -238 -220 238 -7 -53 14 208 -245 172 -172 -161 -92 165 -61 -197 -149 97 -224 125 159 232 199 -138 77 -95 161 -86 -43 -9 3 -63 123 162 23 -62 142 25 136 4 213 35 -45 40 -81 171 -127 -26 -36 -85 120 96 99 -69 198 194 -29 -79 60 -218 -169 154 160 69 103 -113 247 -118 -240 -176 46 -1 157 127 59 -126 245 -227 -12 -71 -241 44 16 -193 -68 169 -173 184 119 209 -235 7 48 -101 -27 -188 -152 -186 202 -44 181 -42 -115 175 -116 -108 226 234 -76 214 205 -59 78 1 74 -110 -80 -46 -57 243 -189 189 -162 -157 -96 62 225 13 -187 186 -89 -248 93 -234 118 104 -75 222 -73 -250 52 -214 -242 12 -160 211 -105 204 -23 129 187 -87 220 -88 27 178 -201 36 -60 -13 196 29 -28 100 -225 -192 -33 39 -212 10 90 -164 24 185 -146 -190 -216 15 58 -56 -134 124 117 153 -39 -133 95 115 149 -140 150 -168 -4 6 26 -20 92 -30 140 73 -84 -223 219 179 -167 -200 113 -228 147 -58 -121 -155 -32 151 -131 42 248 -41 229 -48 -52 -165 138 -185 -82 -170 224 -203 -19 -151 -129 33 76 108 -163 244 242 227 237 156 141 137 -98 -38 98 -178 163 -111 182 -215 -65 -194 68 173 126 -180 221 223 176 -144 -103 -179 57 -156 18 -174 56 -40 195 -231 -99 88 5 -211 -207 200 -64 -154 -171 -14 152 -124 -213 34 193 241 -191 22 -83 155 -22 -74 212 -222 180 -17 133 -208 -72 109 210 -202 -205 21 -119 41 217 216 230 -184 54 116 239 148 -66 11 -217 64 -181 106 2 203 -182 177 94 -150 -226 82 -10 -221 -148 121 -196 -132 65 191 32 -141 206 -6 183 207 -243 235 -70 85 -204 -34 -18 192 249 -236 -166 -55 -247 -249 -3 -122 79 132 -209 55 -183 30 -78 -5 81 -237 188 17 9 0 63 135 -11 50 -130 -219 164 -137 -136 -24 112 201 -31 43 -177 -120 167 -143 51 45 107 -51 -47 122 -114 84 -35 -147 38 -112 144 -117 114 111 -139 80 -106 91 233 246 -25 218 -239 190 -93 -125 240 -2 -21 105 -198 -8 134 67 174 89 47 146 -54 83 49 -210 -97 -100 20 31 -135 -229 102 -232 66 168 -123 
TEST 188 ARG:100 172 210 163 99 -13 138 97 -159 195 221 130 243 204 -175 45 20 -77 -244 190 -114 -189 -124 81 -157 225 203 -2 -43 229 68 -15 14 37 -30 189 -188 -57 -130 -91 -161 -163 212 40 -169 79 199 244 -94 -119 -149 -82 38 -138 -234 28 -156 -141 -69 -18 -125 12 110 173 -23 -205 149 147 71 237 249 -239 -73 -126 64 124 193 -145 -227 -110 -85 -99 200 -72 184 51 115 156 -203 202 -42 -186 58 -65 96 -7 31 70 8 -206 -152 80 159 -183 -123 -49 -26 56 -60 -46 -229 11 24 -236 -249 108 -148 104 234 170 -180 -235 52 -8 -199 136 -195 -223 181 183 -220 23 -21 -247 206 -70 246 7 54 144 -155 164 125 123 -5 171 150 57 -59 29 17 187 -128 196 -76 112 -45 207 88 -210 220 -36 223 217 4 -53 -37 121 -96 -238 205 -62 186 -78 -20 158 111 157 -167 -134 83 44 175 62 167 86 -213 197 -197 -150 -86 84 5 153 46 35 -204 69 -75 139 142 239 91 94 -245 155 -102 -121 -166 -17 -74 19 74 -185 241 -165 166 103 160 -71 179 -28 -112 -27 -137 145 -63 53 128 2 -232 -242 248 -88 -243 95 242 127 -177 -104 -225 -131 -224 215 188 -16 -132 180 66 -202 42 25 -201 198 -136 -212 114 -93 214 -116 -207 141 -178 211 -162 73 148 92 33 93 -67 109 89 43 -217 -191 -140 -48 185 -61 -58 135 85 176 -143 151 247 -29 -12 -154 -160 55 -47 107 48 10 236 -101 -240 -54 -90 49 -120 87 -111 -151 101 231 78 132 -173 194 -179 -146 77 219 232 -108 -222 -221 -230 90 -228 -51 -142 106 -187 -144 9 -233 129 169 216 -68 -31 -33 -231 16 34 126 -50 -1 191 -40 137 -39 -219 21 227 -250 0 -83 -11 118 -190 -215 50 -181 119 27 -44 -115 192 -135 -92 -129 208 -100 113 -171 -164 -4 -64 -14 -218 30 -118 230 161 -241 13 47 228 146 -6 -9 -98 -170 178 98 -182 240 -107 -133 -55 -103 235 -147 162 177 140 154 63 -41 -66 174 134 -25 105 -194 222 1 -246 -87 67 -3 131 213 -139 -38 -95 -174 -248 26 201 22 75 60 -176 -80 143 36 -192 -209 -193 -113 65 102 15 59 -109 209 -117 -226 76 233 -24 -84 -153 133 41 61 -105 -10 -214 120 -196 -127 168 -35 -158 -81 165 -211 -198 -19 39 152 -106 -184 -168 -216 218 6 -89 -122 116 238 -56 -97 117 -32 -172 -22 82 122 -34 3 -208 72 18 226 182 -200 -79 245 -237 224 32 -52 
TEST 189 ARG:168 198 -3 -39 -149 170 128 -218 117 -70 218 -41 50 188 41 -153 56 -34 217 51 -155 112 244 79 145 -40 -235 -110 59 -5 -17 172 -176 202 94 -32 -42 19 203 72 220 -96 245 204 -239 -6 83 -189 138 178 157 31 187 7 -112 -143 -95 47 -203 -219 -58 151 -103 -210 93 22 -118 -156 -21 70 -228 -45 -243 57 -187 122 216 -180 -79 -232 43 171 238 131 -145 -236 -224 146 -172 -245 243 -7 -121 68 176 48 -82 -68 -102 -179 -233 -109 235 73 -101 213 -24 -237 -78 -159 -4 -115 -154 -93 -148 144 232 -113 -10 -209 1 -188 21 6 -87 -22 78 69 137 74 -114 180 -217 98 38 141 99 -12 -151 80 -166 -211 108 -27 92 53 23 11 -50 226 -94 -192 107 -129 -177 -26 -142 76 -91 82 66 -20 103 221 55 10 95 -55 -51 237 153 219 -8 105 121 -206 -183 -108 197 -19 -193 60 -170 -54 119 191 132 129 85 233 -201 -131 63 -160 -185 210 133 -59 166 -195 -139 -207 -137 -33 -248 3 241 -213 -171 247 -88 -202 -240 65 201 -107 27 52 212 -221 -194 -146 205 155 89 87 -191 -97 104 167 -225 5 88 -14 -35 148 -31 139 -47 -169 96 -242 192 -92 110 -126 -200 -84 230 -230 -190 -163 140 182 229 -130 -13 -105 -66 -64 134 -37 114 154 61 175 -157 -220 111 -123 225 136 -81 174 15 -158 199 -100 77 -214 -229 -30 234 -52 -74 -238 -144 179 -18 -49 -182 -147 150 -208 -29 -46 -150 189 90 115 249 162 -9 -2 -134 126 -117 -16 206 164 248 242 -127 -25 26 -67 -216 39 130 143 -199 91 33 -215 -186 101 227 -69 -128 -36 113 -205 -226 125 -152 -197 12 62 106 -89 173 160 49 -53 -65 183 102 100 -234 124 -178 -15 209 240 -165 64 223 -61 -71 54 135 -44 -184 -23 -247 34 236 24 28 -38 211 67 32 -98 190 -231 -140 239 -132 184 -106 200 177 -141 -86 35 207 246 163 169 -60 -136 142 -125 44 -76 -80 8 195 36 224 149 97 -164 116 17 159 214 222 -75 -135 -161 -83 -175 40 2 -138 46 18 152 -85 -90 16 71 -73 -227 -116 194 -72 -222 -198 4 -223 84 -250 -11 120 -133 86 185 215 127 186 -204 30 -124 0 208 -249 123 -48 75 109 25 231 9 228 45 -62 -43 -63 -241 -196 -120 -173 -162 29 147 -56 196 -244 -119 -212 58 -168 156 -246 161 13 -28 -77 181 -99 -104 158 37 -57 42 -1 -122 81 -174 -111 193 -167 165 14 -181 20 118 
TEST 190 ARG:-20 100 -121 200 -189 -152 -93 -246 5 -182 4 61 -59 -149 49 -141 -26 -44 67 124 34 -76 -162 -79 -32 -224 192 -105 -154 -223 -119 79 -177 -229 -155 27 -236 241 -120 -131 6 188 -28 41 -24 -77 -193 -41 -48 -7 -18 71 -245 -196 -126 46 -198 234 42 -37 86 65 -19 15 -201 -237 165 -102 126 -128 -145 58 140 170 -124 209 -84 -104 244 -108 97 -222 -188 131 -218 -111 54 210 39 -117 -90 10 -205 -129 162 -12 207 -161 232 -88 -168 63 -238 -159 99 18 190 -56 -240 -43 -118 -46 204 128 227 -148 81 -241 -214 -202 12 169 242 -63 -191 -221 -186 95 -231 -75 142 -16 -190 194 -106 -38 77 -150 189 -175 -5 -64 -151 235 11 -125 146 -11 -52 -164 247 37 -160 -185 -239 236 182 -165 57 94 -98 62 101 -187 -100 -22 -157 221 143 -39 -176 116 167 195 -45 239 -127 201 -13 178 171 113 22 -136 -95 151 145 225 -166 -248 29 -173 229 158 -112 -137 -78 -34 172 -31 52 55 119 59 -99 211 141 -49 0 -6 48 -4 135 -249 233 24 -122 -219 206 144 -115 231 -83 -235 -228 78 212 70 237 137 -174 -146 -30 123 224 -225 90 248 -61 175 -60 92 136 -215 -55 47 -29 84 80 -209 105 208 -170 120 156 109 87 16 110 -25 213 -226 50 -27 132 -116 214 -130 -207 -54 -109 176 245 17 107 161 -147 166 -179 43 -232 33 187 7 -86 198 -71 -135 -58 108 14 127 -217 -113 220 74 -192 -142 -244 -9 -172 -51 2 -65 -200 -153 121 197 -87 196 223 -230 96 98 -184 -96 -82 -103 130 249 -156 115 147 230 -143 -220 150 104 117 243 114 -68 -91 32 152 -73 93 -250 -89 -21 159 129 -57 89 240 217 25 -2 -133 73 -242 91 138 44 -210 -81 157 -50 180 -70 -243 -17 -213 133 -53 28 -169 228 69 20 -23 122 199 38 -211 -10 193 -114 -167 -180 -183 26 -204 -158 112 154 203 148 85 -85 30 21 13 174 -227 -132 -195 60 68 -134 -36 -212 -40 -47 -123 216 -181 160 149 -35 163 -197 118 125 -247 19 219 215 -97 164 103 -62 45 -107 226 246 153 134 -94 31 -206 173 238 88 -140 53 177 -101 -74 -171 82 -203 56 9 -144 -138 -72 -178 186 111 -233 75 -80 179 -163 -199 222 -67 168 35 36 3 -110 76 -3 184 -216 102 181 8 51 -33 83 23 40 66 -1 72 -69 -42 218 -14 -92 -66 -8 139 1 191 -139 155 205 106 185 -234 64 202 -15 -194 -208 183 
TEST 191 ARG:179 231 80 -168 -191 -185 -210 205 189 235 -174 225 -161 138 -133 172 212 52 -226 221 -237 164 42 -138 -99 -143 167 -135 39 65 -184 -250 168 -228 -111 36 -86 85 154 -96 84 195 -154 82 -207 118 30 18 228 -183 -204 69 63 -194 -147 125 -101 -90 236 72 97 -75 13 7 86 203 -97 -175 -242 142 34 204 199 171 68 113 8 173 -79 -245 -203 -88 -211 139 94 209 192 134 75 -201 -190 49 35 -110 95 58 43 67 -136 -26 147 -240 111 16 -215 153 -68 123 60 202 -156 77 140 47 66 -125 186 -80 -83 98 -153 183 232 101 -23 -115 31 191 -196 41 -36 211 -160 207 210 -42 -235 -16 -144 -155 -128 -55 -82 91 1 87 -64 149 -246 -105 -34 127 -162 -112 -9 14 248 -188 -157 74 -63 197 -38 -169 -239 -22 -199 -130 37 -106 243 -134 240 -107 -224 51 23 215 -35 -93 230 234 78 -142 21 -65 187 241 -24 -176 -195 219 -87 -33 132 -100 -221 194 -148 -20 -187 81 -218 -74 -234 -41 -15 143 159 -182 -32 -46 25 222 -66 -141 -52 -108 -236 158 3 193 -192 89 6 133 -117 -232 2 17 -76 -78 15 -222 -48 -152 247 -202 -37 -219 -159 -57 -85 220 -1 53 -70 -81 227 -249 57 178 126 -47 198 40 109 224 -8 100 -31 -29 -11 -44 -200 -146 244 -127 160 -151 148 -89 239 10 -4 -186 -95 -73 246 4 -118 107 62 -45 -220 -84 -121 145 0 48 229 -149 166 208 156 196 64 242 249 59 218 -12 -109 90 112 -122 5 128 -2 -25 -72 -177 -205 29 -69 33 -129 104 -28 -10 -53 -140 -229 9 106 27 93 120 181 92 216 150 32 -60 115 -193 -14 71 188 -209 136 -5 152 -50 -167 130 19 -165 190 -13 96 141 -21 108 114 -166 117 102 -7 -94 -126 201 238 -54 -17 38 -216 -172 -132 -103 -114 213 170 184 -119 165 -30 -213 99 -116 83 -51 -208 12 -120 -104 182 70 -212 -180 -124 146 -171 46 226 214 161 233 -178 176 131 -189 -59 -6 55 105 -19 -206 245 20 155 -39 -214 45 -98 -163 237 -145 -230 61 121 122 151 -77 -197 22 -170 -131 217 -62 76 -181 -179 54 174 -233 129 73 88 -91 -244 28 -225 79 162 -40 11 -71 -18 -227 180 144 -139 -3 -67 119 -150 24 -241 -92 124 -217 169 -56 -123 -61 137 110 163 44 -223 -198 -58 175 177 157 -164 103 -243 -173 -43 56 -231 -248 -247 200 185 26 -238 223 116 -137 135 -102 -113 206 50 -49 -27 -158 
TEST 192 ARG:151 -151 -131 -62 24 -174 -90 -121 -212 116 68 -13 242 226 0 -10 -66 -109 16 -95 -69 -11 144 -63 -138 -200 -87 -137 -2 -141 -46 -41 143 -26 -23 28 -176 178 -122 156 -195 217 -177 195 132 146 48 -232 -116 -205 -223 29 148 34 142 -85 -60 30 -58 21 15 229 140 89 117 177 173 135 -61 -53 -127 208 -117 204 150 102 129 -15 -84 -56 4 -91 -6 -4 -25 -246 -47 -83 -210 -227 -188 104 128 -191 225 38 -143 -110 84 214 -242 -80 97 -102 176 -165 206 35 -7 -221 -166 -36 122 43 59 49 -190 12 -233 -77 184 171 91 -14 82 -51 191 -35 -215 246 124 92 1 202 161 62 -189 188 216 211 20 -72 -192 -156 -104 235 -139 -150 -136 -82 -142 64 -240 -3 27 -124 223 9 -19 -146 -181 -149 -203 -24 60 -112 -27 -107 -201 76 218 -17 -222 -108 203 66 163 -171 -193 213 -89 -88 239 183 165 -78 40 3 -74 108 212 205 -106 -218 -140 39 56 7 100 37 -213 79 -42 -159 -55 126 155 55 -153 245 210 -111 23 -1 166 86 -235 103 33 -57 237 172 -230 67 159 233 182 133 -168 -217 134 -125 227 -73 -86 153 54 127 222 -81 157 101 -182 244 -207 73 -184 -113 -65 248 -148 -241 -70 -170 200 -219 -245 -67 -244 22 119 -248 87 221 81 -34 10 -22 -97 162 -226 -44 -179 170 65 -64 -243 247 158 -16 17 186 -169 -185 -161 96 110 5 -180 93 167 -247 -199 44 19 137 111 -216 51 -162 232 219 152 52 -76 -160 -158 -132 -196 8 -238 -31 -220 63 228 -154 -178 -155 141 -126 -101 -167 215 169 -93 -209 174 -20 26 99 -75 224 -39 11 115 -100 207 -130 193 -99 61 121 -172 98 -249 46 -18 47 185 71 31 -197 106 131 77 230 154 -206 -129 6 -9 -183 2 -204 236 32 -157 -250 187 -173 130 164 94 -21 -71 72 -144 42 -198 -115 -163 83 -234 180 -202 14 90 168 120 105 -40 -224 -194 -229 241 -152 -8 -48 25 -103 107 149 -135 238 -214 109 136 53 95 75 -59 -12 220 -32 198 -50 199 234 74 -52 -147 -79 78 -92 69 179 36 125 112 -128 240 123 209 88 196 249 -211 41 -186 243 -37 -231 -28 -133 -5 50 139 85 -30 70 -236 194 -164 145 -96 118 -187 -134 -228 -29 201 -94 -239 -38 -119 -33 147 189 80 -118 160 181 -43 18 -123 -49 231 -145 -237 197 138 -225 -120 58 -208 190 45 113 -54 -45 57 13 -114 -105 175 -175 114 192 -98 -68 
TEST 193 ARG:74 -176 37 -193 -50 -195 220 50 112 -240 35 51 -148 -141 -192 -26 9 81 14 209 204 -164 -177 -228 22 245 212 92 -194 187 217 -89 8 -157 83 98 186 -66 72 11 -54 -210 190 -1 -178 39 -138 88 -96 191 2 -147 -60 213 -88 148 -218 133 247 -109 -168 176 -49 -182 111 -27 -53 -146 230 163 143 203 104 -67 -181 162 241 -30 41 -161 -133 -6 -222 131 42 54 207 -98 -246 85 -12 106 29 -239 -65 -111 -153 -43 -100 -187 -249 -142 105 215 33 236 -35 0 -220 -107 125 -5 137 -80 -215 -137 -24 -110 -79 -211 67 30 19 23 -203 45 -145 124 -9 -190 228 -84 -159 142 147 -97 24 -61 -70 -128 140 87 193 -155 -45 150 38 144 -232 -247 202 16 80 166 -20 -81 -156 -7 -134 127 154 249 -216 58 -188 214 -227 -201 -118 -135 -131 -179 -130 -39 -114 -198 132 6 -183 57 240 1 135 130 118 -238 78 -231 -63 179 115 185 96 -199 210 -223 -33 -219 145 -160 248 233 -102 -241 95 63 97 -250 -38 -127 153 107 -122 55 62 -19 121 -184 243 -189 -152 -165 -243 161 -85 180 101 183 73 -245 225 151 -105 100 -248 -99 -173 -212 13 146 156 -23 26 -48 172 -76 -209 -235 244 165 44 -13 -56 -158 116 -108 -71 -8 164 167 -17 -3 -171 77 -77 -116 170 123 75 109 -75 102 205 5 -113 -95 120 -213 -16 -124 155 139 138 -197 199 173 -129 4 141 -11 216 27 211 -204 -233 237 152 -236 206 -234 -221 3 -52 -180 -14 158 99 34 149 222 76 71 223 231 -25 -121 103 194 169 246 -217 117 -206 -4 208 31 -150 -207 -144 69 -72 28 -136 229 129 -225 122 -32 32 -200 61 134 94 53 -82 -101 -120 188 -175 -169 -244 219 -104 218 -125 -132 -167 68 -229 25 108 -214 114 -103 227 -2 15 235 224 -46 -230 -37 17 -174 -55 -170 189 86 60 -126 -186 -205 -143 -28 -62 -58 -94 64 -119 -83 -151 7 -93 -237 -149 181 -73 239 12 47 -64 49 184 -31 -18 -162 36 70 178 174 196 -57 43 -22 -29 -172 -202 89 46 201 192 -41 40 198 -74 -163 177 -44 182 66 65 226 126 90 200 -42 -106 197 242 113 -112 91 -47 -69 -15 21 119 52 136 -123 -87 159 -191 -21 59 -115 -90 79 -166 232 160 -68 -51 -78 110 -140 -196 -242 93 82 168 -10 -91 48 18 175 238 84 157 -226 -185 -154 56 -59 -92 -224 -36 221 -40 234 195 128 -34 10 -86 171 -117 20 -208 -139 
TEST 194 ARG:210 205 184 85 95 -18 -7 34 50 94 88 82 -203 -154 23 77 127 228 243 121 -216 151 -127 193 126 -165 -22 -182 -20 242 -90 -58 -228 -65 -46 -152 -35 66 -113 -192 90 79 -122 -37 198 89 -202 -144 159 136 248 21 -229 -177 -132 -151 171 -114 1 173 -140 -153 162 -208 191 204 53 -159 149 -238 158 -167 -19 170 70 155 -91 236 -195 -77 179 182 206 150 -3 105 3 -245 62 -99 157 -112 -197 -13 192 -30 218 16 -51 47 63 -101 -25 167 -2 -125 30 233 -11 246 -240 35 -230 229 -225 139 -243 -175 -222 -124 207 -33 143 -187 43 133 -246 123 172 76 -102 -227 161 -244 -118 -97 -223 168 -191 -43 24 -170 -1 -250 40 135 220 232 68 58 131 0 -86 -81 156 -149 -36 160 104 148 203 -205 69 -158 19 -163 183 -221 -161 -12 -204 180 -107 188 114 -134 37 245 163 194 130 -171 109 -117 237 -226 39 56 152 -217 -57 44 -220 -130 -5 -67 15 227 72 -60 -148 -110 -108 -49 -39 33 27 -198 4 60 12 -14 111 -61 -89 -54 -8 17 -21 13 -27 -194 -104 174 189 197 -47 10 -76 -133 147 -85 99 78 195 190 115 54 28 138 144 101 145 38 -64 -131 -87 -98 51 -239 7 185 22 -83 177 153 -88 2 199 -178 119 -78 244 71 64 -160 142 -56 -68 -143 65 214 32 8 29 97 -249 91 5 107 9 -119 117 92 -219 -180 110 -233 74 -44 -210 241 -166 181 42 238 -236 112 208 -73 -38 -164 -237 100 122 240 187 224 -172 -179 141 -174 96 215 49 -80 -200 249 -100 102 221 20 31 -184 80 -115 73 106 132 -193 212 -70 -32 222 -48 59 -147 -156 41 36 -116 230 -235 -190 98 -138 -24 -189 -207 -214 -199 124 81 75 -145 -41 -79 -218 -206 -120 247 -29 178 -212 175 219 -137 -109 -181 -23 -241 225 46 169 -242 -247 125 -169 -31 11 164 213 25 14 -126 -82 86 -4 113 235 -186 -103 -215 -6 116 -69 -9 -34 -15 202 140 166 45 -176 67 -16 196 226 52 61 -66 -142 -52 55 134 -209 -94 217 -150 -106 -231 -63 -121 216 -74 239 -96 -42 129 223 -105 -129 -28 -111 128 -157 -146 -155 -50 -213 26 201 -211 200 -185 83 231 186 6 108 103 -72 -128 -40 154 146 211 -183 -10 -135 165 -188 93 -59 -92 -17 234 48 118 -53 120 84 -141 -168 -84 137 -224 -26 176 87 -201 57 -196 18 -162 -95 -173 -234 -93 -232 209 -139 -71 -55 -248 -136 -62 -45 -75 -123 
TEST 195 ARG:50 -30 -87 -110 89 -208 34 169 190 -218 -200 131 -92 224 13 22 -26 241 -244 -99 29 238 -22 153 4 165 -156 -211 -116 216 -217 214 -103 155 -91 -74 183 -142 248 97 128 178 40 -80 162 -175 67 -94 -197 119 27 -239 188 54 -187 -198 -81 196 -204 223 -234 14 191 -129 62 63 236 51 -14 204 202 152 -47 107 -158 -241 -8 154 16 52 90 138 -246 208 -136 141 -166 -206 112 116 -180 -153 -121 -150 225 -5 -243 -62 206 96 -33 -71 205 41 -4 -143 3 -15 30 58 -237 -189 168 -44 -48 17 -24 -163 -77 194 25 -248 233 76 -126 -67 240 195 -51 130 -3 -119 8 -45 -140 -75 28 -79 186 -151 145 110 242 -122 49 163 213 -196 -7 -55 -68 109 181 86 -191 -152 -97 38 -193 -177 -137 65 -195 187 -216 111 104 -43 170 -148 135 -50 -1 207 -138 -167 79 134 217 43 -124 -221 1 108 222 -27 -134 7 -96 -213 150 -131 -66 -2 -63 -207 -18 -28 232 203 -203 -215 -52 -236 15 -132 -144 -11 -247 -37 -113 73 -90 246 42 144 -64 177 66 -53 -188 56 48 -219 247 47 -95 -223 244 -20 -157 -235 129 -220 -100 23 -162 -9 211 229 -115 200 44 64 -147 159 -36 -88 -154 -39 -109 -112 87 80 46 -107 2 127 184 -181 -128 19 57 -161 -145 -17 -249 -13 125 -32 93 147 69 120 -201 -210 -183 31 71 -72 -168 95 -165 -23 164 185 136 -35 70 -89 -186 -146 -222 -21 173 -41 -227 -19 -85 230 81 102 209 18 -250 12 -231 98 72 -176 123 -59 20 -111 -38 74 85 -46 143 101 176 -199 221 235 -118 201 132 -184 -65 -58 -172 -114 -212 -10 -139 189 175 37 -169 -86 179 122 -238 5 88 -54 140 -83 -76 0 124 -57 193 231 149 -16 -245 -29 114 -12 33 -224 -101 -133 234 26 -155 -70 198 -174 -242 -192 115 197 -6 78 -141 227 -164 -233 218 53 92 60 99 126 -49 21 -106 -159 84 180 -205 35 139 -93 -209 249 -190 -230 -232 -84 228 199 174 161 -108 -135 -78 182 118 105 -42 237 39 239 219 226 156 245 -202 -31 -228 -178 210 61 160 24 243 11 192 220 -225 -130 -171 133 -82 83 166 32 137 106 157 -104 142 -105 -98 171 55 148 59 77 100 215 -160 82 -120 -123 68 -240 -102 -61 -173 -179 -40 146 10 -69 94 -127 -34 45 212 -182 -125 91 158 -229 -56 151 121 6 75 113 117 -194 -25 172 -117 -185 9 -73 -149 -170 167 -60 36 103 -214 -226 
TEST 196 ARG:-95 52 234 -195 191 209 -208 198 74 -88 96 -45 -40 -128 178 -140 26 89 0 -14 120 -247 -156 -154 -178 -162 174 -142 160 189 139 -218 -139 -70 -31 -46 -36 99 25 -59 84 14 2 -150 -43 118 -12 -33 212 -167 -116 116 -109 -207 4 225 -185 175 81 -241 -105 -13 -30 -216 58 -79 -222 239 -68 138 -126 -57 -135 -78 129 -23 1 -119 68 107 204 240 141 152 146 33 69 222 163 -42 144 -87 -180 92 57 199 -190 -152 -117 -55 136 106 -232 9 -158 -132 -16 179 -27 -168 237 80 -104 -1 -108 16 -65 -89 102 223 -237 23 24 -229 126 -199 49 145 -214 95 243 192 -21 17 -188 -239 183 53 140 214 -69 -166 -224 5 -220 133 236 227 -41 142 137 -115 150 -145 75 173 180 19 -24 -83 168 -73 101 -51 -165 -217 -209 -91 165 -184 226 -67 -182 -131 28 -103 -114 -141 -84 -198 27 -183 30 -85 -147 -148 -28 59 -246 -106 -149 224 247 -66 -47 169 161 -234 -18 -163 201 -22 131 232 -186 241 44 -8 62 -221 208 -192 216 -76 153 -44 -210 -64 130 -4 105 34 -173 -50 -231 8 184 -101 54 -93 -159 -205 -202 76 135 87 -176 -121 98 207 124 -124 -32 -153 104 -112 -86 -62 48 -63 -82 -181 103 61 246 -60 117 -245 78 196 -212 77 -94 -35 -58 -6 187 -11 -215 -151 235 200 -240 -228 -9 -102 -213 35 186 211 132 -37 238 170 -110 -203 -235 -107 -171 -219 10 -118 55 154 217 -200 67 -10 205 -100 -96 148 220 82 -39 -138 185 127 71 -191 -133 20 -111 -160 115 -134 149 111 -137 177 29 -136 125 -194 93 -34 -38 -15 -174 -90 91 193 -99 -143 43 13 79 -244 134 123 182 15 21 -187 151 213 18 -3 37 159 32 156 3 -48 -26 -243 -179 -2 50 113 -17 -122 -230 147 22 -75 -5 11 47 70 110 157 65 195 -197 -144 -227 -72 -250 39 122 38 -125 -71 172 197 -204 230 -157 218 -98 219 -19 108 51 -225 -233 -226 119 248 -249 194 -81 210 -29 158 60 245 -123 83 -172 -211 112 100 -164 -54 -113 -20 7 85 -25 -193 190 228 -97 -189 203 36 215 -120 -238 -155 114 167 -7 121 244 164 -52 202 -161 56 -80 94 143 31 97 63 72 171 221 6 206 64 233 -242 -175 231 -196 45 41 188 40 -130 -248 -206 -177 -223 249 -146 166 128 -49 42 90 242 -169 66 -236 -74 181 -129 109 86 -53 -56 162 -170 -127 88 -77 155 -61 229 73 176 46 -92 12 -201 
TEST 197 ARG:248 151 48 5 225 7 108 -91 -190 132 -13 209 -142 -89 -144 229 146 -169 -146 247 -104 92 67 -12 -10 -129 101 3 87 103 107 -211 -150 -57 156 241 11 104 62 40 216 166 -241 -141 -224 78 -24 -65 131 -1 -210 -179 -238 230 226 149 -73 30 -113 21 -131 -114 98 -106 -51 -249 -180 133 -8 -92 168 182 153 -101 -123 34 124 138 -80 205 236 15 -32 -247 63 24 -4 -18 -62 100 231 -107 169 -240 -174 -246 61 160 239 219 33 -48 -87 89 -66 -235 -177 -181 38 196 122 96 -138 -145 170 -102 57 -204 -184 162 -58 -109 -243 177 -164 175 -140 22 -6 -11 -248 -133 -28 56 -85 161 37 -160 -159 70 -183 238 91 -182 208 -111 -16 -186 119 114 -120 -81 93 -83 -3 206 142 158 228 -229 143 -30 -161 90 159 183 -49 -147 -78 -191 -38 -157 115 44 -214 32 -110 35 -178 -27 46 -221 178 -67 -199 71 -171 -208 -126 164 -207 81 -105 95 -75 192 -108 187 144 42 86 -185 -217 -103 -59 94 20 -225 -96 218 -222 -119 -15 -236 -33 -82 213 -45 41 -125 200 194 -68 137 -86 43 -202 117 -232 -195 102 -74 18 -98 212 221 -155 -94 242 -39 204 59 198 -139 217 60 25 165 147 -230 -93 157 -201 51 127 179 55 -5 116 152 -7 -116 -23 -170 97 -61 163 58 82 -209 246 -165 130 105 -197 128 -56 -189 -52 -156 173 -196 -167 -176 26 -72 -163 -143 68 -19 111 -187 -76 -2 -20 -100 88 80 -124 125 215 167 99 85 -54 140 36 201 -227 49 150 189 126 -234 -25 12 64 154 -136 -134 27 202 -219 -37 109 -223 0 39 83 118 45 -137 -21 -166 188 -36 -60 -218 243 155 -220 -34 -172 -239 19 53 232 -194 184 -115 -205 249 65 8 31 -188 211 190 110 174 171 223 -168 -154 54 141 -153 -132 50 -63 -71 -35 227 -50 135 -121 -231 193 -31 -117 10 -26 -173 -203 185 72 4 113 -198 237 -29 139 9 233 121 76 -9 -69 -79 245 -216 235 180 -213 -215 69 73 29 -233 -228 181 -175 -41 172 234 148 -122 -40 -43 -42 -206 120 13 214 -151 1 -84 -44 -14 -99 -130 191 -237 134 -53 -46 66 176 -17 -22 -226 -47 23 222 77 -193 -200 210 -97 186 -70 106 -149 -77 -95 -135 75 -64 145 136 -127 -192 199 240 112 224 220 16 74 84 28 -158 6 207 47 129 -148 17 -128 -118 14 -90 203 197 123 52 -212 79 -112 -55 -88 244 -245 195 -162 -242 -244 -250 -152 2 
TEST 198 ARG:-22 -98 -133 -79 3 -111 -161 244 192 157 234 -51 -235 158 -4 114 236 238 -134 -57 246 136 168 -54 39 108 -192 91 242 -129 212 -199 -220 162 53 -82 -130 -182 143 202 -169 -7 -164 138 95 15 96 109 177 170 -74 204 14 73 221 76 -114 -11 -34 230 118 -106 -58 55 232 229 44 -95 -132 -238 223 -14 26 92 -99 220 241 -147 149 -19 171 -140 -81 -15 -245 146 -124 123 249 36 -113 224 -121 -112 142 -5 119 -29 -8 -50 -65 -27 -123 58 -68 40 -86 206 -244 126 52 68 -118 -145 165 19 179 139 -201 176 107 16 215 -160 -218 210 152 193 20 -152 -234 -28 -13 -177 213 145 -195 219 -174 -48 9 -176 -216 159 6 182 151 111 115 -64 200 -131 -43 -241 -24 -203 35 101 248 5 -196 180 -62 83 172 128 131 134 -165 148 237 46 -231 25 77 -246 -219 -94 156 11 -12 -46 -158 133 -76 137 166 120 49 81 -120 -47 -239 -150 -23 75 239 90 -221 -18 -72 -209 127 -87 218 -83 -210 -200 -33 -250 -225 -84 -205 130 -1 37 -248 -237 42 -156 -233 4 -40 112 -100 -143 -193 187 -228 140 208 -214 -236 -188 17 -119 -149 -136 -204 -70 201 -88 -44 -116 -103 233 121 -42 60 209 -142 -181 -230 -104 240 -32 -49 54 61 189 67 113 -242 -213 38 -154 -249 -92 196 228 -208 63 -151 144 -59 -52 207 195 -194 203 -153 -26 -55 -127 -179 57 -110 -223 -232 -197 -25 66 -6 147 -105 33 129 50 41 -90 23 155 64 103 199 69 85 160 -115 -38 -207 -102 -240 30 -166 -85 -224 190 -35 194 48 227 -148 -173 82 99 226 102 8 -247 2 24 -175 -37 161 188 -202 -139 -163 65 222 185 -63 135 -108 -75 13 -211 -215 117 47 -229 -78 -185 173 -128 -39 181 122 -2 59 18 1 116 45 104 -189 184 105 -107 98 -91 -56 231 -243 191 164 -21 -159 -89 89 -141 -191 247 31 -10 167 -96 -180 -80 -109 -184 10 -69 175 -9 -20 225 -17 198 7 153 93 -171 88 -117 72 -190 -172 -170 94 32 -178 -16 -144 -36 -45 178 -198 211 -162 27 141 -97 97 -30 125 -137 216 132 87 -138 43 110 -3 100 51 -61 214 -125 -66 56 22 235 -183 -122 -217 -135 -226 74 -155 62 -157 163 28 70 124 -167 71 -187 29 -227 -31 0 -126 -146 -71 106 21 79 197 154 169 150 -168 -73 34 -67 -101 186 -93 -186 243 -53 -206 -60 -41 -77 78 205 12 217 86 183 -222 245 174 84 80 -212 
TEST 199 ARG:190 -141 -139 -28 116 -126 150 71 75 38 86 187 122 210 244 -215 -90 -30 17 191 -206 212 0 161 228 151 1 90 -116 183 -129 -241 64 -96 -127 -158 -41 -91 206 -170 60 -239 83 -63 247 66 -189 -219 82 -174 44 15 79 -45 29 -111 132 205 -176 -194 -146 165 -89 -214 -133 -186 -29 -59 111 -143 -227 155 -36 227 -228 -147 -58 126 93 -123 51 192 -88 -236 -163 2 -151 197 -12 130 -54 43 -70 55 -175 -221 -199 -15 -156 231 -203 103 -172 146 -2 -125 -53 -140 -6 118 53 -113 49 -32 -52 173 148 109 -131 249 -17 101 223 225 5 -57 -164 -16 167 -117 -144 -212 58 -166 141 220 -211 213 140 -183 -149 135 30 -245 121 7 -248 -240 -179 -106 21 -87 -195 28 -181 242 243 233 -114 -249 246 136 128 26 -75 177 24 179 163 78 174 207 32 152 157 -238 -101 45 37 14 65 -160 -51 -82 74 -188 107 80 9 186 131 6 -85 245 -81 -40 -229 -167 -243 -145 170 34 172 -247 -37 -11 209 -95 52 -1 188 67 -232 164 -218 -193 56 -244 106 68 -61 -169 22 -204 -73 -200 -79 237 -68 -135 -197 241 -43 88 97 166 208 -67 81 -225 11 -9 -10 180 216 -39 73 85 -49 70 94 -24 153 -71 -142 176 -224 16 238 156 -178 133 -112 120 -242 -47 -62 4 -138 -209 -128 42 181 129 19 171 -78 -64 -76 18 240 -210 63 39 -220 20 76 -22 -97 -222 -173 -46 -153 -231 217 54 61 125 -234 105 201 -152 -72 -44 -182 -223 -205 144 -48 -31 -119 -150 -33 -5 -65 -21 33 8 119 -177 154 -27 -118 35 -4 -74 -93 -109 114 91 139 -19 214 232 -246 99 -100 235 -115 -148 143 59 48 -23 102 169 -98 -226 -84 -77 72 -99 -180 182 69 -208 -69 -202 123 -8 -38 226 195 -207 184 41 96 112 218 -132 224 230 138 110 185 46 27 -122 -237 189 142 12 168 -13 -108 95 47 222 149 -103 196 -161 40 117 -86 77 162 248 203 -55 -187 -105 -250 -124 62 -235 239 200 -26 -196 159 -157 127 10 -190 215 3 -162 113 -20 -14 -136 -7 -107 -104 175 -192 194 147 137 -154 -217 -168 229 57 100 -159 -42 -213 -130 108 -191 -120 -25 87 236 25 -184 -216 199 -185 -3 -35 -233 -50 -165 -121 134 234 -60 198 221 23 -198 145 -230 89 -18 -80 92 36 -66 -134 193 -94 115 98 -155 -110 -83 13 -171 -102 50 202 -201 -92 31 219 211 -137 204 84 -34 104 158 160 124 -56 178 
TEST 200 ARG:-31 -238 205 239 -19 -209 178 177 -2 -6 48 247 100 -114 -82 -138 -29 -137 47 112 -142 -135 8 -100 -220 -136 -128 44 234 233 -73 -177 175 70 -93 -109 101 -191 166 -174 35 -155 -112 156 180 -172 155 -94 -24 -108 -181 -40 137 125 -113 -49 53 -195 82 222 20 36 206 -221 85 -103 119 -35 64 -179 -69 -1 92 172 -125 12 149 9 26 -70 228 -156 111 -175 -106 -218 144 207 76 -178 -182 -141 152 -145 -122 -160 169 11 -226 160 -66 -184 43 -15 -241 66 -57 7 130 -27 238 72 -250 242 23 212 223 -166 -158 189 -98 161 107 -36 -99 69 -119 232 -133 -126 121 65 147 249 -81 128 -64 -157 83 140 -183 -75 -80 16 -44 218 41 105 -243 80 38 245 -32 75 -91 14 126 87 215 -140 -235 145 -76 117 -48 -83 192 209 139 120 88 -197 39 -152 -129 46 165 32 164 -89 -117 -51 -200 56 0 -121 89 63 237 248 -192 -237 -171 -173 184 188 -86 202 200 15 243 174 179 -202 -61 61 -154 -84 -38 -139 116 127 81 86 167 104 -249 -97 110 -236 176 122 -227 73 -102 198 148 -239 246 216 71 -228 173 187 -50 78 96 45 -205 -42 -88 99 106 30 229 -5 -101 -33 134 -162 94 -167 136 59 170 220 -190 186 -131 -77 -90 199 193 21 -124 95 -54 -23 25 -87 -4 27 -180 -208 54 57 34 -53 29 102 226 -7 -79 -217 50 5 241 115 -212 -231 181 68 240 -150 -110 31 -223 74 -71 -85 158 -68 -149 77 204 -34 -92 40 -211 154 183 -246 -115 -56 13 142 67 132 210 -116 -225 -206 -63 157 -229 123 33 79 -45 -60 22 42 -52 -233 153 -65 -43 -163 -194 244 -28 201 -12 -47 -193 -230 108 -134 196 -159 -207 -104 138 -204 97 -151 -188 150 -118 -213 197 -240 -234 -144 -146 -185 211 -153 -3 -232 235 60 -168 58 -127 -72 -247 -8 -199 -170 37 -14 -22 -169 236 227 90 131 -18 133 55 -107 28 162 -59 -219 -16 3 24 171 52 -37 -111 -147 194 -148 219 -17 124 -30 168 -55 -143 98 -39 10 208 51 190 182 118 159 -41 109 225 -96 -216 114 84 -21 -26 2 -210 -67 -10 143 93 224 -201 -248 -187 -132 -176 -9 185 -74 -13 17 195 -215 -105 -25 -161 -11 191 221 -95 -186 -123 217 230 -189 -130 151 19 -245 -58 -62 -214 214 129 62 113 -46 -244 1 -196 213 91 -20 146 141 163 135 4 103 6 -78 -242 -198 -120 49 -165 231 -222 -203 -164 -224 203 18 
TEST 201 ARG:48 -3 20 -40 -181 27 -145 167 105 -136 199 -142 -71 218 93 65 -66 -241 -4 63 -61 67 -156 -95 -117 -162 66 31 214 177 -118 -116 88 -167 -129 221 -91 245 153 -139 -107 141 37 191 165 24 -189 -158 182 -180 -216 -81 86 -84 -113 17 170 -90 -98 -222 -37 25 190 53 32 -92 247 120 -69 146 -68 -56 54 82 228 -79 -2 83 248 239 -213 -126 -146 -217 240 47 58 80 180 2 -87 -247 192 -52 203 -202 70 211 -28 -246 36 140 -207 -197 -170 -182 201 -134 -70 -218 -137 -124 -96 5 -15 -140 148 -29 131 -164 108 -86 96 -67 91 -160 -163 85 113 -204 -115 124 10 -153 138 -45 231 -110 79 -248 118 -80 -238 154 16 122 -179 -150 208 38 241 34 -154 -168 42 -144 26 159 200 -38 23 18 60 230 -94 -133 126 172 -54 100 -109 99 87 7 28 -34 -173 13 244 212 117 -232 243 12 171 188 225 39 -36 -199 183 -59 227 184 -64 107 -184 -193 41 217 130 -43 246 155 -240 233 90 -10 81 194 -8 -30 101 160 -186 150 -127 -11 -35 163 -228 -234 -101 -24 213 -13 62 237 -138 137 -169 -151 121 -214 -44 -178 -60 -135 40 46 161 123 56 116 71 249 102 35 -17 220 103 45 136 -125 -210 -46 -165 173 15 -104 -176 197 -230 -73 78 -76 -97 147 4 -190 134 -215 -152 202 -141 236 76 84 -147 -7 -128 -212 98 195 152 -194 49 -243 -55 -229 110 206 -196 -99 -5 -6 135 -22 106 21 -89 119 143 -157 -148 -187 -143 -51 111 -172 19 22 51 145 187 95 29 -166 -120 75 223 -27 142 157 -203 139 59 114 55 174 -183 -21 -201 185 89 -88 -57 176 226 -225 -195 -48 44 -171 -236 189 151 -223 198 -31 57 178 -155 -47 -112 -16 -175 64 210 164 -65 -206 -244 207 215 -233 205 -242 68 -58 232 -191 -18 11 -174 169 -20 144 -108 -220 186 234 132 179 -119 -83 -78 -42 -221 -121 -26 -209 242 133 -245 125 162 158 -72 -23 -161 -177 -25 50 224 -114 -227 104 92 -12 -237 219 -39 109 -123 52 3 14 238 74 -19 -82 -239 204 -211 43 0 -250 33 156 -102 6 97 -226 -32 128 -33 115 235 209 -208 -131 166 72 30 -49 -1 -53 -50 -62 -100 -192 168 69 -75 9 -106 181 94 216 -77 112 -103 -9 149 127 -41 196 -74 -130 129 -219 -185 193 77 -63 229 222 -85 -14 -132 -122 -198 -105 -159 -111 8 -249 -149 -188 73 61 -224 -93 175 -200 -231 -235 1 -205 
OK
All size test
OK
